tahun,provinsi,kabupaten_kota,timbulan_harian_ton,timbulan_tahunan_ton,pengurangan_ton,pct_pengurangan,penanganan_ton,pct_penanganan,terkelola_ton,pct_terkelola,daur_ulang_ton,bahan_baku_ton,recycling_rate,periode,komposisi_makanan_pct,komposisi_kayu_pct,komposisi_kertas_pct,komposisi_plastik_pct,komposisi_logam_pct,komposisi_kain_pct,komposisi_karet_pct,komposisi_kaca_pct,komposisi_lainnya_pct,gap_tidak_tertangani_ton,kategori_pengelolaan
2025,Aceh,Kab. Aceh Timur,184.56,67363.09,0,0,0,0,,,,,,,25,27,9,15,7,5,5,7,,,Sangat Kurang (<30%)
2025,Aceh,Kab. Aceh Tengah,115.01,41977.88,0,0,1124.57,2.68,1124.57,2.68,0,1124.57,2.68,P 2,22,18,7,26,3,11,5,5,3,40854.08,Sangat Kurang (<30%)
2025,Aceh,Kab. Aceh Barat,84.39,30802.93,398.04,1.29,27860.24,90.45,28258.29,91.74,342.74,7734.14,26.22,P 2,46.05,16.97,8.25,18.94,0.6,3.63,1.17,1.13,3.26,2544.06,Baik (>80%)
2025,Aceh,Kab. Pidie,182.78,66713.53,0,0,0,0,,,,,,,8.5,7.5,19.3,35.7,4,1,3,2,19,,Sangat Kurang (<30%)
2025,Aceh,Kab. Aceh Utara,320.5,116983.78,0,0,1444.15,1.23,1444.15,1.23,0,1444.15,1.23,P 2,40,10,15,25,5,2,1,1,1,115538.35,Sangat Kurang (<30%)
2025,Aceh,Kab. Simeulue,46.23,16874.05,0,0,821.25,4.87,821.25,4.87,0,821.25,4.87,P 2,24.8,20.3,10.1,25.7,10.2,2.6,1.8,1.5,3,16052.7,Sangat Kurang (<30%)
2025,Aceh,Kab. Aceh Singkil,56,20440,0,0,2277.5,11.14,2277.5,11.14,0,2277.5,11.14,P 2,30,10,15,22,2,5,3,2,11,18162.5,Sangat Kurang (<30%)
2025,Aceh,Kab. Nagan Raya,72.78,26565.14,10.68,0.04,18732.4,70.51,18743.08,70.56,0.58,8840.9,33.28,P 2,47,5,2,35,1,2,3,1,4,7821.62,Cukup (60-80%)
2025,Aceh,Kota Banda Aceh,241.17,88025.52,914.66,1.04,57393.78,65.2,58308.44,66.24,905.76,15166.93,18.26,P 2,29.48,23.59,6.34,25.75,0.49,1.87,0.19,1.47,10.82,29718.61,Cukup (60-80%)
2025,Aceh,Kota Sabang,21.14,7716.16,0,0,0,0,,,,,,,20,10,5,20,10,5,5,15,10,,Sangat Kurang (<30%)
2025,Aceh,Kota Lhokseumawe,102.03,37239.37,0,0,0,0,,,,,,,54.4,2.28,15.04,15.03,2.12,0.16,0.82,1.01,9.14,,Sangat Kurang (<30%)
2025,Aceh,Kota Langsa,91.96,33564.31,0,0,0,0,,,,,,,36.2,15.5,10.5,14.3,3.5,4.3,2,3.2,10.5,,Sangat Kurang (<30%)
2025,Aceh,Kota Subulussalam,52.78,19263.42,0,0,0,0,,,,,,,20,15,20,20,2,5,5,3,10,,Sangat Kurang (<30%)
2025,Sumatera Utara,Kab. Simalungun,533.75,194818.57,0,0,0,0,,,,,,,5.5,1.93,15.44,20.46,0.37,7.7,4.5,8.6,35.5,,Sangat Kurang (<30%)
2025,Sumatera Utara,Kab. Toba,109.79,40073.35,0,0,0,0,,,,,,,19.15,11.47,2.13,12.18,1.25,9.56,15.23,9.45,19.58,,Sangat Kurang (<30%)
2025,Sumatera Utara,Kab. Humbang Hasundutan,103.54,37791.37,0,0,26548.05,70.25,26548.05,70.25,0,1892.3,5.01,P 2,19,48,10,13,3,1,0.2,0.8,5,11244.05,Cukup (60-80%)
2025,Sumatera Utara,Kota Tanjung Balai,94.03,34321.5,0,0,0,0,,,,,,,64.02,1.94,9.5,13.98,0.6,0.9,0.28,0.53,8.25,,Sangat Kurang (<30%)
2025,Sumatera Barat,Kab. Pesisir Selatan,160.14,58449.57,0,0,0,0,,,,,,,20.4,19.6,23,19,16,0.42,1.58,,,,Sangat Kurang (<30%)
2025,Sumatera Barat,Kab. Solok,164.17,59922.78,90.6,0.15,15277.59,25.5,15368.18,25.65,73,7612.59,12.83,P 2,35.5,15,13.5,23,3,2.5,2,2,3.5,44553.87,Sangat Kurang (<30%)
2025,Sumatera Barat,Kab. Tanah Datar,132.47,48349.91,0,0,0,0,,,,,,,69.34,,8.63,6,2.24,1.57,,3.33,8.89,,Sangat Kurang (<30%)
2025,Sumatera Barat,Kab. Padang Pariaman,22.96,8379.85,0,0,0,0,,,,,,,,,,,,,,,,,Sangat Kurang (<30%)
2025,Sumatera Barat,Kab. Agam,223.96,81746.46,0,0,0,0,,,,,,,,,,,,,,,,,Sangat Kurang (<30%)
2025,Sumatera Barat,Kab. Solok Selatan,67.68,24702.03,49.16,0.2,13274.99,53.74,13324.15,53.94,0,7913.15,32.03,P 2,34.35,0.78,16.35,25.69,0.13,0.59,0.55,2.31,19.25,11379.05,Kurang (30-60%)
2025,Sumatera Barat,Kota Sawahlunto,19.24,7024.21,129.26,1.84,6357.8,90.51,6487.06,92.35,128.3,1236.85,19.43,P 2,46,10,11,14,3,5,4,5,2,535.54,Baik (>80%)
2025,Sumatera Barat,Kota Payakumbuh,97.39,35546.69,5.6,0.02,5612.04,15.79,5617.64,15.8,0,5612.04,15.79,P 2,48.25,9.81,15.45,17.47,2.01,1.17,0.45,0.89,4.5,29929.71,Sangat Kurang (<30%)
2025,Sumatera Barat,Kota Pariaman,41.76,15241.09,0,0,2142.06,14.05,2142.06,14.05,0,2142.06,14.05,P 2,,,,,,,,,,13100.34,Sangat Kurang (<30%)
2025,Riau,Kab. Siak,198.3,72380.96,0,0,0,0,,,,,,,39,15,10,26,1,2,2,3,2,,Sangat Kurang (<30%)
2025,Riau,Kota Pekanbaru,1050.84,383556.27,0,0,0,0,,,,,,,32.58,11.89,6.45,37.57,7.62,0.03,,0.05,3.81,,Sangat Kurang (<30%)
2025,Riau,Kota Dumai,177.63,64834.22,0,0,0,0,,,,,,,48.97,7.5,5.3,8.95,2.27,3.72,2.5,2.79,18,,Sangat Kurang (<30%)
2025,Jambi,Kab. Batanghari,128.11,46761.03,0,0,0,0,,,,,,,,,,,,,,,,,Sangat Kurang (<30%)
2025,Sumatera Selatan,Kab. Ogan Komering Ulu,156.02,56947.01,0,0,0,0,,,,,,,35,25,10,15,7,3,2,3,,,Sangat Kurang (<30%)
2025,Sumatera Selatan,Kab. Musi Banyuasin,288.22,105199.57,0,0,0,0,,,,,,,,,,,,,,,,,Sangat Kurang (<30%)
2025,Sumatera Selatan,Kab. Ogan Komering Ulu Timur,282.53,103124.76,0,0,0,0,,,,,,,12,9,22,27,3,5,3,2,17,,Sangat Kurang (<30%)
2025,Sumatera Selatan,Kab. Ogan Komering Ulu Selatan,162.78,59412.95,0,0,34851.66,58.66,34851.66,58.66,0,1768.06,2.98,P 2,48,16,16,11,3,2,1,1,2,24563.04,Kurang (30-60%)
2025,Sumatera Selatan,Kab. Penukal Abab Lematang Ilir,107.4,39200.09,0,0,0,0,,,,,,,54.33,1.26,10.86,21.7,0.37,2.12,0.53,1.68,7.15,,Sangat Kurang (<30%)
2025,Sumatera Selatan,Kota Pagar Alam,78.13,28515.63,0,0,17530.95,61.48,17530.95,61.48,0,109.5,0.38,P 2,34.2,12.3,7.2,32.4,2.3,2.7,2.7,1.2,5,10986.5,Cukup (60-80%)
2025,Sumatera Selatan,Kota Prabumulih,102.95,37577.66,13.21,0.04,7667.11,20.4,7680.33,20.44,0,7667.11,20.4,P 2,42.88,1.44,9.02,39.72,4,0.04,0.09,2.8,0.01,29896.42,Sangat Kurang (<30%)
2025,Bengkulu,Kab. Seluma,108.75,39695.03,0,0,0,0,,,,,,,80,8.5,5,2,0.5,1,,,3,,Sangat Kurang (<30%)
2025,Bengkulu,Kab. Lebong,46.47,16960.67,0,0,0,0,,,,,,,64.45,8.58,8.56,12.84,0.2,0.89,1.6,0.73,2.1,,Sangat Kurang (<30%)
2025,Bengkulu,Kab. Bengkulu Tengah,61.34,22387.82,0,0,194.73,0.87,194.73,0.87,0,194.73,0.87,P 2,,,,,,,,,,22194.37,Sangat Kurang (<30%)
2025,Bengkulu,Kota Bengkulu,203.92,74431.35,0,0,0,0,,,,,,,65,3,13,11,1,1,1,1,4,,Sangat Kurang (<30%)
2025,Lampung,Kab. Lampung Selatan,780.07,284724.35,0.16,0,142.42,0.05,142.58,0.05,0,142.42,0.05,P 2,65,1,11,14,3.5,1,1,2.5,1,284582.97,Sangat Kurang (<30%)
2025,Lampung,Kab. Lampung Tengah,686.29,250495.7,0,0,0,0,,,,,,,41,,2,24,1,19,8,3,2,,Sangat Kurang (<30%)
2025,Lampung,Kab. Lampung Utara,270.25,98641.4,0,0,0,0,,,,,,,,,,,,,,,,,Sangat Kurang (<30%)
2025,Lampung,Kab. Lampung Barat,127.87,46670.8,0,0,0,0,,,,,,,,,,,,,,,,,Sangat Kurang (<30%)
2025,Lampung,Kab. Tulang Bawang,176.02,64245.84,0,0,9.34,0.01,9.34,0.01,0,9.34,0.01,P 2,70,13,5,6,,,,,6,64237.96,Sangat Kurang (<30%)
2025,Lampung,Kab. Tanggamus,375.42,137029.76,56.68,0.04,20423.18,14.9,20479.86,14.95,0,9207.18,6.72,P 2,31,25,13,21,1,1,1,2,5,116548.44,Sangat Kurang (<30%)
2025,Lampung,Kab. Way Kanan,198.02,72278.47,0,0,0,0,,,,,,,,,,,,,,,,,Sangat Kurang (<30%)
2025,Lampung,Kab. Pesawaran,200.42,73152.86,214.56,0.29,4860.93,6.64,5075.49,6.94,0,4860.93,6.64,P 2,23,20,10,15,15,3,,10,4,68077.81,Sangat Kurang (<30%)
2025,Lampung,Kab. Mesuji,97.58,35615.53,0,0,0,0,,,,,,,20,40,10,20,,3,,7,,,Sangat Kurang (<30%)
2025,Lampung,Kab. Tulang Bawang Barat,119.48,43609.62,0,0,0,0,,,,,,,74.51,4.55,,17.73,0.21,0.63,0.15,0.94,1.28,,Sangat Kurang (<30%)
2025,Lampung,Kab. Pesisir Barat,69.48,25360.2,25.2,0.1,0,0,25.2,0.1,0,0,0,P 2,42.5,19.2,9.5,21.1,0.6,2,0.9,1.2,3,25335,Sangat Kurang (<30%)
2025,Kepulauan Bangka Belitung,Kab. Bangka Selatan,87.96,32105.98,0,0,0,0,,,,,,,15,15,15,30,10,5,7,1,2,,Sangat Kurang (<30%)
2025,Kepulauan Bangka Belitung,Kab. Bangka Tengah,116.04,42355.8,38.56,0.09,8257.68,19.5,8296.24,19.59,37.23,8257.68,19.58,P 2,41.9,8.5,3.8,14.3,3.9,4.9,,5.5,17.2,34058.36,Sangat Kurang (<30%)
2025,Kepulauan Bangka Belitung,Kab. Bangka Barat,87.61,31977.94,19.93,0.06,8233.49,25.75,8253.42,25.81,18.26,568.49,1.83,P 2,41,6.5,19,15.4,1.8,0.5,2.8,10,3,23724.23,Sangat Kurang (<30%)
2025,Kepulauan Bangka Belitung,Kab. Belitung Timur,53.22,19425.74,0,0,1211.45,6.24,1211.45,6.24,0,1211.45,6.24,P 2,57,,5,17,2,2,2,1,14,18213.85,Sangat Kurang (<30%)
2025,Kepulauan Riau,Kab. Bintan,60.18,21964.66,256.99,1.17,17338.04,78.94,17595.04,80.11,239.08,1304.61,7.03,P 2,40.32,5.6,10.41,27.35,0.97,1.94,0.36,1.31,11.74,4370.66,Baik (>80%)
2025,Kepulauan Riau,Kab. Natuna,33.84,12351.6,0,0,0,0,,,,,,,,,,,,,,,,,Sangat Kurang (<30%)
2025,DKI Jakarta,Kab. Adm. Kep. Seribu,24.42,8913.39,662,7.43,1532.17,17.19,2194.17,24.62,599.06,1532.17,23.91,P 2,,,,,,,,,,6719.13,Sangat Kurang (<30%)
2025,DKI Jakarta,Kota Adm. Jakarta Pusat,858.09,313203.39,0,0,0,0,,,,,,,,,,,,,,,,,Sangat Kurang (<30%)
2025,DKI Jakarta,Kota Adm. Jakarta Utara,1711.55,624714.06,586.19,0.09,188242.99,30.13,188829.19,30.23,586.19,142701.94,22.94,P 2,,,,,,,,,,435886.56,Kurang (30-60%)
2025,DKI Jakarta,Kota Adm. Jakarta Barat,2213.61,807966.6,0,0,0,0,,,,,,,,,,,,,,,,,Sangat Kurang (<30%)
2025,DKI Jakarta,Kota Adm. Jakarta Selatan,2005.43,731982.61,35.27,0,219993.45,30.05,220028.72,30.06,35.27,204213.77,27.9,P 2,49.87,3.18,17.24,22.95,1.08,0.9,0.7,1.48,2.6,511953.23,Kurang (30-60%)
2025,DKI Jakarta,Kota Adm. Jakarta Timur,2374.14,866562.58,0,0,0,0,,,,,,,49.87,3.18,17.24,22.95,17.24,0.9,0.7,1.48,2.6,,Sangat Kurang (<30%)
2025,Jawa Barat,Kab. Ciamis,506.53,184884.18,0,0,0,0,,,,,,,38,0.4,16,20,10,4,1,10.2,0.4,,Sangat Kurang (<30%)
2025,Jawa Barat,Kab. Cirebon,1254.86,458024.45,0,0,10214.13,2.23,10214.13,2.23,0,10214.13,2.23,P 2,,,,,,,,,,447809.77,Sangat Kurang (<30%)
2025,Jawa Barat,Kab. Sumedang,490.66,179092.36,100.35,0.06,22321.32,12.46,22421.67,12.52,98.55,22321.32,12.52,P 2,30,7.5,10.5,27.5,3,4.5,2.5,6.5,8,156669.23,Sangat Kurang (<30%)
2025,Jawa Barat,Kab. Indramayu,1148.42,419174.73,3452.55,0.82,106447.32,25.39,109899.86,26.22,3124.4,35338.67,9.18,P 2,45.17,15.06,8.47,13.78,0.16,1.49,0.21,1.3,14.36,309273.44,Sangat Kurang (<30%)
2025,Jawa Barat,Kab. Subang,670.21,244625.77,0,0,0,0,,,,,,,55,5,10,14,5,4,3,2,2,,Sangat Kurang (<30%)
2025,Jawa Barat,Kab. Bandung Barat,690.63,252080.79,630.72,0.25,83168.09,32.99,83798.81,33.24,630.72,83168.09,33.24,P 2,,,,,,,,,,168281.14,Kurang (30-60%)
2025,Jawa Barat,Kota Bogor,726.86,265303.9,0,0,0,0,,,,,,,45.27,6.21,9.51,21.99,0.59,2.14,0.42,1.2,12.67,,Sangat Kurang (<30%)
2025,Jawa Barat,Kota Cirebon,218.54,79767.7,0,0,0,0,,,,,,,49.22,11.76,5.56,19.01,0.71,1.76,0.58,1.43,9.97,,Sangat Kurang (<30%)
2025,Jawa Barat,Kota Bekasi,1850.84,675556.82,0,0,0,0,,,,,,,65.2,7.2,4.2,15.6,0.2,6.3,0.5,0.5,0.3,,Sangat Kurang (<30%)
2025,Jawa Barat,Kota Depok,1279.1,466870.19,1095,0.23,75897.19,16.26,76992.19,16.49,1095,75897.19,16.49,P 2,,,,,,,,,,389879.31,Sangat Kurang (<30%)
2025,Jawa Barat,Kota Tasikmalaya,340.42,124254.94,60.45,0.05,22589.92,18.18,22650.37,18.23,60.45,22589.92,18.23,P 2,25.3,14.96,12.19,31.53,0.87,3.4,,4.28,7.47,101602.93,Sangat Kurang (<30%)
2025,Jawa Barat,Kota Banjar,87.63,31984.66,7657.09,23.94,23226.42,72.62,30883.5,96.56,7657.09,7115.32,46.19,P 2,,,,,,,,,,1101.45,Baik (>80%)
2025,Jawa Tengah,Kab. Banyumas,738.84,269676.16,0,0,0,0,,,,,,,45,13,8,20,2,3,2,2,5,,Sangat Kurang (<30%)
2025,Jawa Tengah,Kab. Klaten,655.76,239352.07,0,0,0,0,,,,,,,60,5,5,20,0.5,5,3,0.5,1,,Sangat Kurang (<30%)
2025,Jawa Tengah,Kab. Jepara,460.51,168085.3,0,0,0,0,,,,,,,53.31,0.96,8.79,23.36,0.69,2.44,0.94,1.16,8.35,,Sangat Kurang (<30%)
2025,Jawa Tengah,Kab. Demak,632.61,230903.38,0,0,0,0,,,,,,,39.69,12.9,12.08,17.89,3.26,2.49,1.75,2.36,7.58,,Sangat Kurang (<30%)
2025,Jawa Tengah,Kab. Semarang,544.36,198693.04,0,0,0,0,,,,,,,71.56,1.58,4.25,18.52,0.27,0.18,,0.38,3.26,,Sangat Kurang (<30%)
2025,Jawa Tengah,Kab. Pekalongan,407.6,148774.88,1834.64,1.23,41348.46,27.79,43183.1,29.03,97.61,41348.46,27.86,P 2,32.1,14,9.4,28.2,2.3,2.2,1.6,1.2,9,105590.9,Sangat Kurang (<30%)
2025,Jawa Tengah,Kota Surakarta,421.48,153840.85,0,0,0,0,,,,,,,49.55,14.97,7.17,10.29,0.2,2.38,0.18,0.51,14.75,,Sangat Kurang (<30%)
2025,Daerah Istimewa Yogyakarta,Kab. Kulon Progo,219.96,80286.09,17918.34,22.32,25989.57,32.37,43907.91,54.69,17461.26,14408.12,39.69,P 2,25,27.35,9.66,17.68,2.63,2.75,2,1.72,11.21,36377.49,Kurang (30-60%)
2025,Daerah Istimewa Yogyakarta,Kab. Bantul,421.52,153853.22,0,0,0,0,,,,,,,43.74,14.54,9.19,30.31,0.19,0.31,0.01,0.3,1.41,,Sangat Kurang (<30%)
2025,Daerah Istimewa Yogyakarta,Kab. Gunungkidul,368.57,134529.18,244.82,0.18,53161.25,39.52,53406.07,39.7,138.08,31881.75,23.8,P 2,47,4,15,15,1,1,0.2,1,6,81121.98,Kurang (30-60%)
2025,Daerah Istimewa Yogyakarta,Kab. Sleman,585.3,213633.38,8852.57,4.14,47683.56,22.32,56536.13,26.46,8852.57,25274.38,15.97,P 2,46.49,,17.08,32.77,0.99,0.16,0.03,0.57,1.91,157098.37,Sangat Kurang (<30%)
2025,Daerah Istimewa Yogyakarta,Kota Yogyakarta,300.64,109733.6,0,0,0,0,,,,,,,48.35,0.24,15.92,30.55,0.57,1.24,0.37,0.93,1.83,,Sangat Kurang (<30%)
2025,Jawa Timur,Kab. Ponorogo,391.6,142935.17,0,0,0,0,,,,,,,44.75,0.36,16.53,21.89,0.48,6.62,1.43,0.6,7.34,,Sangat Kurang (<30%)
2025,Jawa Timur,Kab. Blitar,416.36,151971.64,0,0,0,0,,,,,,,40,15,12.55,15,0.9,1.94,0.52,0.92,13.17,,Sangat Kurang (<30%)
2025,Jawa Timur,Kab. Malang,976,356238.93,0,0,257373.8,72.25,257373.8,72.25,0,42863.3,12.03,P 2,,,,,,,,,,98866.2,Cukup (60-80%)
2025,Jawa Timur,Kab. Jember,1040.27,379696.8,0,0,0,0,,,,,,,,,,,,,,,,,Sangat Kurang (<30%)
2025,Jawa Timur,Kab. Banyuwangi,842.14,307381.4,0,0,0,0,,,,,,,60.59,10.36,5.77,14.75,0.53,0.43,0.06,1.19,6.32,,Sangat Kurang (<30%)
2025,Jawa Timur,Kab. Situbondo,256.63,93669.45,0,0,0,0,,,,,,,,,,,,,,,,,Sangat Kurang (<30%)
2025,Jawa Timur,Kab. Sidoarjo,892.26,325676.56,0,0,213600.82,65.59,213600.82,65.59,0,17998,5.53,P 2,,,,,,,,,,112074.08,Cukup (60-80%)
2025,Jawa Timur,Kab. Mojokerto,450.9,164577.1,890.24,0.54,89043.11,54.1,89933.34,54.65,890.24,56193.11,34.68,P 2,,,,,,,,,,74645.16,Kurang (30-60%)
2025,Jawa Timur,Kab. Jombang,534.39,195051.91,48.31,0.02,112070.4,57.46,112118.71,57.48,47.89,41001.24,21.05,P 2,50,12.8,10,18,1,2,0.6,1.6,4,82933.64,Kurang (30-60%)
2025,Jawa Timur,Kab. Nganjuk,459.44,167697.21,0,0,0,0,,,,,,,61.5,2,13.1,12.3,6,1,1,1,2.1,,Sangat Kurang (<30%)
2025,Jawa Timur,Kab. Madiun,295.3,107783.04,25667.88,23.81,41532.58,38.53,67200.46,62.35,25051.78,25764.58,47.15,P 2,57.7,1.32,11.4,25.7,1.33,0.65,0.02,0.92,0.96,40584.04,Cukup (60-80%)
2025,Jawa Timur,Kab. Bojonegoro,368.88,134641.67,0,0,0,0,,,,,,,66.7,5.3,8.3,16.2,0.8,0.8,0.5,0.6,0.8,,Sangat Kurang (<30%)
2025,Jawa Timur,Kab. Tuban,531.89,194138.51,14962.12,7.71,111289.92,57.33,126252.04,65.03,14040.37,36282.42,25.92,P 2,58.52,15.32,5.78,11.02,0.17,1.62,0.1,1.33,6.14,67887.81,Cukup (60-80%)
2025,Jawa Timur,Kab. Bangkalan,422.08,154058.03,0,0,0,0,,,,,,,52.32,15.32,9.72,14.97,0.43,1.02,0.29,2.93,3,,Sangat Kurang (<30%)
2025,Jawa Timur,Kab. Sampang,516.96,188691.5,0,0,0,0,,,,,,,43,10,5,13,1,2,1,5,20,,Sangat Kurang (<30%)
2025,Jawa Timur,Kota Kediri,177.84,64911.66,47.64,0.07,3978,6.13,4025.64,6.2,35.26,3978,6.18,P 2,,,,,,,,,,60885.96,Sangat Kurang (<30%)
2025,Jawa Timur,Kota Malang,732.14,267230.53,839.53,0.31,263772.85,98.71,264612.38,99.02,827.91,84694.72,32,P 2,,,,,,,,,,2618.72,Baik (>80%)
2025,Jawa Timur,Kota Pasuruan,149.43,54541.33,0,0,49564.85,90.88,49564.85,90.88,0,11155.9,20.45,P 2,,,,,,,,,,4977.1,Baik (>80%)
2025,Jawa Timur,Kota Surabaya,1806.93,659530.76,2091.04,0.32,654283.61,99.2,656374.65,99.52,2007.5,61545.51,9.64,P 2,34.48,20.61,5.89,16.51,0.4,3.46,1.54,1.01,16.1,3154.8,Baik (>80%)
2025,Banten,Kab. Lebak,620.61,226522.8,0,0,0,0,,,,,,,30,12,10,15,8,5,5,10,5,,Sangat Kurang (<30%)
2025,Banten,Kota Serang,632.64,230913.93,0,0,0,0,,,,,,,67.32,4.4,7.05,20.05,0.33,0.13,0.17,0.5,0.05,,Sangat Kurang (<30%)
2025,Bali,Kab. Badung,489.34,178610.34,0,0,0,0,,,,,,,17.12,20.23,6.82,16.28,1.76,1.19,2.11,9.42,25.07,,Sangat Kurang (<30%)
2025,Bali,Kab. Klungkung,114.87,41926.56,0,0,0,0,,,,,,,30.05,36.71,10.05,12.3,0.68,2.48,1.02,1.35,5.36,,Sangat Kurang (<30%)
2025,Bali,Kab. Bangli,114.7,41867.11,0,0,0,0,,,,,,,27.7,45.1,5.3,11.3,5.7,1.3,0.3,1.2,2.1,,Sangat Kurang (<30%)
2025,Bali,Kab. Karangasem,291.8,106506.31,0,0,0,0,,,,,,,10,50,11,20,2,0.02,0.04,2,4.94,,Sangat Kurang (<30%)
2025,Bali,Kab. Buleleng,414.08,151138.47,0,0,123003.7,81.38,123003.7,81.38,0,21705.25,14.36,P 2,4,68.41,6.69,14.69,0.23,1.79,0.52,0.77,2.9,28135.5,Baik (>80%)
2025,Nusa Tenggara Barat,Kab. Lombok Barat,305.1,111362.52,0,0,0,0,,,,,,,25.5,27.5,11.5,14.5,5.6,4.5,3.5,3.5,3.9,,Sangat Kurang (<30%)
2025,Nusa Tenggara Barat,Kab. Sumbawa Barat,64.88,23682.81,0,0,0,0,,,,,,,28,20,18,32,2,,,,,,Sangat Kurang (<30%)
2025,Nusa Tenggara Timur,Kab. Kupang,157.25,57394.79,0,0,0,0,,,,,,,44,21,6,12,2,6,3,1,5,,Sangat Kurang (<30%)
2025,Nusa Tenggara Timur,Kab. Timor Tengah Utara,109.64,40019.18,0,0,0,0,,,,,,,41,13,12.2,17,4.4,3.7,1.9,3.2,3.6,,Sangat Kurang (<30%)
2025,Nusa Tenggara Timur,Kab. Belu,92.57,33789.07,0,0,0,0,,,,,,,18.75,20.51,10.74,21.09,7.81,2.34,4.31,5.86,8.59,,Sangat Kurang (<30%)
2025,Nusa Tenggara Timur,Kab. Sikka,139.41,50884.07,9.13,0.02,1882.31,3.7,1891.43,3.72,9.13,1882.31,3.72,P 2,40,17,5,20,6,3,2,3,4,48993.22,Sangat Kurang (<30%)
2025,Nusa Tenggara Timur,Kab. Ende,112.58,41093.45,3.65,0.01,12,0.03,15.65,0.04,3.65,12,0.04,P 2,33.75,20,12.5,13.75,0.5,5,0.5,0.5,13.5,41076.05,Sangat Kurang (<30%)
2025,Nusa Tenggara Timur,Kab. Ngada,121.86,44479.48,0,0,8270.9,18.59,8270.9,18.59,0,2073.2,4.66,P 2,25,20,10,10,10,10,5,5,5,36208,Sangat Kurang (<30%)
2025,Nusa Tenggara Timur,Kab. Manggarai,139.93,51076.06,0,0,0,0,,,,,,,37.82,0.44,16.25,26.27,2.09,1,0.3,3.75,12.08,,Sangat Kurang (<30%)
2025,Nusa Tenggara Timur,Kab. Rote Ndao,60.21,21976.07,0,0,361.39,1.64,361.39,1.64,0,361.39,1.64,P 2,40,15,10,20,4,3,3,3,2,21615.26,Sangat Kurang (<30%)
2025,Nusa Tenggara Timur,Kab. Manggarai Barat,147.31,53768.7,0,0,0,0,,,,,,,35,13,10,29,5,1,3,4,,,Sangat Kurang (<30%)
2025,Nusa Tenggara Timur,Kab. Nagekeo,66.09,24123.73,0,0,0,0,,,,,,,42,28,5,15,2.8,3,1,2.1,1.1,,Sangat Kurang (<30%)
2025,Nusa Tenggara Timur,Kab. Sumba Tengah,36.94,13483.68,0,0,0,0,,,,,,,35,17,17,20,2,2,1,1,5,,Sangat Kurang (<30%)
2025,Nusa Tenggara Timur,Kab. Sumba Barat Daya,151.51,55300.57,0,0,0,0,,,,,,,25,20,5,20,5,7,5,5,8,,Sangat Kurang (<30%)
2025,Nusa Tenggara Timur,Kab. Sabu Raijua,37.91,13838.9,1825,13.19,1843.25,13.32,3668.25,26.51,1825,1843.25,26.51,P 2,14,24,22,25,9,1,1,3,1,10168.9,Sangat Kurang (<30%)
2025,Nusa Tenggara Timur,Kab. Malaka,77.4,28252.46,9786.2,34.64,0,0,9786.2,34.64,9786.2,0,34.64,P 2,31.28,30.22,10.38,13.23,0.86,3.21,2.1,1.15,7.57,18464.8,Kurang (30-60%)
2025,Nusa Tenggara Timur,Kota Kupang,237.4,86651.18,20292.82,23.42,8371.04,9.66,28663.85,33.08,20292.82,8371.04,33.08,P 2,29,17,13,19.5,4.25,3,2.8,3.3,8.15,57987.15,Kurang (30-60%)
2025,Kalimantan Barat,Kab. Sambas,394.65,144045.72,9.59,0.01,14444.57,10.03,14454.16,10.03,1.96,1669.57,1.16,P 2,40,5.6,14.2,25,0.3,1,0.9,2,11,129593.09,Sangat Kurang (<30%)
2025,Kalimantan Barat,Kab. Mempawah,94.94,34651.82,0,0,0,0,,,,,,,40.25,12.93,11.33,18.07,3.05,2.59,2.14,2.21,7.43,,Sangat Kurang (<30%)
2025,Kalimantan Barat,Kab. Sanggau,258.36,94299.58,0,0,913,0.97,913,0.97,0,913,0.97,P 2,,,,,,,,,,93388.4,Sangat Kurang (<30%)
2025,Kalimantan Barat,Kab. Ketapang,303.52,110786.44,0,0,0,0,,,,,,,,,,,,,,,,,Sangat Kurang (<30%)
2025,Kalimantan Barat,Kab. Kapuas Hulu,139.21,50813.11,6.07,0.01,0,0,6.07,0.01,0,0,0,P 2,44.77,1.32,12.8,28.62,2.2,1.51,2.56,2.29,3.93,50805.58,Sangat Kurang (<30%)
2025,Kalimantan Barat,Kab. Bengkayang,121.37,44299.61,0,0,0,0,0,0,0,0,0,P 2,,,,,,,,,,44300.05,Sangat Kurang (<30%)
2025,Kalimantan Barat,Kab. Kayong Utara,68.65,25055.43,109.5,0.44,1056.68,4.22,1166.18,4.65,109.5,1056.68,4.65,P 2,39.31,12.54,11.21,19.74,3.43,2.53,2.11,2.35,,23891.07,Sangat Kurang (<30%)
2025,Kalimantan Barat,Kab. Kubu Raya,462.28,168732.2,0,0,13.09,0.01,13.09,0.01,0,13.09,0.01,P 2,,,,,,,,,,168719.11,Sangat Kurang (<30%)
2025,Kalimantan Barat,Kota Singkawang,108.74,39688.42,0,0,4717.6,11.89,4717.6,11.89,0,4717.6,11.89,P 2,76,,8.4,7.8,3.6,,,,4.2,34972.5,Sangat Kurang (<30%)
2025,Kalimantan Tengah,Kab. Kotawaringin Barat,141.4,51609.18,0,0,0,0,,,,,,,51,8,13,10,2,2,2,1,11,,Sangat Kurang (<30%)
2025,Kalimantan Tengah,Kab. Kotawaringin Timur,245.44,89584.91,90.67,0.1,11065.21,12.35,11155.88,12.45,0,11065.21,12.35,P 2,35,8,15,30,3,2,2,1,4,78429.72,Sangat Kurang (<30%)
2025,Kalimantan Tengah,Kab. Kapuas,215.09,78507.85,0,0,0,0,,,,,,,40.1,1.7,10.9,33.5,1.6,1.2,,1.1,9.9,,Sangat Kurang (<30%)
2025,Kalimantan Tengah,Kab. Barito Utara,65.05,23742.81,0,0,0,0,,,,,,,34,12,10,20,5,5,2,2,10,,Sangat Kurang (<30%)
2025,Kalimantan Tengah,Kab. Pulang Pisau,72.33,26401,0,0,646.05,2.45,646.05,2.45,0,646.05,2.45,P 2,23.51,26.74,13.31,25.13,3.19,2.41,0.83,1.79,3.09,25754.4,Sangat Kurang (<30%)
2025,Kalimantan Tengah,Kab. Barito Timur,46.67,17032.94,0,0,0,0,,,,,,,32,9,7,37,1,5,6.5,1.2,1.3,,Sangat Kurang (<30%)
2025,Kalimantan Tengah,Kota Palangkaraya,157.19,57372.53,0,0,0,0,,,,,,,41.8,4.33,8.66,19.74,2.31,2.36,2.18,2.04,16.58,,Sangat Kurang (<30%)
2025,Kalimantan Selatan,Kab. Banjar,357.43,130462.02,0,0,68808.25,52.74,68808.25,52.74,0,43258.25,33.16,P 2,34.76,11.29,4.84,17.15,0.48,1.47,0.5,1.56,27.95,61653.7,Kurang (30-60%)
2025,Kalimantan Selatan,Kab. Barito Kuala,98.94,36112.99,2213.63,6.13,6652.83,18.42,8866.47,24.55,2062.25,6652.83,24.13,P 2,42,9.5,10,21,4,3.5,1.5,1.5,7,27246.63,Sangat Kurang (<30%)
2025,Kalimantan Selatan,Kab. Tapin,76.18,27805.7,3.83,0.01,3661.71,13.17,3665.54,13.18,2.19,3661.71,13.18,P 2,42.23,1.3,16.73,30.5,1.67,4.92,1.36,0.95,0.33,24140.16,Sangat Kurang (<30%)
2025,Kalimantan Selatan,Kab. Hulu Sungai Selatan,110.07,40175.88,96.53,0.24,29598.89,73.67,29695.42,73.91,55.85,11421.89,28.57,P 2,55.18,1.48,13.13,25.35,2.9,0.46,0.9,0.4,0.2,10480.13,Cukup (60-80%)
2025,Kalimantan Selatan,Kab. Hulu Sungai Utara,95.37,34811.51,0,0,17128.46,49.2,17128.46,49.2,0,125.86,0.36,P 2,49.1,9.2,8.41,13.8,0.92,0.2,0.97,7.1,10.3,17681.59,Kurang (30-60%)
2025,Kalimantan Selatan,Kab. Tanah Bumbu,200.49,73178.36,246.84,0.34,65624.45,89.68,65871.29,90.01,246.84,14322.61,19.91,P 2,64.04,4.23,3.2,12.3,2.1,2.2,1.24,2.23,8.46,7307.56,Baik (>80%)
2025,Kalimantan Selatan,Kota Banjarmasin,477.23,174188.15,537.77,0.31,92954.68,53.36,93492.45,53.67,240.17,7763.31,4.59,P 2,40,15,9,15,1,2,1,3,14,80696.5,Kurang (30-60%)
2025,Kalimantan Timur,Kab. Paser,129.16,47144.69,32.74,0.07,39921.54,84.68,39954.28,84.75,13.17,4833.58,10.28,P 2,45.9,9.01,8.28,17.02,0.84,1.41,0.86,2.3,14.38,7189.12,Baik (>80%)
2025,Kalimantan Timur,Kab. Kutai Kartanegara,398.82,145570.67,0,0,0,0,,,,,,,34.58,24.72,13.89,16.81,0.96,1.26,0.25,0.86,6.67,,Sangat Kurang (<30%)
2025,Kalimantan Timur,Kab. Berau,154.01,56213.65,0,0,0,0,,,,,,,55.39,1.28,3.74,26.47,9.63,0.2,0.2,0.99,2.1,,Sangat Kurang (<30%)
2025,Kalimantan Timur,Kab. Kutai Barat,76.27,27838.99,0,0,0,0,,,,,,,39.26,12.8,11.14,19.69,3.41,2.55,2.08,2.39,6.68,,Sangat Kurang (<30%)
2025,Kalimantan Timur,Kab. Penajam Paser Utara,102.73,37495.72,0,0,0,0,,,,,,,46.13,1.09,20.87,29.83,0.22,0.02,0.67,0.83,0.34,,Sangat Kurang (<30%)
2025,Kalimantan Timur,Kab. Mahakam Ulu,19.18,7001.34,0,0,0,0,,,,,,,51,8,10,20,3,5,1,2,,,Sangat Kurang (<30%)
2025,Kalimantan Timur,Kota Bontang,108.98,39777.47,0,0,0,0,,,,,,,44.12,6,27.5,18,2.1,0.03,0.25,1.05,0.95,,Sangat Kurang (<30%)
2025,Kalimantan Utara,Kab. Bulungan,86.05,31409.35,0.45,0,30813.3,98.1,30813.75,98.1,0,0,0,P 2,,,,,,,,,,594.5,Baik (>80%)
2025,Kalimantan Utara,Kab. Malinau,35.03,12786.97,0,0,0,0,,,,,,,27,16,18,20,2,3,3,2,7,,Sangat Kurang (<30%)
2025,Kalimantan Utara,Kab. Nunukan,45.76,16703.8,0.31,0,15931.96,95.38,15932.27,95.38,0,4616.96,27.64,P 2,52.38,1.77,11.81,12.57,13,4.23,1.08,1.68,1.48,770.13,Baik (>80%)
2025,Kalimantan Utara,Kab. Tana Tidung,12.13,4425.99,0,0,0,0,,,,,,,,,,,,,,,,,Sangat Kurang (<30%)
2025,Kalimantan Utara,Kota Tarakan,129.01,47087.01,74.39,0.16,4221.54,8.97,4295.93,9.12,0,4221.54,8.97,P 2,37.6,28.77,9,19,3.18,1,0.6,0.11,0.74,42792.72,Sangat Kurang (<30%)
2025,Sulawesi Utara,Kab. Kepulauan Sangihe,56.25,20529.64,24.32,0.12,10280.98,50.08,10305.29,50.2,0,60.98,0.3,P 2,43.61,18.94,5.76,21.63,2.46,0.5,3.3,1.6,2.2,10225.96,Kurang (30-60%)
2025,Sulawesi Utara,Kab. Minahasa Tenggara,48.53,17714.62,0,0,10793.78,60.93,10793.78,60.93,0,26.28,0.15,P 2,36.68,10.02,12.59,9.08,4.1,4.32,3.59,5.47,14.15,6919.67,Cukup (60-80%)
2025,Sulawesi Utara,Kab. Bolaang Mongondow Utara,35.2,12848.29,1.5,0.01,32.72,0.25,34.22,0.27,0,32.72,0.25,P 2,30,10,15,20,2,1,1,1,20,12813.78,Sangat Kurang (<30%)
2025,Sulawesi Utara,Kab. Kep. Siau Tagulandang Biaro,28.21,10297.09,0,0,0,0,,,,,,,50,5,5,30,3,2,2,2,1,,Sangat Kurang (<30%)
2025,Sulawesi Utara,Kab. Bolaang Mongondow Timur,36.54,13336.22,0,0,0,0,0,0,0,0,0,P 2,49.5,14.9,8.1,14.2,3.1,1.8,1.9,1.05,2.3,13337.1,Sangat Kurang (<30%)
2025,Sulawesi Utara,Kab. Bolaang Mongondow Selatan,30.44,11111.33,0,0,0,0,,,,,,,20,7,16,18,8,7,9,6,9,,Sangat Kurang (<30%)
2025,Sulawesi Utara,Kota Manado,296.05,108059.84,0,0,0,0,,,,,,,51,2,13,16,1,1,1,2,13,,Sangat Kurang (<30%)
2025,Sulawesi Utara,Kota Kotamobagu,60.88,22220.47,0,0,0,0,,,,,,,53.5,5,11.8,8.5,5.7,3.6,2.6,2.8,6.5,,Sangat Kurang (<30%)
2025,Sulawesi Tengah,Kab. Poso,126.68,46236.38,0,0,0,0,,,,,,,,,,,,,,,,,Sangat Kurang (<30%)
2025,Sulawesi Tengah,Kab. Morowali,99.49,36314.95,0,0,0,0,,,,,,,17.3,21.01,9.5,37.99,7.1,1.5,2,0.6,3,,Sangat Kurang (<30%)
2025,Sulawesi Tengah,Kota Palu,218.43,79726.96,0,0,0,0,,,,,,,,,,,,,,,,,Sangat Kurang (<30%)
2025,Sulawesi Selatan,Kab. Bulukumba,192.27,70178.11,4741.5,6.76,25776.22,36.73,30517.72,43.49,3240.47,6431.22,13.78,P 2,28.5,25.8,9.25,15.18,4.7,5.8,3.2,1.9,5.67,39660.83,Kurang (30-60%)
2025,Sulawesi Selatan,Kab. Bone,413.69,150995.39,0,0,0,0,,,,,,,39.5,12.8,11.7,19.1,3.5,2.2,1.9,2.1,7.2,,Sangat Kurang (<30%)
2025,Sulawesi Selatan,Kab. Pinrang,191.49,69892.97,73.06,0.1,47533.4,68.01,47606.46,68.11,72.98,17475.65,25.11,P 2,5,5,30,50,7,2,,1,,22287.39,Cukup (60-80%)
2025,Sulawesi Selatan,Kab. Luwu Utara,167.58,61166.88,0,0,0,0,,,,,,,55,5,10,10,0.1,2,2.5,0.5,14.9,,Sangat Kurang (<30%)
2025,Sulawesi Selatan,Kota Makassar,1064.06,388381.87,0,0,0,0,,,,,,,65,,7,16,2,,1,4,5,,Sangat Kurang (<30%)
2025,Sulawesi Tenggara,Kab. Kolaka,126.35,46116.65,0,0,0,0,,,,,,,65,5,10,10,5,1,1,2,1,,Sangat Kurang (<30%)
2025,Sulawesi Tenggara,Kab. Konawe,133.57,48752.87,0,0,13235.02,27.15,13235.02,27.15,0,5387.52,11.05,P 2,44.31,2.81,13.32,25.82,1.52,4.4,2.16,0.52,5.14,35518.03,Sangat Kurang (<30%)
2025,Sulawesi Tenggara,Kab. Konawe Selatan,166.19,60660.99,0,0,0,0,,,,,,,57,5,4,25,5,2,,,2,,Sangat Kurang (<30%)
2025,Sulawesi Tenggara,Kab. Wakatobi,59.54,21730.28,0,0,14.49,0.07,14.49,0.07,0,14.49,0.07,P 2,45,15,5,25,1,1,1,1,6,21717.61,Sangat Kurang (<30%)
2025,Sulawesi Tenggara,Kab. Konawe Utara,33.38,12183.55,0,0,0,0,,,,,,,41,11,11,17,2,2,2,2,12,,Sangat Kurang (<30%)
2025,Sulawesi Tenggara,Kab. Kolaka Timur,64.9,23688.5,0,0,3029.5,12.79,3029.5,12.79,0,1204.5,5.08,P 2,40,10,6,20,8,5,8,3,,20659,Sangat Kurang (<30%)
2025,Sulawesi Tenggara,Kota Kendari,259.32,94652.53,0,0,31797.02,33.59,31797.02,33.59,0,31797.02,33.59,P 2,57.2,15.37,5.32,10.57,0.51,1.3,0.6,0.86,8.27,62854.78,Kurang (30-60%)
2025,Gorontalo,Kota Gorontalo,143.72,52458.75,9.98,0.02,33735.6,64.31,33745.59,64.33,0,6543.1,12.47,P 2,,,,,,,,,,18712.21,Cukup (60-80%)
2025,Sulawesi Barat,Kab. Mamuju,144.19,52629.72,0,0,0,0,,,,,,,,,,,,,,,,,Sangat Kurang (<30%)
2025,Sulawesi Barat,Kab. Majene,107.62,39279.48,0,0,0,0,,,,,,,45,15,10,15,3,3,2,2,5,,Sangat Kurang (<30%)
2025,Sulawesi Barat,Kab. Mamuju Tengah,71.64,26147.51,0,0,0,0,0,0,0,0,0,P 2,,,,,,,,,,26148.6,Sangat Kurang (<30%)
2025,Maluku Utara,Kab. Halmahera Utara,144.36,52692.53,0,0,0,0,,,,,,,46.62,16.63,16.11,14.43,0.69,1.39,1.29,2,0.84,,Sangat Kurang (<30%)
2025,Maluku Utara,Kab. Halmahera Selatan,103.43,37750.34,47.4,0.13,465.37,1.23,512.77,1.36,0,465.37,1.23,P 2,,,,,,,,,,37239.18,Sangat Kurang (<30%)
2025,Maluku Utara,Kab. Halmahera Timur,55.97,20430.33,0,0,0,0,,,,,,,43.57,20.53,7.57,13.03,3.01,2.74,2.11,2.13,5.31,,Sangat Kurang (<30%)
2025,Maluku Utara,Kab. Pulau Morotai,32.74,11951.56,0,0,0,0,0,0,0,0,0,P 2,37,33,6,10,1,2,,2,,11950.1,Sangat Kurang (<30%)
2025,Papua,Kota Jayapura,243.04,88709.45,0,0,0,0,,,,,,,54,9.5,5.8,15.79,2.3,3.07,2.05,1.49,6,,Sangat Kurang (<30%)
2025,Papua Barat,Kab. Manokwari,146,53290,0,0,0,0,,,,,,,44,2,11,26,,,,,17,,Sangat Kurang (<30%)
2025,Papua Barat,Kab. Fak Fak,37.96,13854.67,0,0,0,0,,,,,,,50.62,1.66,11.03,14.85,0.68,4.62,1.48,1.55,0.2,,Sangat Kurang (<30%)
2025,Papua Barat,Kab. Teluk Bintuni,36.43,13295.34,0,0,0,0,,,,,,,52.7,,2.6,44.3,0.4,,,,,,Sangat Kurang (<30%)
2025,Papua Barat,Kab. Teluk Wondama,19,6934.12,0,0,273.75,3.95,273.75,3.95,0,273.75,3.95,P 2,16,,16,27,,,,,41,6661.25,Sangat Kurang (<30%)
2025,Papua Selatan,Kab. Asmat,48.36,17651.69,0,0,0,0,,,,,,,23,10,15,30,7,5,3,3,4,,Sangat Kurang (<30%)
2025,Papua Tengah,Kab. Mimika,161.75,59039.3,0,0,0,0,,,,,,,,,,,,,,,,,Sangat Kurang (<30%)
2025,Papua Barat Daya,Kab. Sorong,51.99,18974.6,51.26,0.27,2884.54,15.2,2935.8,15.47,43.8,2884.54,15.43,P 2,51.3,1.23,16.06,16.37,4.15,0.72,1.48,1.69,7,16040.55,Sangat Kurang (<30%)
2025,Papua Barat Daya,Kab. Tambrauw,16.27,5938.11,0,0,0,0,,,,,,,13,14,11,41,2,3,5,7,4,,Sangat Kurang (<30%)
2024,Aceh,Kab. Aceh Selatan,95.79,34963.35,0,0,0,0,0,0,0,0,0,P 2,30.08,12.29,13.1,16.33,6.4,5.42,3.43,5.35,7.6,34963.35,Sangat Kurang (<30%)
2024,Aceh,Kab. Aceh Tenggara,114.68,41859.66,0,0,365,0.87,365,0.87,0,365,0.87,P 2,47,5,9,25,4,3,3,4,,41493.2,Sangat Kurang (<30%)
2024,Aceh,Kab. Aceh Timur,184.56,67363.09,1.88,0,29483.97,43.77,29485.85,43.77,0,857.75,1.27,P 2,25,21,9,14,7,5,6,8,5,37878.55,Kurang (30-60%)
2024,Aceh,Kab. Aceh Tengah,113.98,41601.58,0,0,1166.18,2.8,1166.18,2.8,0,1166.18,2.8,P 2,22,18,7,26,3,11,5,5,3,40436.52,Sangat Kurang (<30%)
2024,Aceh,Kab. Aceh Barat,102.55,37432.21,1.49,0,25261.65,67.49,25263.14,67.49,0,1533,4.1,P 2,57,3.3,6,24,4,3,1,1.2,0.5,12167.61,Cukup (60-80%)
2024,Aceh,Kab. Aceh Besar,149.14,54434.93,4.22,0.01,1005.17,1.85,1009.39,1.85,0,1005.17,1.85,P 2,25.5,25.5,9.5,21.6,5.1,3.3,3.3,3.7,2.5,53426.71,Sangat Kurang (<30%)
2024,Aceh,Kab. Pidie,181.02,66071.86,0,0,22239.89,33.66,22239.89,33.66,0,7806.88,11.82,P 2,8.5,7.5,19.3,35.7,4,1,3,2,19,43832.41,Kurang (30-60%)
2024,Aceh,Kab. Aceh Utara,307.32,112171.8,0,0,19316.68,17.22,19316.68,17.22,0,1249.18,1.11,P 2,30,10,10,40,5,2,1,1,1,92855.12,Sangat Kurang (<30%)
2024,Aceh,Kab. Simeulue,45.68,16673.93,0,0,624.64,3.75,624.64,3.75,0,624.64,3.75,P 2,22.8,15.3,12.1,26.2,10.2,3.6,2.8,2,5,16048.56,Sangat Kurang (<30%)
2024,Aceh,Kab. Aceh Singkil,54.9,20039.08,0,0,1248.2,6.23,1248.2,6.23,0,1248.2,6.23,P 2,30,10,15,22,2,5,3,2,11,18790.3,Sangat Kurang (<30%)
2024,Aceh,Kab. Bireuen,161.77,59046.49,0,0,10113.35,17.13,10113.35,17.13,0,10113.35,17.13,P 2,42.7,9.9,14.2,18.9,2.6,2.1,2.2,2.3,5.1,48932.7,Sangat Kurang (<30%)
2024,Aceh,Kab. Aceh Barat Daya,80.03,29210.59,388.73,1.33,1799.45,6.16,2188.18,7.49,388.73,1799.45,7.49,P 2,20,2,25,30,11,2,3,1,6,27022.77,Sangat Kurang (<30%)
2024,Aceh,Kab. Gayo Lues,41.94,15308.98,0,0,0,0,0,0,0,0,0,P 2,40,14,4,32,0.2,0.8,0.3,0.7,8,15308.1,Sangat Kurang (<30%)
2024,Aceh,Kab. Aceh Jaya,50.34,18373.01,0,0,312.81,1.7,312.81,1.7,0,312.81,1.7,P 2,48,14,10,14,9,2,1,1,1,18061.29,Sangat Kurang (<30%)
2024,Aceh,Kab. Nagan Raya,70.58,25763.31,2.94,0.01,4963.64,19.27,4966.58,19.28,0,4963.64,19.27,P 2,45,6,5,35,1,2,2,1,3,20795.12,Sangat Kurang (<30%)
2024,Aceh,Kab. Aceh Tamiang,123.64,45127.58,56.89,0.13,11980.4,26.55,12037.28,26.67,0,2362.65,5.24,P 2,,,,,,,,,,33091.32,Sangat Kurang (<30%)
2024,Aceh,Kab. Bener Meriah,68.81,25117.26,111.42,0.44,14563.14,57.98,14674.55,58.42,99.65,1715.14,7.23,P 2,19,27,20,18,5,3,3,4,1,10441.1,Kurang (30-60%)
2024,Aceh,Kab. Pidie Jaya,82.58,30143.46,0,0,0,0,0,0,0,0,0,P 2,20,27,14,26,2.5,3,3,2.5,2,30141.7,Sangat Kurang (<30%)
2024,Aceh,Kota Banda Aceh,259.4,94679.61,112.67,0.12,15282.91,16.14,15395.58,16.26,110.63,15282.91,16.26,P 2,29.48,23.59,6.34,25.75,0.49,1.87,0.19,1.47,10.82,79285.42,Sangat Kurang (<30%)
2024,Aceh,Kota Sabang,17.41,6354.94,0,0,4657.4,73.29,4657.4,73.29,0,0,0,P 2,20,10,5,20,10,5,5,15,10,1697.25,Cukup (60-80%)
2024,Aceh,Kota Lhokseumawe,100.2,36571.41,0,0,1660.75,4.54,1660.75,4.54,0,1660.75,4.54,P 2,50,8,20,10,5,0.12,0.6,2.28,4,34912.25,Sangat Kurang (<30%)
2024,Aceh,Kota Langsa,97.37,35538.23,512.73,1.44,26242.13,73.84,26754.86,75.28,6.57,1168.46,3.31,P 2,22,20,9,15,7,10,7,8,2,8785.19,Cukup (60-80%)
2024,Aceh,Kota Subulussalam,48.89,17843.03,0,0,91.25,0.51,91.25,0.51,0,91.25,0.51,P 2,26,20,10,15,2,5,5,2,15,17753.6,Sangat Kurang (<30%)
2024,Sumatera Utara,Kab. Nias,59.2,21606.39,0,0,419.75,1.94,419.75,1.94,0,419.75,1.94,P 2,5,18,5,55,2,1,1,1,12,21188.25,Sangat Kurang (<30%)
2024,Sumatera Utara,Kab. Langkat,533.36,194674.76,0,0,19032.92,9.78,19032.92,9.78,0,1476.42,0.76,P 2,38,30,24,7,0.2,0.2,0.1,0.1,0.1,175643.48,Sangat Kurang (<30%)
2024,Sumatera Utara,Kab. Deli Serdang,1126.66,411232.36,531.08,0.13,247562.34,60.2,248093.42,60.33,299.3,85958.59,20.98,P 2,20.5,24,13.8,20.2,6,5,3,2,5.5,163137.48,Cukup (60-80%)
2024,Sumatera Utara,Kab. Simalungun,517.96,189055.4,0,0,140.53,0.07,140.53,0.07,0,140.53,0.07,P 2,5.5,1.93,15.44,20.46,0.37,7.7,4.5,8.6,35.5,188914.87,Sangat Kurang (<30%)
2024,Sumatera Utara,Kab. Dairi,132.23,48265.41,0,0,73,0.15,73,0.15,0,73,0.15,P 2,52.79,10.99,12.48,22,0.32,0.35,0.2,0.53,0.34,48190.95,Sangat Kurang (<30%)
2024,Sumatera Utara,Kab. Toba,110.35,40278.85,6.57,0.02,1119.01,2.78,1125.58,2.79,0,1119.01,2.78,P 2,25.15,13.4,4.13,9.39,1.38,4.56,13.25,6.45,22.29,39152.17,Sangat Kurang (<30%)
2024,Sumatera Utara,Kab. Pakpak Bharat,22.07,8055.11,6.64,0.08,27.33,0.34,33.97,0.42,0,27.33,0.34,P 2,39.9,6,12.1,26,5,2,1,5,3,8021.58,Sangat Kurang (<30%)
2024,Sumatera Utara,Kab. Humbang Hasundutan,61.41,22414.65,0,0,15018.38,67,15018.38,67,0,1796.26,8.01,P 2,19,48,10,13,3,1,0.2,0.8,5,7396.27,Cukup (60-80%)
2024,Sumatera Utara,Kab. Samosir,57.23,20888.37,0,0,1149.75,5.5,1149.75,5.5,0,1149.75,5.5,P 2,25.5,13,15,31,3.5,3.5,2,2,4.5,19739.2,Sangat Kurang (<30%)
2024,Sumatera Utara,Kota Medan,1731.92,632149.41,12617.75,2,590572.56,93.42,603190.31,95.42,12516.95,135800.83,23.46,P 2,,,,,,,,,,28960.49,Baik (>80%)
2024,Sumatera Utara,Kota Sibolga,41.29,15069.44,6.02,0.04,70.08,0.47,76.1,0.51,3.65,70.08,0.49,P 2,26.45,29,7.42,16.24,1.65,4.65,1.68,3.75,9.16,14994.75,Sangat Kurang (<30%)
2024,Sumatera Utara,Kota Tanjung Balai,93.1,33982.78,0,0,1300.77,3.83,1300.77,3.83,0,1300.77,3.83,P 2,64.02,1.94,9.5,13.98,0.6,0.9,0.28,0.53,8.25,32680.73,Sangat Kurang (<30%)
2024,Sumatera Barat,Kab. Pesisir Selatan,157.61,57526.37,63,0.11,22741.33,39.53,22804.33,39.64,62.78,9528.33,16.67,P 2,20.4,19.6,23,19,16,0.42,1.58,,,34723.32,Kurang (30-60%)
2024,Sumatera Barat,Kab. Solok,162.15,59185.48,106.9,0.18,15186.1,25.66,15293,25.84,91.25,7521.1,12.86,P 2,29,20,12,22,2,2,2,2,9,43891.75,Sangat Kurang (<30%)
2024,Sumatera Barat,Kab. Sijunjung,100.18,36565.78,349,0.95,7917.27,21.65,8266.27,22.61,347.85,7917.27,22.6,P 2,20.2,37.5,14,19.3,6.7,0.3,0.2,1.15,0.65,28299.43,Sangat Kurang (<30%)
2024,Sumatera Barat,Kab. Tanah Datar,131.35,47943.05,1305.5,2.72,27115.58,56.56,28421.07,59.28,1303.78,9155.08,21.82,P 2,69.34,,8.63,6,2.24,1.57,,3.33,8.89,19521.68,Kurang (30-60%)
2024,Sumatera Barat,Kab. Padang Pariaman,229.58,83798.34,168.43,0.2,228.07,0.27,396.49,0.47,0,228.07,0.27,P 2,31.82,0.46,12.78,43.77,,0.78,2.07,0.5,7.82,83400.21,Sangat Kurang (<30%)
2024,Sumatera Barat,Kab. Agam,223.51,81582.89,60.45,0.07,45015.33,55.18,45075.78,55.25,57.24,11431.68,14.08,P 2,70.44,4.02,6.08,8.15,1.9,0.28,0.1,0.55,8.48,36505.37,Kurang (30-60%)
2024,Sumatera Barat,Kab. Lima Puluh Kota,160.43,58558.56,24.84,0.04,10764.92,18.38,10789.76,18.43,24.84,10764.92,18.43,P 2,,,,,,,,,,47767.19,Sangat Kurang (<30%)
2024,Sumatera Barat,Kab. Pasaman,127.23,46439.68,5850.74,12.6,20471.92,44.08,26322.67,56.68,5830.88,2822.35,18.63,P 2,61.21,1.9,15.7,12.35,4.1,0.37,0.63,1.9,1.84,20116.28,Kurang (30-60%)
2024,Sumatera Barat,Kab. Dharmasraya,121.1,44200.04,106.59,0.24,0,0,106.59,0.24,0,0,0,P 2,53,10,5,30,1,1,,,,44094.91,Sangat Kurang (<30%)
2024,Sumatera Barat,Kab. Solok Selatan,76.62,27964.84,6.34,0.02,6973.3,24.94,6979.64,24.96,0,6973.3,24.94,P 2,34.35,0.78,16.35,25.69,0.13,0.59,0.55,2.31,19.25,20986.66,Sangat Kurang (<30%)
2024,Sumatera Barat,Kota Padang,629.7,229840.56,2076.01,0.9,214017.73,93.12,216093.73,94.02,1933.22,40642.73,18.52,P 2,,,,,,,,,,13746.77,Baik (>80%)
2024,Sumatera Barat,Kota Solok,58.73,21438.24,37.59,0.18,21272.18,99.23,21309.77,99.4,13.51,3856.17,18.05,P 2,45.73,11.12,16.88,20.72,1.78,0.35,0.14,0.81,2.47,126.68,Baik (>80%)
2024,Sumatera Barat,Kota Sawahlunto,19.15,6988.44,127.21,1.82,6446.58,92.25,6573.79,94.07,126.29,1376.73,21.51,P 2,46,10,11,14,3,5,4,5,2,415.96,Baik (>80%)
2024,Sumatera Barat,Kota Padang Panjang,50.71,18508.71,107.32,0.58,2237.37,12.09,2344.69,12.67,78.35,2237.37,12.51,P 2,,,,,,,,,,16164.46,Sangat Kurang (<30%)
2024,Sumatera Barat,Kota Bukittinggi,132.99,48542.31,66.13,0.14,6681.6,13.76,6747.73,13.9,1.61,6681.6,13.77,P 2,,,,,,,,,,41793.62,Sangat Kurang (<30%)
2024,Sumatera Barat,Kota Payakumbuh,95.4,34821.7,5.48,0.02,5538.47,15.91,5543.96,15.92,0,5538.47,15.91,P 2,48.25,9.81,15.45,17.47,2.01,1.17,0.45,0.89,4.5,29277.04,Sangat Kurang (<30%)
2024,Sumatera Barat,Kota Pariaman,41.11,15003.69,0,0,1751.98,11.68,1751.98,11.68,0,1751.98,11.68,P 2,,,,,,,,,,13253.17,Sangat Kurang (<30%)
2024,Riau,Kab. Bengkalis,261.14,95314.82,911.55,0.96,74514.18,78.18,75425.73,79.13,459.9,9361.68,10.3,P 2,16.14,10.96,6.79,9.47,1.05,4.78,5.12,13.11,32.58,19890.37,Cukup (60-80%)
2024,Riau,Kab. Rokan Hulu,282.75,103202.06,0,0,19180.3,18.59,19180.3,18.59,0,6383.4,6.19,P 2,,,,,,,,,,84023.45,Sangat Kurang (<30%)
2024,Riau,Kab. Siak,192.07,70104.67,1.71,0,33665.87,48.02,33667.58,48.02,0,9780.27,13.95,P 2,39,15,10,26,1,2,2,3,2,36437.97,Kurang (30-60%)
2024,Riau,Kab. Kuantan Singingi,146.4,53434.39,2.76,0.01,33942.33,63.52,33945.09,63.53,0,9688.08,18.13,P 2,25,34,5,10,15,0.5,0.5,8,,19490.91,Cukup (60-80%)
2024,Riau,Kota Pekanbaru,1011.01,369019.82,0.01,0,9040.32,2.45,9040.33,2.45,0,9040.32,2.45,P 2,56.35,10.89,2.78,14.19,0.45,3.51,1.41,1.13,9.29,359978.32,Sangat Kurang (<30%)
2024,Riau,Kota Dumai,171.77,62696.6,2.16,0,7248.9,11.56,7251.06,11.57,0,7248.9,11.56,P 2,48.97,7.5,5.3,8.95,2.27,3.72,2.5,2.79,18,55444.99,Sangat Kurang (<30%)
2024,Jambi,Kab. Batanghari,126.62,46216.3,0,0,0,0,0,0,0,0,0,P 2,40.41,17,15.2,15.96,1.22,3.08,1.1,2,4.03,46216.3,Sangat Kurang (<30%)
2024,Jambi,Kab. Bungo,150.77,55029.3,6.96,0.01,18492.89,33.61,18499.84,33.62,0,18492.89,33.61,P 2,60.5,4.1,14.1,5.9,1.8,1.5,5.15,1,5.95,36531.21,Kurang (30-60%)
2024,Jambi,Kota Jambi,447.99,163516.42,224.91,0.14,151650.29,92.74,151875.2,92.88,0,19845.77,12.14,P 2,36.65,21.31,9.44,18.99,2.06,10.82,0.3,0.28,0.14,11641.15,Baik (>80%)
2024,Jambi,Kota Sungai Penuh,51.11,18655.88,0.87,0,5478.27,29.36,5479.14,29.37,0,5478.27,29.36,P 2,45.42,8.53,14.61,17.35,1.85,3.03,1.64,1.02,6.55,13176.01,Sangat Kurang (<30%)
2024,Sumatera Selatan,Kab. Ogan Komering Ulu,154.94,56552.81,3.72,0.01,12447.12,22.01,12450.84,22.02,0,12447.12,22.01,P 2,35,25,10,15,7,3,2,3,,44102.26,Sangat Kurang (<30%)
2024,Sumatera Selatan,Kab. Muara Enim,235.17,85838.07,29.57,0.03,49860.26,58.09,49889.83,58.12,29.57,18981.26,22.15,P 2,55.24,17.88,6.16,14.22,0.26,1.51,0.23,0.77,3.73,35947.22,Kurang (30-60%)
2024,Sumatera Selatan,Kab. Lahat,275.34,100498.31,0,0,36459.89,36.28,36459.89,36.28,0,9261.13,9.22,P 2,60,10.1,2,14,1.74,5.5,0.26,0.9,5.5,64039.21,Kurang (30-60%)
2024,Sumatera Selatan,Kab. Musi Rawas,168.6,61540.61,0,0,2153.09,3.5,2153.09,3.5,0,2153.09,3.5,P 2,2.93,10.39,11.56,13.13,13.13,6.05,13.01,13.06,16.74,59385.91,Sangat Kurang (<30%)
2024,Sumatera Selatan,Kab. Musi Banyuasin,282.92,103264.34,4717.77,4.57,33251.56,32.2,37969.33,36.77,6.57,20586.06,19.94,P 2,10,40,10,10,10,5,5,5,5,65296.47,Kurang (30-60%)
2024,Sumatera Selatan,Kab. Ogan Komering Ulu Timur,281.12,102609.82,68.93,0.07,48865.85,47.62,48934.78,47.69,0,1831.95,1.79,P 2,12,9,22,27,3,5,3,2,17,53674.02,Kurang (30-60%)
2024,Sumatera Selatan,Kab. Penukal Abab Lematang Ilir,106.11,38730.15,0,0,1291.19,3.33,1291.19,3.33,0,1291.19,3.33,P 2,54.33,1.26,10.86,21.7,0.37,2.12,0.53,1.68,7.15,37438.96,Sangat Kurang (<30%)
2024,Sumatera Selatan,Kota Pagar Alam,76.77,28021.42,0,0,109.5,0.39,109.5,0.39,0,109.5,0.39,P 2,33.51,11.41,7.17,31.91,2.2,2.61,2.7,1.2,7.29,27911.55,Sangat Kurang (<30%)
2024,Sumatera Selatan,Kota Prabumulih,101.66,37104.08,86.73,0.23,7654.12,20.63,7740.85,20.86,73,7654.12,20.83,P 2,42.88,1.44,9.02,39.72,4,0.04,0.09,2.8,0.01,29365.05,Sangat Kurang (<30%)
2024,Bengkulu,Kab. Bengkulu Utara,186.83,68192.66,0.86,0,15491.58,22.72,15492.44,22.72,0,676.23,0.99,P 2,30,10,10,40,5,2,1,1,1,52700.51,Sangat Kurang (<30%)
2024,Bengkulu,Kab. Seluma,107.5,39238.6,0,0,0,0,0,0,0,0,0,P 2,76.5,8.5,5,2,0.5,3,,0.5,4,39237.5,Sangat Kurang (<30%)
2024,Bengkulu,Kab. Lebong,45.91,16757.3,0,0,0,0,0,0,0,0,0,P 2,64.45,8.58,8.56,12.84,0.2,0.89,1.6,0.73,2.1,16757.15,Sangat Kurang (<30%)
2024,Bengkulu,Kab. Bengkulu Tengah,60.57,22107.87,0,0,351.5,1.59,351.5,1.59,0,351.5,1.59,P 2,,,,,,,,,,21756.55,Sangat Kurang (<30%)
2024,Bengkulu,Kota Bengkulu,280.37,102336.18,0,0,0,0,,,,,,,65,3,13,11,1,1,1,1,4,,Sangat Kurang (<30%)
2024,Lampung,Kab. Lampung Utara,254.05,92728.83,24.05,0.03,36404.03,39.26,36428.08,39.28,0,13.53,0.01,P 2,,,,,,,,,,56300.17,Kurang (30-60%)
2024,Lampung,Kab. Tulang Bawang,173.43,63301.22,0,0,1095.05,1.73,1095.05,1.73,0,1095.05,1.73,P 2,69,15,5,5,,1,,,5,62206.9,Sangat Kurang (<30%)
2024,Lampung,Kab. Tanggamus,373.71,136404.5,0.82,0,17547.66,12.86,17548.48,12.87,0,6962.66,5.1,P 2,30.86,24.36,13.21,20.86,0.43,0.64,0.14,1.71,7.36,118855.67,Sangat Kurang (<30%)
2024,Lampung,Kab. Lampung Timur,571.29,208521.22,432,0.21,80.77,0.04,512.77,0.25,0,80.77,0.04,P 2,,,,,,,,,,208008.08,Sangat Kurang (<30%)
2024,Lampung,Kab. Way Kanan,195.91,71506.86,1159.27,1.62,8093.51,11.32,9252.77,12.94,200.82,808.69,1.41,P 2,,,,,,,,,,62254.38,Sangat Kurang (<30%)
2024,Lampung,Kab. Pesawaran,172.96,63131.88,32.94,0.05,3647.23,5.78,3680.17,5.83,0,3647.23,5.78,P 2,30,23,10,17,10,2,7,0.5,0.5,59450.23,Sangat Kurang (<30%)
2024,Lampung,Kab. Pringsewu,174.89,63834.41,6.72,0.01,7497.38,11.75,7504.11,11.76,0,7497.38,11.75,P 2,50,13,5,20,1.75,3,1,0.25,6,56330.74,Sangat Kurang (<30%)
2024,Lampung,Kab. Tulang Bawang Barat,118.19,43138.62,36.5,0.08,1377.55,3.19,1414.05,3.28,36.5,1377.55,3.28,P 2,,,,,,,,,,41725.3,Sangat Kurang (<30%)
2024,Lampung,Kab. Pesisir Barat,69.48,25360.2,0,0,21.66,0.09,21.66,0.09,0,21.66,0.09,P 2,42.5,19.2,9.5,21.1,0.6,2,0.9,1.2,3,25338.54,Sangat Kurang (<30%)
2024,Lampung,Kota Bandar Lampung,770.14,281100.84,0,0,98.37,0.03,98.37,0.03,0,98.37,0.03,P 2,15.8,20.1,3,2.6,1.7,1.7,2.7,1.7,50.7,281002.73,Sangat Kurang (<30%)
2024,Kepulauan Bangka Belitung,Kab. Belitung,95.75,34947.66,2.09,0.01,4779.06,13.67,4781.15,13.68,0,4779.06,13.67,P 2,25,9,4,36,3,1,,,22,30167.6,Sangat Kurang (<30%)
2024,Kepulauan Bangka Belitung,Kab. Bangka Selatan,86.43,31547.53,47.1,0.15,21475.95,68.07,21523.05,68.22,21.9,6145.95,19.55,P 2,20,15,15,25,10,4,8,1,2,10023.9,Cukup (60-80%)
2024,Kepulauan Bangka Belitung,Kab. Bangka Tengah,113.73,41510.84,1.28,0,7903.01,19.04,7904.29,19.04,0,7903.01,19.04,P 2,41.9,8.5,3.8,14.3,3.9,4.9,,5.5,17.2,33607.16,Sangat Kurang (<30%)
2024,Kepulauan Bangka Belitung,Kab. Bangka Barat,85.77,31306.49,0.75,0,7125.9,22.76,7126.64,22.76,0,555.9,1.78,P 2,40,6,24,17,1.1,1.5,3.5,2.6,4.3,24179.41,Sangat Kurang (<30%)
2024,Kepulauan Bangka Belitung,Kab. Belitung Timur,52.85,19289.67,0,0,13011.88,67.46,13011.88,67.46,0,2192.38,11.37,P 2,57,,5,17,2,2,2,1,14,6278.37,Cukup (60-80%)
2024,Kepulauan Riau,Kab. Bintan,57.15,20858.45,404.05,1.94,1493.17,7.16,1897.23,9.1,309.7,1493.17,8.64,P 2,49.98,9.23,6.4,13.48,11.04,2.1,1.06,3.31,3.4,18962.52,Sangat Kurang (<30%)
2024,Kepulauan Riau,Kab. Karimun,184.34,67284.39,2.34,0,30565.67,45.43,30568.01,45.43,0,7826.17,11.63,P 2,40.8,11.5,11,19.2,3.4,2.7,2.3,2.5,6.6,36716.09,Kurang (30-60%)
2024,Kepulauan Riau,Kab. Natuna,33.61,12266.48,0,0,1620.75,13.21,1620.75,13.21,0,1620.75,13.21,P 2,,,,,,,,,,10646.9,Sangat Kurang (<30%)
2024,Kepulauan Riau,Kab. Lingga,30.59,11166.81,8.5,0.08,1944.12,17.41,1952.62,17.49,0,1944.12,17.41,P 2,36.5,15.4,15,17.8,2.5,6.1,3,3.2,0.5,9212.73,Sangat Kurang (<30%)
2024,Kepulauan Riau,Kota Tanjung Pinang,155.97,56930.51,12.34,0.02,46939.91,82.45,46952.25,82.47,12.34,14838.16,26.09,P 2,59.05,0.22,9.72,28.11,0.32,0.1,1.05,1.43,,9976.8,Baik (>80%)
2024,DKI Jakarta,Kota Adm. Jakarta Pusat,855.4,312221.09,88.37,0.03,307387.58,98.45,307475.95,98.48,88.37,60819.72,19.51,P 2,,,,,,,,,,4745.05,Baik (>80%)
2024,DKI Jakarta,Kota Adm. Jakarta Utara,1396.42,509694.5,95.03,0.02,100632.55,19.74,100727.57,19.76,95.03,100632.55,19.76,P 2,,,,,,,,,,408965.73,Sangat Kurang (<30%)
2024,DKI Jakarta,Kota Adm. Jakarta Selatan,1988.19,725690.82,58.82,0.01,713952.82,98.38,714011.65,98.39,58.82,192178.02,26.49,P 2,49.87,3.18,17.24,22.95,1.08,0.9,0.7,1.48,2.6,11677.7,Baik (>80%)
2024,DKI Jakarta,Kota Adm. Jakarta Timur,2353.55,859045.05,24526.8,2.86,815274.24,94.9,839801.04,97.76,21698.52,200249.24,25.84,P 2,,,,,,,,,,19244.71,Baik (>80%)
2024,Jawa Barat,Kab. Cianjur,1267.5,462637.87,0,0,3370.23,0.73,3370.23,0.73,0,3370.23,0.73,P 2,61.05,1.04,6.94,14.39,0.26,2.1,0.5,1.48,12.24,459267.27,Sangat Kurang (<30%)
2024,Jawa Barat,Kab. Bandung,1312.21,478956.72,12.05,0,174748.98,36.49,174761.04,36.49,12.05,116713.98,24.37,P 2,42,10,11,20,2,1,,1,13,304195.61,Kurang (30-60%)
2024,Jawa Barat,Kab. Garut,1145.92,418262.61,58.58,0.01,55933.38,13.37,55991.96,13.39,0,55933.38,13.37,P 2,59.3,,6.3,20.5,1,2.6,,3.4,6.9,362268.84,Sangat Kurang (<30%)
2024,Jawa Barat,Kab. Ciamis,501.02,182871.42,1661.04,0.91,146072.98,79.88,147734.02,80.79,0,105338.98,57.6,P 2,38,0.4,16,20,10,4,1,10.2,0.4,35138.28,Baik (>80%)
2024,Jawa Barat,Kab. Kuningan,492.71,179838.71,1952.28,1.09,17410.34,9.68,19362.62,10.77,0,17045.34,9.48,P 2,40,17,10,16,4,3,2,2,6,160476.53,Sangat Kurang (<30%)
2024,Jawa Barat,Kab. Majalengka,938.43,342527.64,0,0,0,0,0,0,0,0,0,P 2,58,4,9,14,2,2,2,2,7,342526.95,Sangat Kurang (<30%)
2024,Jawa Barat,Kab. Sumedang,482.27,176030.01,0,0,9106.6,5.17,9106.6,5.17,0,9106.6,5.17,P 2,30,7.5,10.5,27.5,3,4.5,2.5,6.5,8,166921.95,Sangat Kurang (<30%)
2024,Jawa Barat,Kab. Indramayu,1136.54,414835.78,360.52,0.09,109146.66,26.31,109507.18,26.4,65.34,33989.51,8.21,P 2,27,6.4,25,35.8,1,1.8,0.8,0.7,1.5,305329.92,Sangat Kurang (<30%)
2024,Jawa Barat,Kab. Purwakarta,418.28,152672.78,0,0,4465.17,2.92,4465.17,2.92,0,4465.17,2.92,P 2,59.03,0.21,7.53,16.65,1.44,1.01,0.85,1.23,12.05,148207.03,Sangat Kurang (<30%)
2024,Jawa Barat,Kab. Karawang,1066.97,389444.24,0,0,6331.15,1.63,6331.15,1.63,0,6331.15,1.63,P 2,43.8,,3,20,0.7,,,2.3,30.2,383112.9,Sangat Kurang (<30%)
2024,Jawa Barat,Kab. Bekasi,1683.46,614462.32,0,0,1769.17,0.29,1769.17,0.29,0,1769.17,0.29,P 2,,,,,,,,,,612693.73,Sangat Kurang (<30%)
2024,Jawa Barat,Kab. Bandung Barat,753.68,275091.74,739.49,0.27,18148.81,6.6,18888.3,6.87,739.49,9801.26,3.83,P 2,37,2,13,16,1,3,1,2,25,256204.9,Sangat Kurang (<30%)
2024,Jawa Barat,Kab. Pangandaran,178.06,64993.07,0,0,2504.09,3.85,2504.09,3.85,0,2504.09,3.85,P 2,28.87,0.03,10.97,45.14,0.24,0.19,0.01,1.78,12.77,62487.81,Sangat Kurang (<30%)
2024,Jawa Barat,Kota Bogor,755.36,275707.63,57527.5,20.87,200886.69,72.86,258414.19,93.73,57314.42,10086.59,24.45,P 2,40,14,20,15,1,2.5,0.5,1,6,17292.21,Baik (>80%)
2024,Jawa Barat,Kota Bandung,1496.31,546151.49,520.95,0.1,119175.65,21.82,119696.6,21.92,520.95,119175.65,21.92,P 2,44.52,3.98,13.12,16.7,0.9,4.75,2.38,1.97,11.68,426456.55,Sangat Kurang (<30%)
2024,Jawa Barat,Kota Cirebon,216.35,78969.28,16.83,0.02,8576.77,10.86,8593.6,10.88,4.11,8576.77,10.87,P 2,49.22,11.76,5.56,19.01,0.71,1.76,0.58,1.43,9.97,70374.15,Sangat Kurang (<30%)
2024,Jawa Barat,Kota Bekasi,1768.29,645426.98,0,0,38129.21,5.91,38129.21,5.91,0,38129.21,5.91,P 2,65.2,7.2,4.2,15.6,0.2,6.3,0.5,0.5,0.3,607296.64,Sangat Kurang (<30%)
2024,Jawa Barat,Kota Depok,1363.09,497529.02,0,0,80699.09,16.22,80699.09,16.22,0,80699.09,16.22,P 2,,,,,,,,,,416828.76,Sangat Kurang (<30%)
2024,Jawa Barat,Kota Tasikmalaya,334.88,122229.45,0,0,22024.54,18.02,22024.54,18.02,0,22024.54,18.02,P 2,25.3,14.96,12.19,31.53,0.87,3.4,,4.28,7.47,100206.66,Sangat Kurang (<30%)
2024,Jawa Barat,Kota Banjar,87.2,31828,0,0,28314.46,88.96,28314.46,88.96,0,10371.06,32.58,P 2,,,,,,,,,,3513.54,Baik (>80%)
2024,Jawa Tengah,Kab. Cilacap,963.76,351771.64,3319.21,0.94,66058.71,18.78,69377.92,19.72,0,37471.91,10.65,P 2,57.67,1.71,9.71,16.42,1.33,1.25,,1.17,10.74,282394.48,Sangat Kurang (<30%)
2024,Jawa Tengah,Kab. Banyumas,731.43,266971.66,12.53,0,201895.34,75.62,201907.86,75.63,0,166946.59,62.53,P 2,36,6,6,30,9,5,3,5,,65064.09,Cukup (60-80%)
2024,Jawa Tengah,Kab. Purbalingga,513.67,187488.27,2.06,0,28535.65,15.22,28537.71,15.22,0,28535.65,15.22,P 2,60.43,2.02,9.02,18.69,0.61,2.26,5.09,0.81,1.07,158951.84,Sangat Kurang (<30%)
2024,Jawa Tengah,Kab. Kebumen,485.12,177069.85,41893.35,23.66,79174.08,44.71,121067.42,68.37,40717.43,54354.08,53.69,P 2,35.1,13.02,10.77,12.57,0.36,0.46,0.29,0.41,27.02,56001.38,Cukup (60-80%)
2024,Jawa Tengah,Kab. Purworejo,323.12,117937.34,0,0,55019.95,46.65,55019.95,46.65,0,28385.9,24.07,P 2,21.53,25.17,6.95,18.18,0.44,3.09,2.86,0.8,20.98,62918.85,Kurang (30-60%)
2024,Jawa Tengah,Kab. Wonosobo,363.87,132810.94,7891.3,5.94,59704.14,44.95,67595.44,50.9,7891.3,12254.14,15.17,P 2,60.93,9.5,13.57,9.11,2.5,1,0.31,0.74,2.34,65217.11,Kurang (30-60%)
2024,Jawa Tengah,Kab. Magelang,668.71,244077.51,62102.33,25.44,92989.97,38.1,155092.3,63.54,62101.1,6886.47,28.26,P 2,45.41,6.71,4.43,24.87,0.61,2.15,0.68,1.32,13.82,88986.85,Cukup (60-80%)
2024,Jawa Tengah,Kab. Boyolali,299.79,109424.6,11424.5,10.44,55559.8,50.77,66984.3,61.22,11424.5,18333.45,27.19,P 2,23.23,36.17,14.56,6.61,13.58,3.72,1.06,0.27,0.8,42439.05,Cukup (60-80%)
2024,Jawa Tengah,Kab. Klaten,653.97,238699.57,0,0,124696.46,52.24,124696.46,52.24,0,63375,26.55,P 2,60,5,5,20,0.5,5,3,0.5,1,114002.59,Kurang (30-60%)
2024,Jawa Tengah,Kab. Sukoharjo,366.59,133804.91,421.69,0.32,104389.17,78.02,104810.86,78.33,312.18,20358.87,15.45,P 2,52.55,0.42,13.33,23.79,0.89,1.19,0.33,1.03,6.47,28994.49,Cukup (60-80%)
2024,Jawa Tengah,Kab. Wonogiri,348.4,127166.54,44281.41,34.82,27309.36,21.48,71590.77,56.3,44281.07,5142.91,38.87,P 2,30,15,25,10,5,5,3.5,4.5,2,55575.23,Kurang (30-60%)
2024,Jawa Tengah,Kab. Karanganyar,382.05,139446.94,0,0,8.84,0.01,8.84,0.01,0,8.84,0.01,P 2,63,3,5,20,1,2,1,3,2,139439.41,Sangat Kurang (<30%)
2024,Jawa Tengah,Kab. Sragen,598.49,218449.22,141.32,0.06,146979.89,67.28,147121.21,67.35,138.7,72895.84,33.43,P 2,74.3,0.8,8.9,11.2,0.5,1.8,0.3,1.8,0.4,71327.64,Cukup (60-80%)
2024,Jawa Tengah,Kab. Grobogan,865.25,315817.2,983.01,0.31,171182.53,54.2,172165.55,54.51,0,140522.53,44.49,P 2,,,,,,,,,,143650.7,Kurang (30-60%)
2024,Jawa Tengah,Kab. Rembang,266.2,97163.15,0,0,13938.72,14.35,13938.72,14.35,0,13938.72,14.35,P 2,38.12,1.59,13.38,34.45,0.93,1.88,0.77,1.33,7.55,83224.28,Sangat Kurang (<30%)
2024,Jawa Tengah,Kab. Pati,679.68,248083.93,2.72,0,106275.51,42.84,106278.23,42.84,0,37290.51,15.03,P 2,30,5,20,25,5,5,2,5,3,141804.97,Kurang (30-60%)
2024,Jawa Tengah,Kab. Kudus,438.91,160202.33,0,0,31178.68,19.46,31178.68,19.46,0,31178.68,19.46,P 2,30.65,24.89,10.08,13.02,5.24,5.43,3.62,5.77,1.3,129023.47,Sangat Kurang (<30%)
2024,Jawa Tengah,Kab. Jepara,432.65,157915.99,0.41,0,79779.68,50.52,79780.09,50.52,0,23142.63,14.66,P 2,53.31,0.96,8.79,23.36,0.69,2.44,0.94,1.16,8.35,78137.16,Kurang (30-60%)
2024,Jawa Tengah,Kab. Demak,626.49,228667.03,0,0,156.04,0.07,156.04,0.07,0,156.04,0.07,P 2,39.69,12.9,12.08,17.89,3.26,2.49,1.75,2.36,7.58,228512.81,Sangat Kurang (<30%)
2024,Jawa Tengah,Kab. Semarang,538.96,196718.94,172.44,0.09,117208.88,59.58,117381.32,59.67,170.64,28148.88,14.4,P 2,61.56,11.58,4.25,18.53,0.27,0.18,,0.38,3.25,79339.08,Kurang (30-60%)
2024,Jawa Tengah,Kab. Temanggung,405.9,148153.14,24475.56,16.52,21830.03,14.73,46305.59,31.26,24259.68,21830.03,31.11,P 2,30.95,17.16,7.36,19.24,7.57,1.89,2.1,2.02,11.71,101847.91,Kurang (30-60%)
2024,Jawa Tengah,Kab. Kendal,437.22,159584.72,0,0,1178.17,0.74,1178.17,0.74,0,1178.17,0.74,P 2,30.61,15.08,9.49,23.02,0.29,8,1.07,0.87,11.57,158407.13,Sangat Kurang (<30%)
2024,Jawa Tengah,Kab. Batang,472.46,172449.11,59.76,0.03,13046.46,7.57,13106.22,7.6,0,13046.46,7.57,P 2,23.19,4.96,21.88,19.44,,,0.15,0.36,30.02,159341.68,Sangat Kurang (<30%)
2024,Jawa Tengah,Kab. Pekalongan,402.95,147078.06,1727.96,1.17,4696.51,3.19,6424.47,4.37,22.45,4696.51,3.21,P 2,31.2,12.9,10.4,26.7,2.7,2.6,2,1.3,10.2,140652.28,Sangat Kurang (<30%)
2024,Jawa Tengah,Kab. Pemalang,472.32,172397.83,1350.5,0.78,67077,38.91,68427.5,39.69,1350.5,67077,39.69,P 2,23,16,11,21,5,6,6,9,3,103969.3,Kurang (30-60%)
2024,Jawa Tengah,Kab. Tegal,661.94,241609.56,548.62,0.23,41116.63,17.02,41665.26,17.24,548.62,41116.63,17.24,P 2,52.54,3.39,4.46,23.09,0.21,4.14,,0.93,11.24,199942.84,Sangat Kurang (<30%)
2024,Jawa Tengah,Kab. Brebes,1021.54,372861.55,4.9,0,6075.32,1.63,6080.21,1.63,0,6075.32,1.63,P 2,5,50,5,25,4,4,1,1,5,366781.89,Sangat Kurang (<30%)
2024,Jawa Tengah,Kota Magelang,80.86,29515.1,13.17,0.04,27953.59,94.71,27966.76,94.75,13.17,4990.54,16.95,P 2,44.54,13.72,21.01,13.09,3.72,0,0.01,2.54,1.37,1547.14,Baik (>80%)
2024,Jawa Tengah,Kota Surakarta,420.17,153360.91,15415.63,10.05,26368.06,17.19,41783.69,27.25,10463.29,14976.41,16.59,P 2,38.18,5.64,13.64,22.73,3.64,7.27,,,8.9,111578.36,Sangat Kurang (<30%)
2024,Jawa Tengah,Kota Salatiga,115.06,41995.35,270.3,0.64,40119.52,95.53,40389.82,96.18,30.3,11532.72,27.53,P 2,15,12,24.6,12.91,12.3,6.16,2,7.52,7.51,1607.08,Baik (>80%)
2024,Jawa Tengah,Kota Semarang,1189.71,434243.97,94157.14,21.68,25111.55,5.78,119268.69,27.47,94133.14,25111.55,27.46,P 2,60.8,,10.2,17.2,1.2,4.9,1,1.8,2.9,314975.46,Sangat Kurang (<30%)
2024,Daerah Istimewa Yogyakarta,Kab. Kulon Progo,216.92,79177.19,15717.5,19.85,20397.3,25.76,36114.79,45.61,15261.97,9312.25,31.04,P 2,,,,,,,,,,43061.01,Kurang (30-60%)
2024,Daerah Istimewa Yogyakarta,Kab. Bantul,421.52,153853.22,0,0,55768.54,36.25,55768.54,36.25,0,30722.24,19.97,P 2,58.47,,12.27,26.26,0.22,1.47,0.27,0.8,0.24,98086.26,Kurang (30-60%)
2024,Daerah Istimewa Yogyakarta,Kab. Gunungkidul,368,134318.32,108.38,0.08,46660.87,34.74,46769.25,34.82,1.97,26950.87,20.07,P 2,47,1.8,15,15,1,1,0.2,1,18,87550.75,Kurang (30-60%)
2024,Daerah Istimewa Yogyakarta,Kab. Sleman,601.79,219653.64,1305.15,0.59,48573.28,22.11,49878.42,22.71,1305.15,30002.08,14.25,P 2,46.49,,17.08,32.77,0.99,0.16,0.03,0.57,1.9,169774.93,Sangat Kurang (<30%)
2024,Daerah Istimewa Yogyakarta,Kota Yogyakarta,332.48,121356.66,155.02,0.13,101858.79,83.93,102013.8,84.06,155.02,45374.22,37.52,P 2,,,,,,,,,,19341.4,Baik (>80%)
2024,Jawa Timur,Kab. Pacitan,304.67,111204.15,553.9,0.5,32533.2,29.26,33087.1,29.75,551.5,21136.44,19.5,P 2,68.2,2.9,8.2,17.2,0.3,0.2,0.3,0.5,2.2,78117.45,Sangat Kurang (<30%)
2024,Jawa Timur,Kab. Ponorogo,383.8,140087,1940.53,1.39,43794.87,31.26,45735.4,32.65,1927.93,32114.87,24.3,P 2,20,25.11,16.53,21.89,0.48,6.62,1.43,0.6,7.34,94351.6,Kurang (30-60%)
2024,Jawa Timur,Kab. Trenggalek,302.44,110391.91,3513.4,3.18,47140.4,42.7,50653.8,45.89,2774,9910.4,11.49,P 2,45,12,13,21,2,1,3,1,2,59736.8,Kurang (30-60%)
2024,Jawa Timur,Kab. Tulungagung,450.4,164395.27,0,0,49798.17,30.29,49798.17,30.29,0,49798.17,30.29,P 2,18.17,44.81,12.6,17.3,1.3,0.6,0.92,0.6,3.7,114597.83,Kurang (30-60%)
2024,Jawa Timur,Kab. Blitar,417,152206.64,10.03,0.01,92945.7,61.07,92955.73,61.07,0,11459.99,7.53,P 2,40,15,11.55,15,0.9,1.94,0.52,0.92,14.17,59249.27,Cukup (60-80%)
2024,Jawa Timur,Kab. Kediri,673.78,245930.28,66.55,0.03,72657.13,29.54,72723.68,29.57,0,22068.12,8.97,P 2,45.32,12.47,4.28,16.72,10,1.02,0.63,1.62,7.94,173206.02,Sangat Kurang (<30%)
2024,Jawa Timur,Kab. Malang,976,356238.93,0,0,155340.42,43.61,155340.42,43.61,0,42190.42,11.84,P 2,,,,,,,,,,200899.58,Kurang (30-60%)
2024,Jawa Timur,Kab. Lumajang,545.7,199180.68,54.24,0.03,98484.43,49.44,98538.67,49.47,0,23294.43,11.7,P 2,43.3,16.25,9.3,15.3,1.17,2.25,2.3,1.3,8.83,100641.83,Kurang (30-60%)
2024,Jawa Timur,Kab. Jember,835.52,304964.95,3.54,0,75741.98,24.84,75745.52,24.84,0,2741.98,0.9,P 2,50,10,5,30,2,1,1,1,,229219.28,Sangat Kurang (<30%)
2024,Jawa Timur,Kab. Banyuwangi,839.1,306270.96,322.08,0.11,186423.64,60.87,186745.72,60.97,0,113190.04,36.96,P 2,,,,,,,,,,119525.78,Cukup (60-80%)
2024,Jawa Timur,Kab. Bondowoso,315.2,115049.02,0,0,1189.28,1.03,1189.28,1.03,0,1189.28,1.03,P 2,33.04,13.15,15.56,20.71,0.3,1.5,0.9,0.9,13.94,113858.72,Sangat Kurang (<30%)
2024,Jawa Timur,Kab. Situbondo,256.63,93669.45,3580.11,3.82,8661.45,9.25,12241.56,13.07,274.1,8661.45,9.54,P 2,41.2,15.7,17.3,23.9,0.8,0.4,0.1,0.2,0.4,81428.39,Sangat Kurang (<30%)
2024,Jawa Timur,Kab. Probolinggo,465.54,169923.41,164.68,0.1,47964.52,28.23,48129.2,28.32,49.28,21488.43,12.67,P 2,40.02,12.25,15.4,17.21,0.45,5.15,1.77,2.08,5.67,121792.9,Sangat Kurang (<30%)
2024,Jawa Timur,Kab. Pasuruan,671.39,245057.2,0.13,0,20081.83,8.19,20081.96,8.19,0,15154.33,6.18,P 2,58.5,1,5.7,10,1.3,0.5,1,1,21,224975.39,Sangat Kurang (<30%)
2024,Jawa Timur,Kab. Sidoarjo,878.6,320690.1,0,0,21053.15,6.56,21053.15,6.56,0,21053.15,6.56,P 2,,,,,,,,,,299635.85,Sangat Kurang (<30%)
2024,Jawa Timur,Kab. Mojokerto,449.64,164117.17,9791.91,5.97,77285.3,47.09,87077.2,53.06,0,38968.69,23.74,P 2,47.88,1.91,19.54,21.07,0.53,0.47,0.17,0.24,8.19,77041.4,Kurang (30-60%)
2024,Jawa Timur,Kab. Jombang,530.37,193583.44,39.91,0.02,87132.57,45.01,87172.48,45.03,39.42,29676.1,15.35,P 2,49,12,8,15,1.8,5,1.6,1.6,6,106412.57,Kurang (30-60%)
2024,Jawa Timur,Kab. Nganjuk,457.8,167098.17,4992.42,2.99,32274.34,19.31,37266.76,22.3,4971.32,32274.34,22.29,P 2,61.5,2,13.1,12.3,6,1,1,1,2.1,129830.24,Sangat Kurang (<30%)
2024,Jawa Timur,Kab. Madiun,295.69,107927.58,538.96,0.5,43371.84,40.19,43910.8,40.69,0,27103.79,25.11,P 2,39.8,11.3,13.3,19.7,5.34,2.65,2.02,4.91,0.98,64016.05,Kurang (30-60%)
2024,Jawa Timur,Kab. Magetan,276.65,100976.23,585.31,0.58,74359.97,73.64,74945.28,74.22,583.69,56511.47,56.54,P 2,36.28,25.01,8.22,14.25,0.31,1.35,2.81,3.22,8.55,26031.97,Cukup (60-80%)
2024,Jawa Timur,Kab. Ngawi,371.87,135732.55,15.1,0.01,36180.03,26.66,36195.13,26.67,0,23397.73,17.24,P 2,59.47,6.92,11.17,10.71,1.77,0.81,1.61,1.33,6.21,99537.42,Sangat Kurang (<30%)
2024,Jawa Timur,Kab. Bojonegoro,368.03,134329.37,3.24,0,37927.56,28.23,37930.8,28.24,0.01,17405.55,12.96,P 2,,,,,,,,,,96400.15,Sangat Kurang (<30%)
2024,Jawa Timur,Kab. Tuban,528.51,192907.81,11371.67,5.89,109164.97,56.59,120536.64,62.48,10793.81,37989.97,25.29,P 2,58.52,15.32,5.78,11.02,0.17,1.62,0.1,1.33,6.14,72369.51,Cukup (60-80%)
2024,Jawa Timur,Kab. Lamongan,554.33,202331.91,0,0,29763.08,14.71,29763.08,14.71,0,29763.08,14.71,P 2,30,12,9,18,8,2,2,1,18,172567.37,Sangat Kurang (<30%)
2024,Jawa Timur,Kab. Gresik,402.23,146814.53,2333.72,1.59,106431.07,72.49,108764.79,74.08,2139.6,29587.62,21.61,P 2,55.29,10.29,4.47,11.58,0.47,4.84,2.02,1.37,9.66,38049.16,Cukup (60-80%)
2024,Jawa Timur,Kab. Bangkalan,417.67,152450.43,0.24,0,17166.55,11.26,17166.79,11.26,0,13629.7,8.94,P 2,52.32,15.32,9.72,14.97,0.43,1.02,0.29,2.93,3,135282.76,Sangat Kurang (<30%)
2024,Jawa Timur,Kab. Sampang,464.41,169511.29,37.86,0.02,13782.29,8.13,13820.15,8.15,0,1372.29,0.81,P 2,43,10,5,13,1,2,1,5,20,155689.5,Sangat Kurang (<30%)
2024,Jawa Timur,Kab. Pamekasan,280.74,102470.1,299.05,0.29,62672.53,61.16,62971.59,61.45,71.77,14539.11,14.26,P 2,55,4,7,13,3,5,2,2,9,39498.51,Cukup (60-80%)
2024,Jawa Timur,Kab. Sumenep,364.55,133059.91,1333.82,1,23265.1,17.48,24598.93,18.49,0,9212.6,6.92,P 2,41.92,11.34,9.89,24.77,0.89,8.04,0.74,1.15,1.26,108461.82,Sangat Kurang (<30%)
2024,Jawa Timur,Kota Kediri,182.28,66532.27,7.72,0.01,6059.75,9.11,6067.47,9.12,0,6059.75,9.11,P 2,61.2,7,13.5,12.6,2.5,0.7,0.5,0.5,1.5,60464.73,Sangat Kurang (<30%)
2024,Jawa Timur,Kota Blitar,77.44,28263.78,3157.66,11.17,24450.08,86.51,27607.74,97.68,3155.04,2132.52,18.71,P 2,42.4,13.2,8.56,16.5,3.8,2.6,2.85,2.94,7.15,657.86,Baik (>80%)
2024,Jawa Timur,Kota Malang,731.24,266901.57,837.12,0.31,263216.72,98.62,264053.85,98.93,827.91,84138.6,31.83,P 2,57.86,3.8,8,16.45,0.99,0.53,0.27,1.78,10.32,2848.75,Baik (>80%)
2024,Jawa Timur,Kota Probolinggo,121.87,44483.65,229.46,0.52,32483.62,73.02,32713.08,73.54,219.09,7538.2,17.44,P 2,6.58,39.16,8.08,10.89,6.33,6.86,6.41,7.93,7.76,11769.47,Cukup (60-80%)
2024,Jawa Timur,Kota Pasuruan,148.87,54335.88,0,0,47900.61,88.16,47900.61,88.16,0,11254.61,20.71,P 2,30,10,17.72,30.21,8.77,0.03,0.9,1.19,1.18,6436.94,Baik (>80%)
2024,Jawa Timur,Kota Mojokerto,99.25,36226.07,1802.08,4.97,32728.85,90.35,34530.93,95.32,122.97,3904.8,11.12,P 2,36.07,11.42,9.88,38.8,1.44,0.12,,2.24,0.03,1695.32,Baik (>80%)
2024,Jawa Timur,Kota Madiun,124.08,45287.39,86.4,0.19,10355.88,22.87,10442.28,23.06,17.52,9990.88,22.1,P 2,59.07,0.6,9.4,16.9,0.62,2,0.5,0.8,10.1,34846.92,Sangat Kurang (<30%)
2024,Jawa Timur,Kota Surabaya,1810.81,660946.82,1736.77,0.26,650464.41,98.41,652201.17,98.68,1679,89553.4,13.8,P 2,55.48,2.25,3.05,22.01,0.25,5.75,1.35,0.5,9.36,8744.48,Baik (>80%)
2024,Jawa Timur,Kota Batu,144.96,52910.59,17.76,0.03,40138.67,75.86,40156.43,75.89,0,13493.67,25.5,P 2,22,,0.45,1.01,0,,,0.07,,12753.97,Cukup (60-80%)
2024,Banten,Kab. Pandeglang,525.11,191663.84,0,0,659.21,0.34,659.21,0.34,0,188.36,0.1,P 2,59.41,7.75,7.04,17.02,1.3,0.94,0.47,0.65,5.42,191005.94,Sangat Kurang (<30%)
2024,Banten,Kab. Lebak,612.63,223608.34,104.14,0.05,29599.65,13.24,29703.79,13.28,0,7699.65,3.44,P 2,30,12,10,15,8,5,5,10,5,193906.16,Sangat Kurang (<30%)
2024,Banten,Kab. Serang,1200.57,438206.52,0,0,4056.12,0.93,4056.12,0.93,0,4056.12,0.93,P 2,,,,,,,,,,434151.93,Sangat Kurang (<30%)
2024,Banten,Kota Tangerang,2187.41,798405.91,1064.97,0.13,241440.94,30.24,242505.91,30.37,0,221000.94,27.68,P 2,57.65,0.44,13.18,19.66,1.07,2.32,0.8,0.37,4.51,555898.74,Kurang (30-60%)
2024,Banten,Kota Cilegon,360.92,131735.68,0,0,2687.52,2.04,2687.52,2.04,0,2687.52,2.04,P 2,46.53,2.04,14.21,19.46,1.35,1.85,1.71,1.86,10.99,129048.28,Sangat Kurang (<30%)
2024,Banten,Kota Serang,617.31,225318.46,0.41,0,22774.72,10.11,22775.13,10.11,0,21679.72,9.62,P 2,66.25,4.7,7.2,20.55,0.35,0.15,0.15,0.6,0.05,202543.02,Sangat Kurang (<30%)
2024,Banten,Kota Tangerang Selatan,1053.8,384635.92,620.5,0.16,219226.83,57,219847.33,57.16,620.5,26897.37,7.15,P 2,45.23,16.32,9.13,15.27,0.28,1.47,,0.15,12.15,164789.67,Kurang (30-60%)
2024,Bali,Kab. Jembrana,164.68,60106.92,92.86,0.15,15953.77,26.54,16046.63,26.7,3.65,12997.27,21.63,P 2,27.37,47.94,0.84,19.04,0.71,0.03,3.13,0.61,0.33,44061.57,Sangat Kurang (<30%)
2024,Bali,Kab. Tabanan,237.18,86571.07,0,0,805.74,0.93,805.74,0.93,0,805.74,0.93,P 2,29.2,39.76,2.84,10.51,0.34,2.28,1.94,0.94,12.19,85764.96,Sangat Kurang (<30%)
2024,Bali,Kab. Badung,547.43,199810.15,0,0,146616.85,73.38,146616.85,73.38,0,61389.35,30.72,P 2,16,33.9,11.1,28.4,2.6,2.1,0.67,0.9,4.33,53195.1,Cukup (60-80%)
2024,Bali,Kab. Gianyar,562,205129.64,0,0,36908.8,17.99,36908.8,17.99,0,36908.8,17.99,P 2,16.97,46.05,8.25,18.93,0.6,3.63,1.17,1.13,1,168221.2,Sangat Kurang (<30%)
2024,Bali,Kab. Klungkung,111.86,40829.45,0.3,0,17225.14,42.19,17225.44,42.19,0,17090.09,41.86,P 2,23.38,46.42,5.67,11.19,1.41,1.51,1.67,0.46,8.29,23603.46,Kurang (30-60%)
2024,Bali,Kab. Bangli,113.86,41557.88,1562.75,3.76,6788.15,16.33,8350.9,20.09,1459.38,6784.5,19.84,P 2,27.7,45.1,5.3,10.32,6.7,0.06,1.02,1.6,2.2,33208,Sangat Kurang (<30%)
2024,Bali,Kab. Karangasem,281.22,102643.48,15.7,0.02,6262.4,6.1,6278.09,6.12,15.7,6262.4,6.12,P 2,60,9,18,8,1,1,1,1,1,96367.21,Sangat Kurang (<30%)
2024,Bali,Kab. Buleleng,413.1,150779.68,0,0,103495.1,68.64,103495.1,68.64,0,13157.6,8.73,P 2,17.92,49.86,9.53,14.11,0.25,2.75,0.62,1.75,3.21,47286.4,Cukup (60-80%)
2024,Bali,Kota Denpasar,1004.95,366806.75,102.23,0.03,63003.96,17.18,63106.19,17.2,102.23,63003.96,17.2,P 2,16.01,47.36,14.83,11.83,0.42,1.11,1.19,0.84,6.41,303700.56,Sangat Kurang (<30%)
2024,Nusa Tenggara Barat,Kab. Lombok Barat,301.46,110031.59,0,0,37047.24,33.67,37047.24,33.67,0,5310.49,4.83,P 2,22.5,19.6,20.3,5.6,9.7,3.5,6.3,3.5,9,72985.66,Kurang (30-60%)
2024,Nusa Tenggara Barat,Kab. Lombok Timur,556.55,203141.77,44.86,0.02,65646.29,32.32,65691.15,32.34,0,26043.79,12.82,P 2,39,20,3.5,19,7,4,3,4,0.5,137449.6,Kurang (30-60%)
2024,Nusa Tenggara Barat,Kab. Sumbawa,263,95996.46,0,0,4914.94,5.12,4914.94,5.12,0,4914.94,5.12,P 2,38.21,8.18,12.19,20.34,2.36,0.51,0.68,4.28,13.25,91080.06,Sangat Kurang (<30%)
2024,Nusa Tenggara Barat,Kab. Sumbawa Barat,62.09,22664.31,0,0,5526.22,24.38,5526.22,24.38,0,5493.37,24.24,P 2,18,25,8.5,46,2.5,,,,,17136.63,Sangat Kurang (<30%)
2024,Nusa Tenggara Barat,Kab. Lombok Utara,108.79,39708.06,304.28,0.77,1157.52,2.92,1461.8,3.68,0,1157.52,2.92,P 2,60,5,5,15,5,2,2,2,4,38246.55,Sangat Kurang (<30%)
2024,Nusa Tenggara Timur,Kab. Kupang,156.08,56970.66,0.02,0,0,0,0.02,0,0.02,0,0,P 2,44,21,6,12,2,6,3,1,5,56969.18,Sangat Kurang (<30%)
2024,Nusa Tenggara Timur,Kab. Timor Tengah Utara,109.64,40019.18,0,0,6,0.01,6,0.01,0,6,0.01,P 2,20,40,10,25,5,,,,,40012.6,Sangat Kurang (<30%)
2024,Nusa Tenggara Timur,Kab. Belu,92.58,33791.99,0,0,219,0.65,219,0.65,0,219,0.65,P 2,41,14,12.2,16,4.4,3.7,1.9,3.2,3.6,33572.7,Sangat Kurang (<30%)
2024,Nusa Tenggara Timur,Kab. Alor,90.66,33090.32,0,0,3294.49,9.96,3294.49,9.96,0,3294.49,9.96,P 2,9.09,22.72,15.15,22.73,7.57,3.8,11.36,3.8,3.78,29796.41,Sangat Kurang (<30%)
2024,Nusa Tenggara Timur,Kab. Flores Timur,208.07,75944.82,0,0,1081.81,1.42,1081.81,1.42,0,1081.81,1.42,P 2,22.03,50,5.58,18.01,2.02,0.02,1.01,1,0.33,74863.74,Sangat Kurang (<30%)
2024,Nusa Tenggara Timur,Kab. Sikka,134.14,48962.56,0,0,0,0,0,0,0,0,0,P 2,29,17,13,19.5,4.25,3,2.8,3.3,8.15,48961.1,Sangat Kurang (<30%)
2024,Nusa Tenggara Timur,Kab. Ende,110.51,40337.9,0,0,10.8,0.03,10.8,0.03,0,10.8,0.03,P 2,32,20,10,14,0.5,5,0.5,0.5,17.5,40325.35,Sangat Kurang (<30%)
2024,Nusa Tenggara Timur,Kab. Ngada,120.07,43825.66,0,0,7847.5,17.91,7847.5,17.91,0,0,0,P 2,10,10,20,25,10,10,5,5,5,35978.05,Sangat Kurang (<30%)
2024,Nusa Tenggara Timur,Kab. Manggarai,149.38,54522.82,0,0,0,0,0,0,0,0,0,P 2,10,17,12,26,3,3,2,7,20,54523.7,Sangat Kurang (<30%)
2024,Nusa Tenggara Timur,Kab. Sumba Timur,59.71,21792.78,0,0,394.57,1.81,394.57,1.81,0,394.57,1.81,P 2,15,10,20,35,7,4,5,3,1,21399.58,Sangat Kurang (<30%)
2024,Nusa Tenggara Timur,Kab. Sumba Barat,62.01,22631.9,0,0,0,0,0,0,0,0,0,P 2,,,,,,,,,,22633.65,Sangat Kurang (<30%)
2024,Nusa Tenggara Timur,Kab. Lembata,71.17,25975.96,1.03,0,1896.95,7.3,1897.98,7.31,0,9.9,0.04,P 2,30,15,10,25,8,8,1,2,1,24079.07,Sangat Kurang (<30%)
2024,Nusa Tenggara Timur,Kab. Rote Ndao,59.52,21726.41,0,0,1037.7,4.78,1037.7,4.78,0,1037.7,4.78,P 2,20,20,10,40,2,2,1,1,4,20687.1,Sangat Kurang (<30%)
2024,Nusa Tenggara Timur,Kab. Manggarai Barat,145.34,53050.56,0,0,2463.06,4.64,2463.06,4.64,0,2463.06,4.64,P 2,35,13,10,29,5,1,3,4,,50586.04,Sangat Kurang (<30%)
2024,Nusa Tenggara Timur,Kab. Nagekeo,65.78,24010.72,0,0,276.71,1.15,276.72,1.15,0,276.71,1.15,P 2,15.86,11.46,22.16,26.31,5.29,6.17,2.96,5.56,4.23,23732.98,Sangat Kurang (<30%)
2024,Nusa Tenggara Timur,Kab. Sumba Tengah,36.19,13210.37,1.1,0.01,227.03,1.72,228.13,1.73,1.1,227.03,1.73,P 2,33,26,11,19,1,2,1,1,6,12981.22,Sangat Kurang (<30%)
2024,Nusa Tenggara Timur,Kab. Sumba Barat Daya,161.04,58778.32,0,0,0,0,0,0,0,0,0,P 2,25,20,5,20,5,7,5,5,8,58779.6,Sangat Kurang (<30%)
2024,Nusa Tenggara Timur,Kab. Manggarai Timur,99.86,36449.48,0,0,0,0,0,0,0,0,0,P 2,15,25,13,30,1,,,1,15,36448.9,Sangat Kurang (<30%)
2024,Nusa Tenggara Timur,Kab. Sabu Raijua,37.91,13838.9,0,0,0,0,0,0,0,0,0,P 2,14,24,22,25,9,1,1,3,1,13837.15,Sangat Kurang (<30%)
2024,Nusa Tenggara Timur,Kab. Malaka,76.4,27885.12,0,0,0,0,0,0,0,0,0,P 2,35.43,28.93,10.01,12.93,0.54,2.37,1.97,0.39,7.43,27886,Sangat Kurang (<30%)
2024,Nusa Tenggara Timur,Kota Kupang,233.32,85160.34,0,0,6876.46,8.07,6876.46,8.07,0,6876.46,8.07,P 2,29,17,13,19.5,4.25,3,2.8,3.3,8.15,78285.34,Sangat Kurang (<30%)
2024,Kalimantan Barat,Kab. Sambas,390.55,142551.7,7.64,0.01,15300.19,10.73,15307.83,10.74,0,1568.89,1.1,P 2,40,5.6,14.2,25,0.3,1,0.9,2,11,127242.92,Sangat Kurang (<30%)
2024,Kalimantan Barat,Kab. Mempawah,83.56,30500.63,1.08,0,4,0.01,5.08,0.02,0,4,0.01,P 2,40.25,13.93,10.03,18.37,3.05,2.59,2.04,2.21,7.53,30494.32,Sangat Kurang (<30%)
2024,Kalimantan Barat,Kab. Sanggau,253.78,92630.43,0,0,15.97,0.02,15.97,0.02,0,15.97,0.02,P 2,56.21,13.61,4.73,7.1,,,,2.96,15.39,92613.73,Sangat Kurang (<30%)
2024,Kalimantan Barat,Kab. Kapuas Hulu,137.46,50171.99,0,0,0,0,0,0,0,0,0,P 2,44.77,1.32,12.8,28.62,2.2,1.51,2.56,2.29,3.93,50172.9,Sangat Kurang (<30%)
2024,Kalimantan Barat,Kab. Bengkayang,119.59,43650.93,0,0,0,0,0,0,0,0,0,P 2,,,,,,,,,,43650.35,Sangat Kurang (<30%)
2024,Kalimantan Barat,Kab. Landak,163.83,59797.95,227.76,0.38,0,0,227.76,0.38,227.76,0,0.38,P 2,35,2,20,28,2,,,7,6,59570.19,Sangat Kurang (<30%)
2024,Kalimantan Barat,Kab. Melawi,87.04,31769.6,0,0,56.78,0.18,56.78,0.18,0,56.78,0.18,P 2,38.39,0.28,12.99,46.8,0.08,0.38,0.02,0.06,1,31712.82,Sangat Kurang (<30%)
2024,Kalimantan Barat,Kab. Kayong Utara,67.54,24653.38,0,0,815.61,3.31,815.61,3.31,0,815.61,3.31,P 2,,,,,,,,,,23836.49,Sangat Kurang (<30%)
2024,Kalimantan Barat,Kab. Kubu Raya,443.06,161718.47,0,0,49.79,0.03,49.79,0.03,0,49.79,0.03,P 2,,,,,,,,,,161667.11,Sangat Kurang (<30%)
2024,Kalimantan Barat,Kota Pontianak,411.96,150366.28,0,0,37895.74,25.2,37895.74,25.2,0,37895.74,25.2,P 2,,,,,,,,,,112469.66,Sangat Kurang (<30%)
2024,Kalimantan Barat,Kota Singkawang,97.21,35483.2,0,0,35347,99.62,35347,99.62,0,4205.2,11.85,P 2,76,,8.4,7.8,3.6,,,,4.2,134.65,Baik (>80%)
2024,Kalimantan Tengah,Kab. Kotawaringin Barat,139.87,51052.55,16.42,0.03,41359.98,81.01,41376.4,81.05,14.24,8053.73,15.8,P 2,51,8,13,10,2,2,2,1,11,9676.15,Baik (>80%)
2024,Kalimantan Tengah,Kab. Kotawaringin Timur,239.41,87386.26,0,0,464.65,0.53,464.65,0.53,0,464.65,0.53,P 2,,,,,,,,,,86920,Sangat Kurang (<30%)
2024,Kalimantan Tengah,Kab. Kapuas,212.59,77596.45,0,0,10284.49,13.25,10284.49,13.25,0,1498.44,1.93,P 2,30.38,12.84,13.06,20.79,14.92,2,,1.91,4.1,67310.86,Sangat Kurang (<30%)
2024,Kalimantan Tengah,Kab. Barito Selatan,67.98,24813.8,0,0,1443.04,5.82,1443.04,5.82,0,1443.04,5.82,P 2,47,5,9,29,5,1,2,1,1,23369.66,Sangat Kurang (<30%)
2024,Kalimantan Tengah,Kab. Katingan,67.73,24722.91,0.98,0,127.75,0.52,128.73,0.52,0,127.75,0.52,P 2,56.98,2.06,13.17,14.34,4.02,1.78,3.41,3.28,0.95,24592.72,Sangat Kurang (<30%)
2024,Kalimantan Tengah,Kab. Seruyan,85.65,31262.98,0,0,254.41,0.81,254.41,0.81,0,254.41,0.81,P 2,30,15,10.5,25,2,1.5,5,2.5,8.5,31007.84,Sangat Kurang (<30%)
2024,Kalimantan Tengah,Kab. Sukamara,25.77,9406.93,0,0,2749.9,29.23,2749.9,29.23,0,2146.08,22.81,P 2,,,,,,,,,,6656.15,Sangat Kurang (<30%)
2024,Kalimantan Tengah,Kab. Gunung Mas,98.38,35908.88,0,0,0,0,0,0,0,0,0,P 2,16,10,15,50,5,0.5,2,1,0.5,35908.7,Sangat Kurang (<30%)
2024,Kalimantan Tengah,Kab. Pulang Pisau,69.1,25221.5,600,2.38,1199.57,4.76,1799.57,7.14,0,1199.57,4.76,P 2,23.51,26.74,13.31,25.13,3.19,2.41,0.83,1.79,3.09,23421.93,Sangat Kurang (<30%)
2024,Kalimantan Tengah,Kab. Barito Timur,46.92,17127.55,0,0,294.4,1.72,294.4,1.72,0,294.4,1.72,P 2,32,9,7,37,1,5,6.5,1.2,1.3,16831.4,Sangat Kurang (<30%)
2024,Kalimantan Tengah,Kota Palangkaraya,160.25,58491.25,1156.52,1.98,56204.37,96.09,57360.89,98.07,1065.8,14667.37,26.9,P 2,41.8,4.33,8.66,19.74,2.31,2.36,2.18,2.04,16.58,1130.36,Baik (>80%)
2024,Kalimantan Selatan,Kab. Tanah Laut,145.65,53161.08,540.79,1.02,13287.46,24.99,13828.25,26.01,0,56.21,0.11,P 2,,,,,,,,,,39334,Sangat Kurang (<30%)
2024,Kalimantan Selatan,Kab. Kotabaru,181.3,66175.43,0,0,12049.1,18.21,12049.1,18.21,0,1084.5,1.64,P 2,30,14,16,28,3,4,2,2,1,54125.4,Sangat Kurang (<30%)
2024,Kalimantan Selatan,Kab. Banjar,365.43,133381.04,0,0,47460.14,35.58,47460.14,35.58,0,25560.14,19.16,P 2,22,3,20,30,,,,,25,85921.81,Kurang (30-60%)
2024,Kalimantan Selatan,Kab. Barito Kuala,100.28,36602.13,2118.13,5.79,24506.23,66.95,26624.36,72.74,1978.67,7624.98,26.24,P 2,59.5,9.5,10.5,12,3.1,1.9,0.5,2,1,9977.84,Cukup (60-80%)
2024,Kalimantan Selatan,Kab. Tapin,79.16,28892.38,28.8,0.1,22669.28,78.46,22698.07,78.56,22.12,5200.38,18.08,P 2,39.98,3.58,16.73,30.5,1.65,4.92,1.36,0.95,0.33,6195.33,Cukup (60-80%)
2024,Kalimantan Selatan,Kab. Hulu Sungai Selatan,97.6,35624.29,82.38,0.23,25933.27,72.8,26015.65,73.03,55.85,8048.27,22.75,P 2,55.18,1.48,13.13,25.35,2.9,0.46,0.9,0.4,0.2,9608.35,Cukup (60-80%)
2024,Kalimantan Selatan,Kab. Hulu Sungai Tengah,134.18,48975.7,7,0.01,28294.85,57.77,28301.86,57.79,1.93,7121.2,14.54,P 2,,48.18,7.58,15.91,0.47,0.66,0.59,1.17,25.44,20673.84,Kurang (30-60%)
2024,Kalimantan Selatan,Kab. Hulu Sungai Utara,94.82,34609.15,0,0,20.3,0.06,20.3,0.06,0,20.3,0.06,P 2,48.59,8.12,8.45,12.6,0.85,0.3,1,6.6,13.49,34589,Sangat Kurang (<30%)
2024,Kalimantan Selatan,Kab. Tabalong,118.06,43092.79,25.32,0.06,33883.96,78.63,33909.28,78.69,0,1873.46,4.35,P 2,36,2,17,24,1,3,1,3,13,9182.62,Cukup (60-80%)
2024,Kalimantan Selatan,Kab. Tanah Bumbu,175.66,64117.18,0.01,0,59653.45,93.04,59653.46,93.04,0,12517.35,19.52,P 2,64.04,4.23,3.2,12.3,2.1,2.2,1.24,2.23,8.46,4462.44,Baik (>80%)
2024,Kalimantan Selatan,Kab. Balangan,58.77,21452.55,50.92,0.24,4259.32,19.85,4310.25,20.09,49.44,4259.32,20.09,P 2,60.62,7.36,10.43,15.84,2.01,1.53,0.98,0.2,1.03,17140.8,Sangat Kurang (<30%)
2024,Kalimantan Selatan,Kota Banjarmasin,475.75,173647.25,0,0,48339.01,27.84,48339.01,27.84,0,38649.72,22.26,P 2,,,,,,,,,,125309.74,Sangat Kurang (<30%)
2024,Kalimantan Selatan,Kota Banjarbaru,190.93,69690.95,21.77,0.03,65888.98,94.54,65910.75,94.58,21.72,15570.08,22.37,P 2,50.17,5.1,18,23.9,0.8,0.3,0.43,0.1,1.2,3778.7,Baik (>80%)
2024,Kalimantan Timur,Kab. Paser,126.96,46341.67,115.84,0.25,34028.07,73.43,34143.92,73.68,0,5665.86,12.23,P 2,45.9,9.01,8.28,17.02,0.84,1.41,0.86,2.3,14.38,12196.48,Cukup (60-80%)
2024,Kalimantan Timur,Kab. Kutai Kartanegara,372.77,136061.62,285.43,0.21,16048.53,11.8,16333.96,12,285.43,16048.53,12,P 2,32.58,24.72,12.89,18.61,0.99,3.39,2.86,0.67,3.29,119727.09,Sangat Kurang (<30%)
2024,Kalimantan Timur,Kab. Berau,149.5,54568.41,120.62,0.22,36152.98,66.25,36273.6,66.47,47.06,5805.79,10.73,P 2,55.39,1.28,3.74,26.47,9.63,0.2,0.2,0.99,2.1,18293.9,Cukup (60-80%)
2024,Kalimantan Timur,Kab. Kutai Barat,74.63,27240.83,0,0,209.39,0.77,209.39,0.77,0,209.39,0.77,P 2,18,1,35,22,24,,,,,27030.56,Sangat Kurang (<30%)
2024,Kalimantan Timur,Kab. Kutai Timur,224.43,81915.13,9.6,0.01,7337.06,8.96,7346.66,8.97,0,7191.06,8.78,P 2,,,,,,,,,,74570.29,Sangat Kurang (<30%)
2024,Kalimantan Timur,Kab. Penajam Paser Utara,101.03,36877.23,1.63,0,23335.91,63.28,23337.54,63.28,0,4680.76,12.69,P 2,46.13,1.09,20.87,29.83,0.22,0.02,0.67,0.83,0.34,13538.41,Cukup (60-80%)
2024,Kalimantan Timur,Kab. Mahakam Ulu,18.87,6888.69,0,0,91.25,1.32,91.25,1.32,0,91.25,1.32,P 2,,,,,,,,,,6796.3,Sangat Kurang (<30%)
2024,Kalimantan Timur,Kota Balikpapan,540.69,197352.8,806.8,0.41,191948.52,97.26,192755.32,97.67,789.02,51343.22,26.42,P 2,42.3,6.36,10.26,7.2,3.87,2.94,0.98,6.56,19.53,4596.53,Baik (>80%)
2024,Kalimantan Timur,Kota Samarinda,616.86,225152.99,171.83,0.08,33271.19,14.78,33443.02,14.85,0,33271.19,14.78,P 2,,,,,,,,,,191710.88,Sangat Kurang (<30%)
2024,Kalimantan Timur,Kota Bontang,107.41,39206.17,358.8,0.92,38258.57,97.58,38617.37,98.5,358.8,10438.27,27.54,P 2,44.12,6,27.5,18,2.1,0.03,0.25,1.05,0.95,587.28,Baik (>80%)
2024,Kalimantan Utara,Kab. Bulungan,84.06,30681.17,0,0,29331.4,95.6,29331.4,95.6,0,0,0,P 2,,,,,,,,,,1350.5,Baik (>80%)
2024,Kalimantan Utara,Kab. Malinau,34.59,12624.77,22.37,0.18,12.31,0.1,34.68,0.27,0,12.31,0.1,P 2,26.43,15,18.55,20,2,3,2,2,8,12590.67,Sangat Kurang (<30%)
2024,Kalimantan Utara,Kab. Nunukan,45.76,16703.8,0.21,0,13981.66,83.7,13981.87,83.7,0,4615.76,27.63,P 2,52.38,1.77,11.81,12.57,3,4.23,1.08,1.68,11.48,2720.53,Baik (>80%)
2024,Kalimantan Utara,Kab. Tana Tidung,11.72,4276.49,0,0,2899.88,67.81,2899.88,67.81,0,60.87,1.42,P 2,,,,,,,,,,1377.92,Cukup (60-80%)
2024,Sulawesi Utara,Kab. Bolaang Mongondow,127.47,46527.46,0,0,0,0,0,0,0,0,0,P 2,49.98,14.52,8.5,10.8,4.05,3.33,2.9,2.32,3.6,46526.55,Sangat Kurang (<30%)
2024,Sulawesi Utara,Kab. Minahasa,176.53,64432.36,489.1,0.76,16277.3,25.26,16766.4,26.02,489.1,16277.3,26.02,P 2,,,,,,,,,,47667.05,Sangat Kurang (<30%)
2024,Sulawesi Utara,Kab. Kepulauan Sangihe,56.25,20529.64,16.53,0.08,11212.88,54.62,11229.41,54.7,0,368.73,1.8,P 2,45.73,17.85,5.2,20.55,2.46,0.5,3.3,1,3.41,9301.84,Kurang (30-60%)
2024,Sulawesi Utara,Kab. Kepulauan Talaud,40.26,14694.17,0,0,0,0,0,0,0,0,0,P 2,40.58,9,5.2,32.5,0.3,0.3,2,1.7,8.42,14694.9,Sangat Kurang (<30%)
2024,Sulawesi Utara,Kab. Minahasa Selatan,87.02,31764.05,83.86,0.26,12667.34,39.88,12751.2,40.14,0,1717.34,5.41,P 2,20,12,12,36,4,4,5,2,5,19011.1,Kurang (30-60%)
2024,Sulawesi Utara,Kab. Minahasa Utara,120.48,43976.48,0,0,23871.83,54.28,23871.83,54.28,0,22.73,0.05,P 2,43.1,12.7,13.4,20.45,1.9,2.15,2.65,2.4,1.25,20103.37,Kurang (30-60%)
2024,Sulawesi Utara,Kab. Minahasa Tenggara,47.72,17418.53,0.08,0,33.86,0.19,33.94,0.19,0,33.86,0.19,P 2,34.29,5.71,14.29,2.86,5.71,11.43,5.71,2.86,17.14,17383.86,Sangat Kurang (<30%)
2024,Sulawesi Utara,Kab. Bolaang Mongondow Utara,34.44,12572.21,0,0,6876.97,54.7,6876.97,54.7,0,11.32,0.09,P 2,20,30,10,10,5,5,5,5,10,5693.63,Kurang (30-60%)
2024,Sulawesi Utara,Kab. Kep. Siau Tagulandang Biaro,29.15,10640.92,5.42,0.05,116.8,1.1,122.22,1.15,0,116.8,1.1,P 2,40,5,10,30,5,5,5,,,10517.53,Sangat Kurang (<30%)
2024,Sulawesi Utara,Kab. Bolaang Mongondow Timur,37.07,13529.97,0,0,0,0,0,0,0,0,0,P 2,50.15,14.7,8.7,12.5,3.8,3.1,2.5,1.9,2.65,13530.55,Sangat Kurang (<30%)
2024,Sulawesi Utara,Kab. Bolaang Mongondow Selatan,30.15,11004.6,0,0,147.28,1.34,147.28,1.34,0,147.28,1.34,P 2,21,22,10,10,5,6,5,5,16,10857.47,Sangat Kurang (<30%)
2024,Sulawesi Utara,Kota Manado,296.05,108059.84,138.7,0.13,8864.7,8.2,9003.4,8.33,138.7,8864.7,8.33,P 2,47.7,1.14,18.66,19.48,0.26,1.54,1.49,1.85,7.88,99054.85,Sangat Kurang (<30%)
2024,Sulawesi Utara,Kota Bitung,150.31,54861.98,0,0,11.16,0.02,11.16,0.02,0,11.16,0.02,P 2,50.2,2.05,16.03,15.07,0.36,1.48,1.37,1.83,11.61,54851.99,Sangat Kurang (<30%)
2024,Sulawesi Utara,Kota Tomohon,51.36,18747.13,0.42,0,13559.75,72.33,13560.17,72.33,0,54.75,0.29,P 2,,,,,,,,,,5186.23,Cukup (60-80%)
2024,Sulawesi Utara,Kota Kotamobagu,86.65,31626.81,5.19,0.02,24722.45,78.17,24727.63,78.19,2.96,2471.68,7.82,P 2,53.5,5,11.8,8.5,5.7,3.6,2.6,2.8,6.5,6899.62,Cukup (60-80%)
2024,Sulawesi Tengah,Kab. Donggala,123.32,45011.8,372.48,0.83,8323.06,18.49,8695.54,19.32,0,950.05,2.11,P 2,35,10,20,13,6,3,3,3,7,36316.26,Sangat Kurang (<30%)
2024,Sulawesi Tengah,Kab. Morowali,85.23,31107.13,0,0,5667.92,18.22,5667.92,18.22,0,882.77,2.84,P 2,2.2,3,2.5,8.88,3.1,1.5,2,0.2,3,25441.03,Sangat Kurang (<30%)
2024,Sulawesi Tengah,Kab. Banggai Kepulauan,60.84,22207.33,242.4,1.09,15.65,0.07,258.05,1.16,0,15.65,0.07,P 2,15,20,13,15,8,3,5,6,15,21948.55,Sangat Kurang (<30%)
2024,Sulawesi Tengah,Kab. Parigi Moutong,228.52,83408.16,0,0,6931.49,8.31,6931.49,8.31,0,3460.34,4.15,P 2,,,,,,,,,,76478.31,Sangat Kurang (<30%)
2024,Sulawesi Tengah,Kab. Banggai Laut,38.7,14124.59,0,0,219,1.55,219,1.55,0,219,1.55,P 2,,,,,,,,,,13906.5,Sangat Kurang (<30%)
2024,Sulawesi Tengah,Kab. Morowali Utara,75.32,27490.71,1.83,0.01,9.86,0.04,11.68,0.04,1.83,9.86,0.04,P 2,,,,,,,,,,27480.12,Sangat Kurang (<30%)
2024,Sulawesi Tengah,Kota Palu,194.98,71167.52,3758.08,5.28,64110.64,90.08,67868.72,95.36,0,2060.64,2.9,P 2,70.96,0.77,9.44,10.43,1.9,1.06,0.6,0.59,4.25,3298.98,Baik (>80%)
2024,Sulawesi Selatan,Kab. Kepulauan Selayar,56.84,20746.6,0,0,451.6,2.18,451.6,2.18,0,451.6,2.18,P 2,,,,,,,,,,20295,Sangat Kurang (<30%)
2024,Sulawesi Selatan,Kab. Bulukumba,186.15,67943,2704.01,3.98,5688.96,8.37,8392.96,12.35,1468.27,5688.96,10.53,P 2,38.12,28.72,8.73,15.21,3.82,1.17,2.39,1.84,,59551.79,Sangat Kurang (<30%)
2024,Sulawesi Selatan,Kab. Bantaeng,84.65,30896.96,150.49,0.49,9777.69,31.65,9928.17,32.13,144.91,9777.69,32.12,P 2,30.13,27.5,10,14,2.24,3,2,1.13,10,20969.08,Kurang (30-60%)
2024,Sulawesi Selatan,Kab. Jeneponto,168.05,61337.96,470.14,0.77,4456.35,7.27,4926.49,8.03,0,4456.35,7.27,P 2,19,22.5,11.5,21.5,5,1.5,4,2.5,12.5,56411.76,Sangat Kurang (<30%)
2024,Sulawesi Selatan,Kab. Sinjai,110.51,40335.27,180.81,0.45,6522.37,16.17,6703.18,16.62,0.21,6522.37,16.17,P 2,31.5,13,31.09,14.68,8.2,0.87,0.44,0.08,,33632.97,Sangat Kurang (<30%)
2024,Sulawesi Selatan,Kab. Bone,410.26,149743.08,194.53,0.13,108497.47,72.46,108691.99,72.59,138.7,21536.22,14.47,P 2,39.3,13.1,11.5,19.2,3.4,2.3,2,2,7.2,41052.91,Cukup (60-80%)
2024,Sulawesi Selatan,Kab. Maros,165.44,60385.6,109.83,0.18,41738.17,69.12,41847.99,69.3,52.93,9435.67,15.71,P 2,65.15,10.25,8.7,7.84,2.45,,,,6,18537.61,Cukup (60-80%)
2024,Sulawesi Selatan,Kab. Pangkajene dan Kepulauan,144.72,52821.49,0,0,27891.81,52.8,27891.81,52.8,0,6809.41,12.89,P 2,63.13,10.83,8.99,7.29,6.5,0.72,0.19,1.55,0.8,24930.99,Kurang (30-60%)
2024,Sulawesi Selatan,Kab. Barru,78.53,28664.91,0,0,18150.71,63.32,18150.71,63.32,0,4590.96,16.02,P 2,61.8,8,6.2,15.7,1.8,1,1,1,3.5,10512.74,Cukup (60-80%)
2024,Sulawesi Selatan,Kab. Soppeng,96.38,35179.43,272.34,0.77,27127.16,77.11,27399.5,77.89,272.29,3767.16,11.48,P 2,53,7,14,20,2.2,0.7,2,0.3,0.8,7779.2,Cukup (60-80%)
2024,Sulawesi Selatan,Kab. Sidenreng Rappang,132.3,48288.33,20.1,0.04,35871.03,74.29,35891.13,74.33,19.99,9408.53,19.53,P 2,41.4,13.2,10.9,18.5,3,2.6,2,2,6.4,12398.37,Cukup (60-80%)
2024,Sulawesi Selatan,Kab. Pinrang,187.73,68522.47,102.63,0.15,42290.4,61.72,42393.02,61.87,102.57,12239.95,18.01,P 2,0.58,,0.32,0.56,0.01,,,0.07,,26128.43,Cukup (60-80%)
2024,Sulawesi Selatan,Kab. Enrekang,104.79,38248.08,0,0,17273.33,45.16,17273.33,45.16,0,7053.33,18.44,P 2,15,15,23,30,3,5,2,7,,20975.02,Kurang (30-60%)
2024,Sulawesi Selatan,Kab. Luwu,153.71,56104.88,0.02,0,0,0,0.02,0,0,0,0,P 2,40,10,25,15,3,1,2,2,2,56104.13,Sangat Kurang (<30%)
2024,Sulawesi Selatan,Kab. Tana Toraja,129.47,47255.46,0,0,30.31,0.06,30.31,0.06,0,30.31,0.06,P 2,,,,,,,,,,47226.24,Sangat Kurang (<30%)
2024,Sulawesi Selatan,Kab. Luwu Utara,166.56,60795.68,5.45,0.01,0,0,5.45,0.01,0,0,0,P 2,65,10,9,2,1,1,1,1,10,60788.95,Sangat Kurang (<30%)
2024,Sulawesi Selatan,Kab. Luwu Timur,123.41,45045.38,4.58,0.01,5907.62,13.11,5912.21,13.12,0,5907.62,13.11,P 2,40,10,25,15,3,1.5,2,2,1.5,39132.44,Sangat Kurang (<30%)
2024,Sulawesi Selatan,Kab. Toraja Utara,133.26,48638.62,0,0,14623.89,30.07,14623.89,30.07,0,3491.39,7.18,P 2,,,,,,,,,,34016.01,Kurang (30-60%)
2024,Sulawesi Selatan,Kota Makassar,1064.06,388381.87,4771.59,1.23,1303.2,0.34,6074.79,1.56,4771.59,1303.2,1.56,P 2,65,,7,16,2,,1,4,5,382307.11,Sangat Kurang (<30%)
2024,Sulawesi Selatan,Kota Parepare,80.92,29535.8,11.7,0.04,24037.28,81.38,24048.98,81.42,0,2210.28,7.48,P 2,52.2,11.6,11.8,12.2,2.7,1.9,2.25,2.65,2.7,5486.82,Baik (>80%)
2024,Sulawesi Selatan,Kota Palopo,88.76,32398.5,6.19,0.02,24931.36,76.95,24937.55,76.97,0,2586.43,7.98,P 2,43,9,13,23,2.5,1.5,2,2,4,7459.85,Cukup (60-80%)
2024,Sulawesi Tenggara,Kab. Kolaka,120.51,43984.58,0,0,2099.85,4.77,2099.85,4.77,0,2099.85,4.77,P 2,65,5,10,10,5,1,1,2,1,41886.3,Sangat Kurang (<30%)
2024,Sulawesi Tenggara,Kab. Konawe,133.15,48599.57,0,0,5033.34,10.36,5033.34,10.36,0,5033.34,10.36,P 2,20,10,10,30,15,0.7,0.5,11,2.8,43566.41,Sangat Kurang (<30%)
2024,Sulawesi Tenggara,Kab. Muna,114.32,41726.62,175.73,0.42,1277.5,3.06,1453.23,3.48,0,1277.5,3.06,P 2,47,9,12,23,2,2,2,2,1,40273.57,Sangat Kurang (<30%)
2024,Sulawesi Tenggara,Kab. Buton,60.44,22059.32,0,0,18.25,0.08,18.25,0.08,0,10.95,0.05,P 2,50,15,5,10,5,5,2,1,7,22042.35,Sangat Kurang (<30%)
2024,Sulawesi Tenggara,Kab. Konawe Utara,30.96,11299.09,0,0,0,0,0,0,0,0,0,P 2,,,,,,,,,,11300.4,Sangat Kurang (<30%)
2024,Sulawesi Tenggara,Kab. Kolaka Timur,56.58,20651.85,0,0,1186.25,5.74,1186.25,5.74,0,1186.25,5.74,P 2,50,10,15,12,4,2,5,1,1,19465.45,Sangat Kurang (<30%)
2024,Sulawesi Tenggara,Kota Kendari,252.85,92291.44,0,0,88714.94,96.12,88714.94,96.12,0,26664.94,28.89,P 2,52.19,12.69,9.36,12.16,1.55,1.3,1.65,1.87,7.23,3575.31,Baik (>80%)
2024,Sulawesi Tenggara,Kota Bau Bau,91,33215,7.56,0.02,32444.85,97.68,32452.41,97.7,0,5799.85,17.46,P 2,0.48,6.21,4.62,14.59,4.12,,,,69.98,762.59,Baik (>80%)
2024,Gorontalo,Kab. Bone Bolango,56.86,20753.66,164.4,0.79,1632.28,7.87,1796.68,8.66,52.2,1632.28,8.12,P 2,27.25,33.96,8.26,16.76,5.5,,6.4,1.87,,18957.22,Sangat Kurang (<30%)
2024,Gorontalo,Kota Gorontalo,143.05,52213.98,192.35,0.37,11757.04,22.52,11949.4,22.89,182.5,11757.04,22.87,P 2,,,,,,,,,,40263.85,Sangat Kurang (<30%)
2024,Sulawesi Barat,Kab. Mamuju,146.2,53362.09,0,0,761.25,1.43,761.25,1.43,0,761.25,1.43,P 2,,,,,,,,,,52601.75,Sangat Kurang (<30%)
2024,Sulawesi Barat,Kab. Majene,90.68,33098.2,10.68,0.03,736.13,2.22,746.81,2.26,0,736.13,2.22,P 2,37.5,12.75,14.21,21,3.5,1.53,1.12,1.39,7,32351.39,Sangat Kurang (<30%)
2024,Maluku,Kab. Buru,64.58,23572.5,1.83,0.01,2104.96,8.93,2106.78,8.94,1.83,2104.96,8.94,P 2,33,17,10,29,1,3,,2,5,21464.92,Sangat Kurang (<30%)
2024,Maluku,Kab. Seram Bagian Barat,86.96,31738.79,15.48,0.05,430.76,1.36,446.24,1.41,15.48,430.76,1.41,P 2,,,,,,,,,,31294.16,Sangat Kurang (<30%)
2024,Maluku,Kab. Kepulauan Aru,45.01,16429.53,0,0,357.7,2.18,357.7,2.18,0,357.7,2.18,P 2,,,,,,,,,,16070.95,Sangat Kurang (<30%)
2024,Maluku,Kab. Maluku Barat Daya,37.51,13689.84,63.81,0.47,162,1.18,225.81,1.65,0,162,1.18,P 2,16.2,12.7,15.25,14.56,6.87,7.73,7.45,10.29,8.95,13465.34,Sangat Kurang (<30%)
2024,Maluku,Kota Ambon,247.84,90460.29,0,0,3487.55,3.86,3487.55,3.86,0,3487.55,3.86,P 2,,,,,,,,,,86974.05,Sangat Kurang (<30%)
2024,Maluku Utara,Kab. Halmahera Timur,53.84,19652.42,0,0,0,0,0,0,0,0,0,P 2,,,,,,,,,,19651.6,Sangat Kurang (<30%)
2024,Papua,Kab. Jayapura,101.89,37188.39,0.14,0,1799.45,4.84,1799.59,4.84,0,1799.45,4.84,P 2,34.5,2,24,31.2,4.25,1,1.5,,1.55,35390.26,Sangat Kurang (<30%)
2024,Papua,Kab. Kepulauan Yapen,46.44,16951.62,0,0,0.37,0,0.37,0,0,0.37,0,P 2,,,,,,,,,,16950.23,Sangat Kurang (<30%)
2024,Papua,Kab. Sarmi,17,6205,308.06,4.96,84.79,1.37,392.85,6.33,308.06,84.79,6.33,P 2,,,,,,,,,,5812.15,Sangat Kurang (<30%)
2024,Papua,Kab. Keerom,25.4,9271,0,0,240.9,2.6,240.9,2.6,0,0,0,P 2,15,15,15,30,5,5,10,5,,9030.1,Sangat Kurang (<30%)
2024,Papua,Kota Jayapura,242.52,88518.49,35.15,0.04,3162.78,3.57,3197.93,3.61,0,3162.78,3.57,P 2,55,10.6,4.8,13.79,2.3,3.03,2.05,1.49,6.94,85321.87,Sangat Kurang (<30%)
2024,Papua Barat,Kab. Manokwari,210,76650,0,0,1095,1.43,1095,1.43,0,1095,1.43,P 2,44,2,11,26,,,,,17,75555,Sangat Kurang (<30%)
2024,Papua Barat,Kab. Teluk Wondama,17.81,6501.96,3.29,0.05,73,1.12,76.29,1.17,3.29,73,1.17,P 2,15,,15,26,,,,,44,6424.36,Sangat Kurang (<30%)
2024,Papua Selatan,Kab. Asmat,47.41,17305.38,109.5,0.63,0,0,109.5,0.63,109.5,0,0.63,P 2,20,11.8,15,40,4,2.4,3,1.8,2,17195.15,Sangat Kurang (<30%)
2024,Papua Tengah,Kab. Mimika,159.34,58160.01,0,0,792.8,1.36,792.8,1.36,0,792.8,1.36,P 2,,,,,,,,,,57366.3,Sangat Kurang (<30%)
2024,Papua Barat Daya,Kab. Sorong,51.99,18974.6,41.13,0.22,1533.07,8.08,1574.21,8.3,40.15,1533.07,8.29,P 2,,,,,,,,,,17402.14,Sangat Kurang (<30%)
2023,Aceh,Kab. Aceh Selatan,96.78,35323.53,37.69,0.11,67.89,0.19,105.58,0.3,0,67.89,0.19,P 2,30.08,12.29,13.1,16.33,6.4,5.42,3.43,5.35,7.6,35219.12,Sangat Kurang (<30%)
2023,Aceh,Kab. Aceh Tenggara,114.15,41666.21,0,0,0,0,0,0,0,0,0,P 2,50,5,10,22,7,1,3,2,,41664.75,Sangat Kurang (<30%)
2023,Aceh,Kab. Aceh Timur,179.92,65670.22,0.4,0,857.75,1.31,858.15,1.31,0,857.75,1.31,P 2,37,14,5,26,5,3,2,4,4,64812.65,Sangat Kurang (<30%)
2023,Aceh,Kab. Aceh Tengah,109.73,40050.24,0,0,1093.18,2.73,1093.18,2.73,0,1093.18,2.73,P 2,22,18,7,26,3,11,5,5,3,38958.27,Sangat Kurang (<30%)
2023,Aceh,Kab. Aceh Barat,100.86,36813.72,2.34,0.01,1423.5,3.87,1425.84,3.87,0,1423.5,3.87,P 2,48,10,7,22,4,3,2,2,2,35388.06,Sangat Kurang (<30%)
2023,Aceh,Kab. Aceh Besar,148.09,54053.29,5.02,0.01,32241.76,59.65,32246.78,59.66,0,851.76,1.58,P 2,25.5,25.5,9.5,21.6,5.1,3.3,3.3,3.7,2.5,21806.07,Kurang (30-60%)
2023,Aceh,Kab. Pidie,177.08,64634.93,17.11,0.03,9710.05,15.02,9727.16,15.05,14.02,9710.05,15.04,P 2,8.5,7.5,19.3,35.7,4,1,3,2,19,54907.04,Sangat Kurang (<30%)
2023,Aceh,Kab. Aceh Utara,307.32,112171.8,0,0,18250,16.27,18250,16.27,0,0,0,P 2,30,10,10,40,2,2,2,1,3,93921.8,Sangat Kurang (<30%)
2023,Aceh,Kab. Simeulue,45.14,16476.21,0,0,665.5,4.04,665.5,4.04,0,665.5,4.04,P 2,22.8,15.3,12.1,26.2,10.2,2.6,2.8,2,6,15810.6,Sangat Kurang (<30%)
2023,Aceh,Kab. Aceh Singkil,52.31,19094.9,0,0,1202.68,6.3,1202.68,6.3,0,1202.68,6.3,P 2,30,10,15,22,2,5,3,2,11,17890.47,Sangat Kurang (<30%)
2023,Aceh,Kab. Bireuen,158.36,57800.09,0,0,10113.35,17.5,10113.35,17.5,0,10113.35,17.5,P 2,41.1,10.2,15.2,19.2,2.7,2.2,2.1,2.1,5.2,47688.05,Sangat Kurang (<30%)
2023,Aceh,Kab. Aceh Barat Daya,77.67,28348.09,463.97,1.64,1022,3.61,1485.97,5.24,463.55,1022,5.24,P 2,32.8,9.5,20,12,10,2.2,3.5,5,5,26863.58,Sangat Kurang (<30%)
2023,Aceh,Kab. Gayo Lues,41.28,15068.51,0,0,1460,9.69,1460,9.69,0,1460,9.69,P 2,40,17,8,20,5,4,1,3,2,13607.2,Sangat Kurang (<30%)
2023,Aceh,Kab. Aceh Jaya,48.01,17525.11,2.16,0.01,287.26,1.64,289.42,1.65,0,287.26,1.64,P 2,45,14,11,15,8,2,2,1,2,17234.23,Sangat Kurang (<30%)
2023,Aceh,Kab. Nagan Raya,69.73,25451.6,4.8,0.02,3664.2,14.4,3669,14.42,0,3664.2,14.4,P 2,42,10,5,34,1,1,1,1,5,21782.45,Sangat Kurang (<30%)
2023,Aceh,Kab. Aceh Tamiang,122.09,44561.68,35.88,0.08,19611.45,44.01,19647.33,44.09,0,3540.5,7.95,P 2,30,2,5,55,3,1,2,1,1,24915.52,Kurang (30-60%)
2023,Aceh,Kab. Bener Meriah,67.63,24685.68,108.69,0.44,10482.8,42.47,10591.49,42.91,97.09,1014.7,4.5,P 2,21,25,19,18,3,3,3,3,5,14093.46,Kurang (30-60%)
2023,Aceh,Kab. Pidie Jaya,81.05,29581.54,0,0,0,0,0,0,0,0,0,P 2,20,27,14,26,2,3,3,3,2,29583.25,Sangat Kurang (<30%)
2023,Aceh,Kota Banda Aceh,255.81,93370.54,129.36,0.14,14893.2,15.95,15022.56,16.09,127.18,14893.2,16.09,P 2,39.4,20.6,3,11.8,4.6,3.8,4.2,4.75,7.85,78348.09,Sangat Kurang (<30%)
2023,Aceh,Kota Sabang,17.28,6308.37,0,0,0,0,0,0,0,0,0,P 2,20,10,5,20,10,5,5,15,10,6307.2,Sangat Kurang (<30%)
2023,Aceh,Kota Lhokseumawe,98.06,35793.28,0,0,3312.83,9.26,3312.83,9.26,0,3312.83,9.26,P 2,54.55,16.31,0.2,14.1,1.82,0.13,0.52,2.45,9.92,32479.07,Sangat Kurang (<30%)
2023,Aceh,Kota Langsa,96.32,35154.98,504.67,1.44,25954.14,73.83,26458.8,75.26,5.84,1271.74,3.63,P 2,22,20,9,15,7,10,7,8,2,8698,Cukup (60-80%)
2023,Aceh,Kota Subulussalam,57.07,20831.06,0,0,54.75,0.26,54.75,0.26,0,54.75,0.26,P 2,26,20,10,12,2,8,5,2,15,20775.8,Sangat Kurang (<30%)
2023,Sumatera Utara,Kab. Nias,58.76,21446.67,0,0,14.6,0.07,14.6,0.07,0,14.6,0.07,P 2,,,,,,,,,,21432.8,Sangat Kurang (<30%)
2023,Sumatera Utara,Kab. Langkat,521.55,190367.39,0,0,18352.03,9.64,18352.03,9.64,0,1452.17,0.76,P 2,38,30,24,7,0.2,0.2,0.1,0.1,0.1,172013.72,Sangat Kurang (<30%)
2023,Sumatera Utara,Kab. Deli Serdang,1126.61,411211.01,514.72,0.13,247076.39,60.09,247591.11,60.21,292,85472.64,20.86,P 2,20.5,24,13.8,20.2,6,5,3,2,5.5,163621.54,Cukup (60-80%)
2023,Sumatera Utara,Kab. Simalungun,510.81,186444.74,10.8,0.01,21.9,0.01,32.7,0.02,0,21.9,0.01,P 2,5.5,1.93,15.44,20.46,0.37,7.7,4.5,8.6,35.5,186412.95,Sangat Kurang (<30%)
2023,Sumatera Utara,Kab. Labuhanbatu,366.68,133837.54,0,0,0,0,0,0,0,0,0,P 2,25,24,4,30,2,6,2,4,3,133838.2,Sangat Kurang (<30%)
2023,Sumatera Utara,Kab. Toba,111.02,40522.11,12.27,0.03,334.1,0.82,346.37,0.85,0,334.1,0.82,P 2,25.15,13.4,4.13,9.39,1.38,4.56,13.25,6.45,22.29,40175.93,Sangat Kurang (<30%)
2023,Sumatera Utara,Kab. Mandailing Natal,193.95,70791.6,0,0,0,0,0,0,0,0,0,P 2,46,1,17,21,1,2,,4,8,70791.75,Sangat Kurang (<30%)
2023,Sumatera Utara,Kab. Pakpak Bharat,21.84,7973.06,0,0,0,0,0,0,0,0,0,P 2,34.3,11.9,12.6,10.6,9.6,2.4,5.3,6.3,7,7971.6,Sangat Kurang (<30%)
2023,Sumatera Utara,Kab. Humbang Hasundutan,61.41,22415.85,0,0,15002.25,66.93,15002.25,66.93,0,1780.12,7.94,P 2,12,55,10,13,3,1,0.2,0.8,5,7412.4,Cukup (60-80%)
2023,Sumatera Utara,Kota Medan,1768.94,645661.28,8970.9,1.39,565513.29,87.59,574484.18,88.98,8857.98,79019.39,13.61,P 2,,,,,,,,,,71178.92,Baik (>80%)
2023,Sumatera Utara,Kota Pematangsiantar,160.73,58664.63,0,0,10285.35,17.53,10285.35,17.53,0,10285.35,17.53,P 2,45,6,12,10,5,3,4,4,11,48381.1,Sangat Kurang (<30%)
2023,Sumatera Utara,Kota Sibolga,39.49,14413.56,17.16,0.12,58.4,0.41,75.56,0.52,17.16,58.4,0.52,P 2,26.43,28.68,7.55,15.97,1.64,4.74,1.74,3.74,9.51,14338.29,Sangat Kurang (<30%)
2023,Sumatera Utara,Kota Tebing Tinggi,126.39,46131.55,8.28,0.02,12601.21,27.32,12609.49,27.33,8.28,12601.21,27.33,P 2,,,,,,,,,,33522.86,Sangat Kurang (<30%)
2023,Sumatera Utara,Kota Padangsidimpuan,165.35,60353.44,0,0,7303.6,12.1,7303.6,12.1,0,7303.6,12.1,P 2,,,,,,,,,,53049.15,Sangat Kurang (<30%)
2023,Sumatera Barat,Kab. Pesisir Selatan,154.96,56558.72,44.93,0.08,19929.74,35.24,19974.67,35.32,44.9,6972.24,12.41,P 2,20.4,19.6,23,19,16,0.42,1.58,,,36585.73,Kurang (30-60%)
2023,Sumatera Barat,Kab. Solok,162.28,59233.95,91.46,0.15,14444.34,24.39,14535.79,24.54,91.25,7399.84,12.65,P 2,29,20,12,22,2,2,2,2,9,44696.41,Sangat Kurang (<30%)
2023,Sumatera Barat,Kab. Sijunjung,99.92,36471.2,261.48,0.72,7907.58,21.68,8169.05,22.4,259.52,7907.58,22.39,P 2,21.7,36,14.8,20,6.5,0.4,0.35,,0.25,28301.75,Sangat Kurang (<30%)
2023,Sumatera Barat,Kab. Tanah Datar,129.82,47382.56,1014.97,2.14,25065.31,52.9,26080.28,55.04,1014.88,8733.82,20.57,P 2,69.34,,8.63,6,2.24,1.57,,3.33,8.89,21304.02,Kurang (30-60%)
2023,Sumatera Barat,Kab. Padang Pariaman,218.06,79593.54,0.01,0,1.78,0,1.79,0,0,1.78,0,P 2,31.82,0.25,12.78,43.77,0.21,0.78,2.07,0.5,7.82,79590.11,Sangat Kurang (<30%)
2023,Sumatera Barat,Kab. Agam,219.63,80163.78,45.18,0.06,34631.08,43.2,34676.26,43.26,42.74,10424.28,13.06,P 2,70.44,4.02,6.08,8.15,1.9,0.28,0.1,0.55,8.48,45488.69,Kurang (30-60%)
2023,Sumatera Barat,Kab. Lima Puluh Kota,156.07,56964.67,24.84,0.04,17056.97,29.94,17081.82,29.99,24.84,10432.22,18.36,P 2,,,,,,,,,,39883.73,Sangat Kurang (<30%)
2023,Sumatera Barat,Kab. Pasaman,122.97,44884.05,0.05,0,28643.82,63.82,28643.87,63.82,0,11408.52,25.42,P 2,66.28,2.1,11.41,11.25,2.93,1.41,1.36,1.86,1.4,16240.18,Cukup (60-80%)
2023,Sumatera Barat,Kab. Dharmasraya,187.61,68476.63,571.32,0.83,1833.71,2.68,2405.02,3.51,0,1833.71,2.68,P 2,52,9,7,30,1,1,,,,66072.63,Sangat Kurang (<30%)
2023,Sumatera Barat,Kab. Solok Selatan,75.46,27542.75,3.73,0.01,6506.13,23.62,6509.86,23.64,0,6506.13,23.62,P 2,34.35,0.78,16.35,25.69,0.13,0.59,0.55,2.31,19.25,21033.04,Sangat Kurang (<30%)
2023,Sumatera Barat,Kota Padang,647.39,236296.62,1969.94,0.83,202071.79,85.52,204041.73,86.35,1952.75,27601.79,12.51,P 2,63,6.64,6,12.4,0.16,3,1.5,2.4,4.9,32255.62,Baik (>80%)
2023,Sumatera Barat,Kota Solok,55.79,20364.12,52.75,0.26,20075.22,98.58,20127.98,98.84,0,3746.22,18.4,P 2,45.73,11.12,16.88,20.72,1.78,0.35,0.14,0.81,2.47,235.37,Baik (>80%)
2023,Sumatera Barat,Kota Sawahlunto,18.98,6925.99,124.52,1.8,6388.85,92.24,6513.36,94.04,123.74,1322.65,20.88,P 2,,,,,,,,,,414.34,Baik (>80%)
2023,Sumatera Barat,Kota Padang Panjang,49.25,17975.23,99.28,0.55,887.67,4.94,986.95,5.49,57.78,887.67,5.26,P 2,43.15,23.56,14.35,12.67,1.5,0.95,0.8,1.19,1.83,16989.3,Sangat Kurang (<30%)
2023,Sumatera Barat,Kota Bukittinggi,129.42,47238.48,2.34,0,42957.12,90.94,42959.46,90.94,2.34,6408.21,13.57,P 2,,,,,,,,,,4278.84,Baik (>80%)
2023,Sumatera Barat,Kota Payakumbuh,93.26,34041.59,5.95,0.02,32589.58,95.73,32595.53,95.75,0,5400.73,15.87,P 2,48.25,9.81,15.45,17.47,2.01,1.17,0.45,0.89,4.5,1444.37,Baik (>80%)
2023,Sumatera Barat,Kota Pariaman,39.79,14524.66,0,0,755.77,5.2,755.77,5.2,0,755.77,5.2,P 2,54.18,10.95,14.56,13.77,1.66,0.91,0.65,1.61,1.71,13767.58,Sangat Kurang (<30%)
2023,Riau,Kab. Indragiri Hulu,185.63,67755.68,228.55,0.34,70.58,0.1,299.13,0.44,0,70.58,0.1,P 2,30,15,5,20,5,5,5,5,10,67455.82,Sangat Kurang (<30%)
2023,Riau,Kab. Bengkalis,260.59,95114.96,614.15,0.65,71446.84,75.12,72060.99,75.76,241.27,8603.9,9.3,P 2,16.14,10.96,6.79,9.47,1.05,4.78,5.12,13.11,32.58,23054.36,Cukup (60-80%)
2023,Riau,Kab. Rokan Hulu,377.35,137732.69,0,0,16990.46,12.34,16990.46,12.34,0,6529.56,4.74,P 2,,,,,,,,,,120742.29,Sangat Kurang (<30%)
2023,Riau,Kab. Rokan Hilir,339.39,123878.45,41.8,0.03,21636.76,17.47,21678.56,17.5,0,2886.31,2.33,P 2,14,22,15,32,3,4,2,2,6,102198.79,Sangat Kurang (<30%)
2023,Riau,Kab. Siak,191.02,69722.3,37.2,0.05,30597.99,43.89,30635.19,43.94,0,8150.49,11.69,P 2,39,15,10,26,1,2,2,3,2,39087.11,Kurang (30-60%)
2023,Riau,Kab. Kuantan Singingi,140.71,51360.76,2.56,0,7076.03,13.78,7078.58,13.78,0,7076.03,13.78,P 2,,,,,,,,,,44280.57,Sangat Kurang (<30%)
2023,Riau,Kota Pekanbaru,1011.01,369019.82,0.89,0,15911.78,4.31,15912.67,4.31,0,15911.78,4.31,P 2,,,,,,,,,,353105.98,Sangat Kurang (<30%)
2023,Riau,Kota Dumai,170.16,62106.58,1.63,0,7056.18,11.36,7057.81,11.36,0,7056.18,11.36,P 2,48.97,7.5,5.3,8.95,2.27,3.72,2.5,2.79,18,55050.59,Sangat Kurang (<30%)
2023,Jambi,Kab. Bungo,161.68,59014.11,28.81,0.05,39301.64,66.6,39330.46,66.65,0,18021.37,30.54,P 2,60.5,4.1,14.1,5.9,1.8,1.5,5.15,1,5.95,19682.74,Cukup (60-80%)
2023,Jambi,Kab. Tebo,143.96,52546.28,0,0,1266.47,2.41,1266.47,2.41,0,1266.47,2.41,P 2,62.44,4.6,14.3,5.86,1.7,1.3,4.6,1,4.2,51278.93,Sangat Kurang (<30%)
2023,Jambi,Kota Jambi,443.56,161897.58,224.91,0.14,139269.02,86.02,139493.93,86.16,0,19547.56,12.07,P 2,36.65,21.31,9.44,18.99,2.06,10.82,0.3,0.28,0.14,22405.47,Baik (>80%)
2023,Jambi,Kota Sungai Penuh,50.43,18405.31,0.14,0,2354.98,12.8,2355.12,12.8,0,2354.98,12.8,P 2,40.54,13.09,11.29,17.89,3.08,2.6,2.16,2.25,,16051.83,Sangat Kurang (<30%)
2023,Sumatera Selatan,Kab. Ogan Komering Ulu,152,55478.83,410.36,0.74,11818.67,21.3,12229.03,22.04,408.8,11818.67,22.04,P 2,35,25,10,15,7,3,2,3,,43250.97,Sangat Kurang (<30%)
2023,Sumatera Selatan,Kab. Muara Enim,232.8,84971.42,49.06,0.06,48743.77,57.36,48792.83,57.42,48.18,18923.27,22.33,P 2,61.02,8.07,7.38,17.18,1.14,1.33,0.36,0.31,3.21,36179.17,Kurang (30-60%)
2023,Sumatera Selatan,Kab. Lahat,268.64,98053.34,0.66,0,33122.39,33.78,33123.05,33.78,0.66,8605.34,8.78,P 2,60,10.1,2,14,1.74,5.5,0.26,0.9,5.5,64930.55,Kurang (30-60%)
2023,Sumatera Selatan,Kab. Musi Banyuasin,253.25,92436.1,4680.28,5.06,28843.08,31.2,33523.36,36.27,11.68,17053.59,18.46,P 2,,,,,,,,,,58912.89,Kurang (30-60%)
2023,Sumatera Selatan,Kab. Ogan Komering Ulu Timur,281.12,102609.82,66,0.06,48354.81,47.12,48420.82,47.19,0,1824.61,1.78,P 2,12,9,22,27,3,5,3,2,17,54187.98,Kurang (30-60%)
2023,Sumatera Selatan,Kab. Ogan Ilir,175.79,64162.47,0,0,0,0,0,0,0,0,0,P 2,53.63,0.76,5.75,21.63,0.82,1.94,1.82,1.99,11.66,64163.35,Sangat Kurang (<30%)
2023,Sumatera Selatan,Kab. Penukal Abab Lematang Ilir,104.89,38283.21,0,0,973.18,2.54,973.18,2.54,0,973.18,2.54,P 2,58.8,6.6,11.25,16.2,4.53,0.55,0.72,0.5,0.85,37311.67,Sangat Kurang (<30%)
2023,Sumatera Selatan,Kab. Musi Rawas Utara,77.8,28398.02,0,0,4624.55,16.28,4624.55,16.28,0,4624.55,16.28,P 2,42,6,11,16,5,5,8,4,3,23772.45,Sangat Kurang (<30%)
2023,Sumatera Selatan,Kota Pagar Alam,73.92,26980.07,0.96,0,0,0,0.96,0,0,0,0,P 2,48.98,6.4,6.47,20.38,2.2,4.27,2.7,1.2,7.4,26979.84,Sangat Kurang (<30%)
2023,Sumatera Selatan,Kota Prabumulih,99.74,36405.83,103.77,0.29,6271.39,17.23,6375.17,17.51,73,6271.39,17.43,P 2,53,3,14.8,25.2,1,0.25,0.25,2,0.5,30029.93,Sangat Kurang (<30%)
2023,Bengkulu,Kab. Rejang Lebong,198.54,72465.68,0,0,29506.3,40.72,29506.3,40.72,0,50.8,0.07,P 2,14,12,11,16,11,9,8,8,11,42960.8,Kurang (30-60%)
2023,Bengkulu,Kab. Bengkulu Utara,181.12,66108.44,23.54,0.04,19237.87,29.1,19261.41,29.14,21.9,9674.87,14.67,P 2,31.6,37.5,5.4,14.2,3.1,0.8,1.2,2.5,3.7,46847.39,Sangat Kurang (<30%)
2023,Bengkulu,Kab. Seluma,106.89,39013.94,0,0,0,0,0,0,0,0,0,P 2,76.5,5.4,6.9,5.6,2.3,2.1,0.3,0.4,0.5,39014.85,Sangat Kurang (<30%)
2023,Bengkulu,Kab. Lebong,83.61,30516.44,0,0,0,0,0,0,0,0,0,P 2,64.45,8.57,8.56,12.86,0.2,0.89,1.6,0.07,2.8,30517.65,Sangat Kurang (<30%)
2023,Bengkulu,Kab. Bengkulu Tengah,59.91,21866.06,0,0,286.53,1.31,286.53,1.31,0,286.53,1.31,P 2,,,,,,,,,,21580.62,Sangat Kurang (<30%)
2023,Bengkulu,Kota Bengkulu,273,99645.77,4191.97,4.21,6105.47,6.13,10297.44,10.33,0.37,3678.22,3.69,P 2,65,3,13,11,1,1,1,1,4,89347.56,Sangat Kurang (<30%)
2023,Lampung,Kab. Lampung Selatan,766.57,279799.58,0.14,0,135309.48,48.36,135309.62,48.36,0,23.4,0.01,P 2,65,1,11,14,3.5,1,1,2.5,1,144488.43,Kurang (30-60%)
2023,Lampung,Kab. Lampung Tengah,690,251850.93,56.94,0.02,27169.51,10.79,27226.45,10.81,0,27169.51,10.79,P 2,41,1,2,24,1,19,8,3,1,224623.55,Sangat Kurang (<30%)
2023,Lampung,Kab. Tulang Bawang,173.43,63300.93,0,0,0.15,0,0.15,0,0,0.15,0,P 2,,,,,,,,,,63301.8,Sangat Kurang (<30%)
2023,Lampung,Kab. Tanggamus,369.64,134920.35,0.62,0,5643.56,4.18,5644.18,4.18,0,5643.56,4.18,P 2,26.58,12.89,8.81,30.61,6.16,1.76,6.19,5.71,0.99,129274.42,Sangat Kurang (<30%)
2023,Lampung,Kab. Lampung Timur,568.72,207581.71,0,0,0,0,0,0,0,0,0,P 2,69.68,2.29,12.51,14.52,0.02,0.03,,0.05,0.9,207582.8,Sangat Kurang (<30%)
2023,Lampung,Kab. Way Kanan,193.55,70647.06,592.69,0.84,7909.17,11.2,8501.86,12.03,2.65,1243.02,1.76,P 2,,,,,,,,,,62143.89,Sangat Kurang (<30%)
2023,Lampung,Kab. Pesawaran,194.27,70907.97,88.08,0.12,20477.25,28.88,20565.33,29,0,767.25,1.08,P 2,31,16,9,16,15,3,2,0.2,7.8,50343.22,Sangat Kurang (<30%)
2023,Lampung,Kab. Pringsewu,163.37,59628.59,0.89,0,7335.96,12.3,7336.85,12.3,0,7335.96,12.3,P 2,50,13,5,20,1.75,3,1,0.25,6,52293.2,Sangat Kurang (<30%)
2023,Lampung,Kab. Tulang Bawang Barat,115.85,42284.52,36.5,0.09,14519.95,34.34,14556.45,34.42,36.5,1379.95,3.35,P 2,,,,,,,,,,27728.8,Kurang (30-60%)
2023,Lampung,Kab. Pesisir Barat,65.93,24063.14,0,0,21.66,0.09,21.66,0.09,0,21.66,0.09,P 2,42.5,19.18,9.5,21.1,0.57,2.03,0.89,1.19,3.04,24042.79,Sangat Kurang (<30%)
2023,Lampung,Kota Bandar Lampung,786.46,287058.27,656.45,0.23,10384.44,3.62,11040.89,3.85,0,10384.44,3.62,P 2,15.8,20.1,3,2.6,1.7,1.7,2.7,1.7,50.7,276017.01,Sangat Kurang (<30%)
2023,Lampung,Kota Metro,105.67,38568.31,316.32,0.82,7083.48,18.37,7399.8,19.19,0,7083.48,18.37,P 2,56.47,6.24,9.4,24.07,0.56,1.25,0.27,0.88,0.86,31169.75,Sangat Kurang (<30%)
2023,Kepulauan Bangka Belitung,Kab. Bangka,136.41,49790.53,111.6,0.22,2248.37,4.52,2359.97,4.74,97.4,2248.37,4.71,P 2,39.85,13.96,12.07,16.97,3.37,2.69,1.98,2.31,6.8,47429.68,Sangat Kurang (<30%)
2023,Kepulauan Bangka Belitung,Kab. Belitung,75.08,27405.95,1.36,0,19974.39,72.88,19975.75,72.89,0,4094.39,14.94,P 2,9.85,7.04,12.27,50.82,4.9,6.94,,,8.18,7428.45,Cukup (60-80%)
2023,Kepulauan Bangka Belitung,Kab. Bangka Selatan,84.14,30710.22,87.54,0.29,20480.1,66.69,20567.64,66.97,65.7,5880.1,19.36,P 2,,,,,,,,,,10143.46,Cukup (60-80%)
2023,Kepulauan Bangka Belitung,Kab. Bangka Tengah,83.85,30604.52,1.55,0.01,5569.16,18.2,5570.71,18.2,0,5569.16,18.2,P 2,41.9,8.5,3.8,14.3,3.9,4.9,,5.5,17.2,25034.54,Sangat Kurang (<30%)
2023,Kepulauan Bangka Belitung,Kab. Bangka Barat,83.92,30629.49,18.39,0.06,1353.95,4.42,1372.34,4.48,0,135.42,0.44,P 2,40,6,24,17,1.1,1.5,3.5,2.6,4.3,29258.46,Sangat Kurang (<30%)
2023,Kepulauan Bangka Belitung,Kab. Belitung Timur,52.52,19169.36,0,0,2013.92,10.51,2013.92,10.51,0,2013.92,10.51,P 2,57,,5,17,2,2,2,1,14,17155.88,Sangat Kurang (<30%)
2023,Kepulauan Riau,Kab. Bintan,55.92,20409.89,398.62,1.95,1466,7.18,1864.62,9.14,307.4,1466,8.69,P 2,41.76,10.12,13.2,21.65,2.8,2.1,1.06,3.31,4,18546.18,Sangat Kurang (<30%)
2023,Kepulauan Riau,Kab. Karimun,182.42,66583.3,2.34,0,10204.83,15.33,10207.17,15.33,0,10204.83,15.33,P 2,39.91,12.51,11.33,18.75,3.05,2.66,2.17,2.48,7.14,56376.13,Sangat Kurang (<30%)
2023,Kepulauan Riau,Kab. Natuna,34.87,12725.8,0,0,1790.4,14.07,1790.4,14.07,0,1790.4,14.07,P 2,,,,,,,,,,10937.15,Sangat Kurang (<30%)
2023,Kepulauan Riau,Kab. Kepulauan Anambas,13.36,4876.8,8.17,0.17,86.02,1.76,94.19,1.93,0,86.02,1.76,P 2,,,,,,,,,,4782.21,Sangat Kurang (<30%)
2023,Kepulauan Riau,Kota Batam,1159.05,423054.13,720.26,0.17,21287.65,5.03,22007.91,5.2,320.47,21287.65,5.11,P 2,,,,,,,,,,401045.34,Sangat Kurang (<30%)
2023,Kepulauan Riau,Kota Tanjung Pinang,152.65,55715.79,12.34,0.02,48673.93,87.36,48686.27,87.38,12.34,16114.11,28.94,P 2,59.05,0.22,9.72,28.11,0.32,0.1,1.05,1.43,,7030.98,Baik (>80%)
2023,DKI Jakarta,Kab. Adm. Kep. Seribu,18.18,6634.27,731.49,11.03,2839.35,42.8,3570.84,53.82,531.77,2839.35,50.81,P 2,,,,,,,,,,3064.86,Kurang (30-60%)
2023,DKI Jakarta,Kota Adm. Jakarta Pusat,852.72,311242.8,104.67,0.03,285994.64,91.89,286099.32,91.92,104.67,60679.96,19.53,P 2,,,,,,,,,,25143.48,Baik (>80%)
2023,DKI Jakarta,Kota Adm. Jakarta Utara,1382.36,504560.46,52.23,0.01,459597.69,91.09,459649.93,91.1,52.23,93539.19,18.55,P 2,,,,,,,,,,44911.47,Baik (>80%)
2023,DKI Jakarta,Kota Adm. Jakarta Barat,2049.69,748135.3,2133.84,0.29,688100.89,91.98,690234.72,92.26,1970.64,148849.88,20.16,P 2,,,,,,,,,,57902.13,Baik (>80%)
2023,DKI Jakarta,Kota Adm. Jakarta Selatan,1971.13,719463.79,126.43,0.02,686917.86,95.48,687044.29,95.49,126.43,163423.91,22.73,P 2,49.87,3.18,17.24,22.95,1.08,0.9,0.7,1.48,2.6,32418.16,Baik (>80%)
2023,DKI Jakarta,Kota Adm. Jakarta Timur,2333.19,851613.56,22799.42,2.68,805141.85,94.54,827941.27,97.22,21031.67,195591.85,25.44,P 2,,,,,,,,,,23673.08,Baik (>80%)
2023,Jawa Barat,Kab. Bogor,2813.51,1026931.33,4423.51,0.43,4875.58,0.47,9299.09,0.91,4423.51,3181.98,0.74,P 2,,,,,,,,,,1017632.06,Sangat Kurang (<30%)
2023,Jawa Barat,Kab. Cianjur,1267.5,462637.87,0,0,726.72,0.16,726.72,0.16,0,726.72,0.16,P 2,61.05,1.04,6.94,14.39,0.26,2.1,0.5,1.48,12.24,461910.78,Sangat Kurang (<30%)
2023,Jawa Barat,Kab. Bandung,1301.53,475058.82,27.38,0.01,224901.38,47.34,224928.75,47.35,27.38,184386.38,38.82,P 2,,,,,,,,,,250129.7,Kurang (30-60%)
2023,Jawa Barat,Kab. Garut,1121.82,409465.37,78.5,0.02,43221.59,10.56,43300.09,10.57,0,43221.59,10.56,P 2,59.3,,6.3,20.5,1,2.6,,3.4,6.9,366164.21,Sangat Kurang (<30%)
2023,Jawa Barat,Kab. Tasikmalaya,705.33,257444.19,0,0,148.56,0.06,148.56,0.06,0,148.56,0.06,P 2,12.01,41.75,6.15,15.89,0.37,2.94,1.99,2.14,16.76,257296.89,Sangat Kurang (<30%)
2023,Jawa Barat,Kab. Ciamis,499.11,182174.42,1604.4,0.88,142318.75,78.12,143923.15,79,0,103263.75,56.68,P 2,38,0.4,16,20,10,4,1,10.2,0.4,38252,Cukup (60-80%)
2023,Jawa Barat,Kab. Kuningan,599.41,218783.56,2072.76,0.95,4765.69,2.18,6838.45,3.13,0,4765.69,2.18,P 2,40,17,10,17,6,2,3,2,3,211946.2,Sangat Kurang (<30%)
2023,Jawa Barat,Kab. Cirebon,1274.64,465242.92,0,0,11230.91,2.41,11230.91,2.41,0,11230.91,2.41,P 2,,,,,,,,,,454012.69,Sangat Kurang (<30%)
2023,Jawa Barat,Kab. Sumedang,478.92,174806.09,377.27,0.22,8747.6,5,9124.86,5.22,366.83,8747.6,5.21,P 2,30,7.5,10.5,27.5,3,4.5,2.5,6.5,8,165680.94,Sangat Kurang (<30%)
2023,Jawa Barat,Kab. Indramayu,1124.95,410606.17,297.59,0.07,33184.11,8.08,33481.7,8.15,0,33158.56,8.08,P 2,27,6.4,25,35.8,1,1.8,0.8,0.7,1.5,377125.05,Sangat Kurang (<30%)
2023,Jawa Barat,Kab. Karawang,1254.92,458045.62,0,0,2702.57,0.59,2702.57,0.59,0,2702.57,0.59,P 2,43.8,,3,20,0.7,,,2.3,30.2,455343.23,Sangat Kurang (<30%)
2023,Jawa Barat,Kab. Bekasi,2219,809935,0,0,1746.44,0.22,1746.44,0.22,0,1746.44,0.22,P 2,,,,,,,,,,808188.56,Sangat Kurang (<30%)
2023,Jawa Barat,Kab. Bandung Barat,742.74,271099.81,0,0,9673.41,3.57,9673.41,3.57,0,9673.41,3.57,P 2,37,13,13,16,1,3,1,2,14,261426.69,Sangat Kurang (<30%)
2023,Jawa Barat,Kab. Pangandaran,176.07,64265.84,0,0,45.63,0.07,45.63,0.07,0,45.63,0.07,P 2,25,1.4,36.4,25.3,2.4,0.2,0.2,2.3,6.8,64219.92,Sangat Kurang (<30%)
2023,Jawa Barat,Kota Bogor,779.81,284631.6,57560.76,20.22,209433.17,73.58,266993.94,93.8,57560.14,9595.67,23.59,P 2,40,14,20,15,1,2.5,0.5,1,6,17636.71,Baik (>80%)
2023,Jawa Barat,Kota Sukabumi,184.41,67308.3,0,0,60560.21,89.97,60560.21,89.97,0,11285.21,16.77,P 2,40.02,14.4,15,17,3,3,2,2,3.58,6749.44,Baik (>80%)
2023,Jawa Barat,Kota Bandung,1609.77,587565.25,1188.55,0.2,86736.56,14.76,87925.12,14.96,1188.55,86736.56,14.96,P 2,44.52,3.98,13.12,16.7,0.9,4.75,2.38,1.97,11.68,499640.93,Sangat Kurang (<30%)
2023,Jawa Barat,Kota Cirebon,212.84,77685.26,10.04,0.01,8309.52,10.7,8319.57,10.71,0,8309.52,10.7,P 2,49.22,11.76,5.56,19.01,0.71,1.76,0.58,1.43,9.97,69367.03,Sangat Kurang (<30%)
2023,Jawa Barat,Kota Bekasi,1747.34,637778.59,0,0,31607.51,4.96,31607.51,4.96,0,31607.51,4.96,P 2,65.2,7.2,4.2,15.6,0.2,6.3,0.5,0.5,0.3,606171.59,Sangat Kurang (<30%)
2023,Jawa Barat,Kota Depok,1265.79,462011.89,0,0,78346.16,16.96,78346.16,16.96,0,78346.16,16.96,P 2,65.11,,6.36,17.93,0.68,1.06,0.61,0.89,7.36,383667.19,Sangat Kurang (<30%)
2023,Jawa Barat,Kota Cimahi,230.21,84025.77,638.75,0.76,28086.6,33.43,28725.35,34.19,638.75,24436.6,29.84,P 2,,,,,,,,,,55301.3,Kurang (30-60%)
2023,Jawa Barat,Kota Tasikmalaya,323.17,117955.24,0,0,20379.01,17.28,20379.01,17.28,0,20379.01,17.28,P 2,48.7,,5.8,5.4,0.2,1.9,,6.3,31.6,97578.04,Sangat Kurang (<30%)
2023,Jawa Barat,Kota Banjar,86.64,31624.18,0,0,29601.93,93.61,29601.93,93.61,0,13158.68,41.61,P 2,,,,,,,,,,2021.67,Baik (>80%)
2023,Jawa Tengah,Kab. Cilacap,954.54,348406.57,2028.58,0.58,195913.78,56.23,197942.35,56.81,0,140920.1,40.45,P 2,57.67,1.71,9.71,16.42,1.33,1.25,,1.17,10.74,150464.75,Kurang (30-60%)
2023,Jawa Tengah,Kab. Banyumas,541.8,197758.42,0,0,0,0,,,,,,,36,6,6,30,9,5,3,5,,,Sangat Kurang (<30%)
2023,Jawa Tengah,Kab. Kebumen,483.19,176363.85,33217.72,18.83,89509.35,50.75,122727.07,69.59,31828,70383.35,57.95,P 2,,,,,,,,,,53637.28,Cukup (60-80%)
2023,Jawa Tengah,Kab. Purworejo,321.73,117432.91,0,0,56698.79,48.28,56698.79,48.28,0,27104.59,23.08,P 2,15.2,52.6,2.3,14.4,1.2,1.4,0.1,1.4,11.4,60732.66,Kurang (30-60%)
2023,Jawa Tengah,Kab. Wonosobo,363.87,132810.94,5792.43,4.36,54810.3,41.27,60602.73,45.63,5301.63,7360.3,9.53,P 2,68.93,1.5,12.57,10.11,3.5,0.6,0.31,1.14,1.34,72209.82,Kurang (30-60%)
2023,Jawa Tengah,Kab. Magelang,662.38,241767.97,10.08,0,75338.67,31.16,75348.75,31.17,0,41758.67,17.27,P 2,45.41,6.71,4.43,24.87,0.61,2.15,0.68,1.32,13.82,166419.95,Kurang (30-60%)
2023,Jawa Tengah,Kab. Boyolali,296.91,108373.66,19535.29,18.03,43922.29,40.53,63457.58,58.55,19535.28,12304.16,29.38,P 2,32.18,11.85,9.37,37.47,5.39,0.67,0.7,0.7,1.67,44914.57,Kurang (30-60%)
2023,Jawa Tengah,Kab. Klaten,649.45,237050.7,32418.21,13.68,85314.24,35.99,117732.45,49.67,14634.19,41671.19,23.75,P 2,60,5,5,20,0.5,5,3,0.5,1,119316.8,Kurang (30-60%)
2023,Jawa Tengah,Kab. Sukoharjo,364.7,133114.77,324.81,0.24,100144.17,75.23,100468.97,75.48,258.42,19249.21,14.65,P 2,52.55,0.42,13.33,23.79,0.89,1.19,0.33,1.03,6.47,32646.53,Cukup (60-80%)
2023,Jawa Tengah,Kab. Wonogiri,350.68,127999.02,46971.44,36.7,2813.51,2.2,49784.95,38.89,46971.12,2813.51,38.89,P 2,25,10,20,25,5,5,2.5,5,2.5,78213.25,Kurang (30-60%)
2023,Jawa Tengah,Kab. Karanganyar,380.31,138814.32,402.12,0.29,82.93,0.06,485.05,0.35,0,82.93,0.06,P 2,63,2,5,18,3,2,2,3,2,138328.1,Sangat Kurang (<30%)
2023,Jawa Tengah,Kab. Sragen,595.35,217301.22,133.23,0.06,126016.08,57.99,126149.3,58.05,133.23,54939.63,25.34,P 2,74.3,0.8,8.9,11.2,0.5,1.8,0.3,1.8,0.4,91153.45,Kurang (30-60%)
2023,Jawa Tengah,Kab. Grobogan,863.15,315050.32,979.25,0.31,169566.37,53.82,170545.62,54.13,0,135986.37,43.16,P 2,,,,,,,,,,144504.13,Kurang (30-60%)
2023,Jawa Tengah,Kab. Blora,387.49,141433.02,10725.6,7.58,121283.86,85.75,132009.46,93.34,0,19412.36,13.73,P 2,38,23,10,15,7,2,3,1.5,0.5,9424.39,Baik (>80%)
2023,Jawa Tengah,Kab. Rembang,254.16,92770.06,46.45,0.05,14252.46,15.36,14298.91,15.41,0,14252.46,15.36,P 2,38.12,1.59,13.38,34.45,0.93,1.88,0.77,1.33,7.55,78469.49,Sangat Kurang (<30%)
2023,Jawa Tengah,Kab. Pati,687.93,251092.63,0,0,104012.1,41.42,104012.1,41.42,0,35684.1,14.21,P 2,30,5,20,25,5,5,2,5,3,147082.35,Kurang (30-60%)
2023,Jawa Tengah,Kab. Kudus,435.78,159061.34,45.95,0.03,98770.49,62.1,98816.44,62.12,0,56605.7,35.59,P 2,29.65,16.89,19.08,13.02,5.24,5.43,3.62,5.77,1.3,60243.26,Cukup (60-80%)
2023,Jawa Tengah,Kab. Jepara,423.48,154571.51,21.53,0.01,76554.81,49.53,76576.35,49.54,0,19775.42,12.79,P 2,53.31,0.96,8.79,23.36,0.69,2.44,0.94,1.16,8.35,77993.85,Kurang (30-60%)
2023,Jawa Tengah,Kab. Demak,733.93,267884.52,0,0,273.02,0.1,273.02,0.1,0,273.02,0.1,P 2,48.54,4.59,16.31,22.54,0.06,0.05,3.75,2.8,1.36,267611.43,Sangat Kurang (<30%)
2023,Jawa Tengah,Kab. Semarang,533.16,194601.94,0,0,26761.5,13.75,26761.5,13.75,0,26761.5,13.75,P 2,61.56,11.58,4.25,18.53,0.27,0.18,,0.38,3.25,167841.9,Sangat Kurang (<30%)
2023,Jawa Tengah,Kab. Temanggung,403.72,147357.8,30444.42,20.66,13283.62,9.01,43728.03,29.67,23017.29,13283.62,24.63,P 2,31.33,17.62,6.68,18.27,7.41,1.96,2.02,2.06,12.65,103629.77,Sangat Kurang (<30%)
2023,Jawa Tengah,Kab. Kendal,421.36,153796.4,0,0,1696.17,1.1,1696.17,1.1,0,1696.17,1.1,P 2,30.61,15.08,9.49,23.02,0.29,8,1.07,0.88,11.56,152100.23,Sangat Kurang (<30%)
2023,Jawa Tengah,Kab. Pekalongan,394.58,144022.43,1805.69,1.25,5333.46,3.7,7139.16,4.96,120.45,5333.46,3.79,P 2,7,8.2,6.5,10.2,0.8,3,2,0.2,62.1,136882.54,Sangat Kurang (<30%)
2023,Jawa Tengah,Kab. Pemalang,600.3,219110.08,2440.39,1.11,183441.82,83.72,185882.21,84.84,2440.39,54326.73,25.91,P 2,16,21,18,14,19,2,8,1,1,33227.29,Baik (>80%)
2023,Jawa Tengah,Kab. Tegal,604.09,220493.69,7452.52,3.38,33118.88,15.02,40571.4,18.4,5364.04,33118.88,17.45,P 2,37,12,15,24,3,2,2,1,4,179921.45,Sangat Kurang (<30%)
2023,Jawa Tengah,Kab. Brebes,1005.31,366937.6,2.6,0,6048.11,1.65,6050.71,1.65,0,6048.11,1.65,P 2,5,50,5,25,4,4,1,1,5,360887.44,Sangat Kurang (<30%)
2023,Jawa Tengah,Kota Magelang,80.55,29400.33,406.76,1.38,27074.07,92.09,27480.82,93.47,406.76,3972.88,14.9,P 2,41.17,7.54,15.93,23.28,3.88,0.03,0.19,1.89,6.09,1919.93,Baik (>80%)
2023,Jawa Tengah,Kota Surakarta,419.11,152974.67,1602.24,1.05,23881.22,15.61,25483.46,16.66,0,23881.22,15.61,P 2,38.18,5.64,13.64,22.73,3.64,7.27,,,8.9,127491.69,Sangat Kurang (<30%)
2023,Jawa Tengah,Kota Salatiga,116.43,42496.23,0,0,40754.84,95.9,40754.84,95.9,0,11350.44,26.71,P 2,,,24.6,5.54,12.3,6.16,,12.91,20.72,1742.11,Baik (>80%)
2023,Jawa Tengah,Kota Semarang,1182.29,431534.65,84060.5,19.48,335035.74,77.64,419096.24,97.12,84036.15,24613.45,25.18,P 2,60.8,,10.2,17.2,1.2,4.9,1,1.8,2.9,12439.61,Baik (>80%)
2023,Jawa Tengah,Kota Tegal,187.13,68300.63,365.33,0.53,15575,22.8,15940.33,23.34,0,15575,22.8,P 2,25.72,17.27,0.64,16,11.54,,1.29,1.93,25.61,52362.12,Sangat Kurang (<30%)
2023,Daerah Istimewa Yogyakarta,Kab. Kulon Progo,219.27,80033.9,17718.84,22.14,18389.53,22.98,36108.37,45.12,16051.2,6225.25,27.83,P 2,,,,,,,,,,43925.18,Kurang (30-60%)
2023,Daerah Istimewa Yogyakarta,Kab. Bantul,444.15,162114.46,0,0,84579.31,52.17,84579.31,52.17,0,39994.56,24.67,P 2,51.54,,15.23,29.26,0.68,0.67,0.25,0.62,1.74,77535.44,Kurang (30-60%)
2023,Daerah Istimewa Yogyakarta,Kab. Gunungkidul,385.15,140580.21,122.16,0.09,59200.51,42.11,59322.67,42.2,15.99,40220.51,28.62,P 2,54.05,,5.14,17.4,0.91,0.56,1.13,1.6,9.43,81257.08,Kurang (30-60%)
2023,Daerah Istimewa Yogyakarta,Kab. Sleman,601.79,219653.64,288.88,0.13,20948.08,9.54,21236.96,9.67,288.88,20948.08,9.67,P 2,46.49,,17.08,32.77,0.99,0.16,0.03,0.57,1.9,198416.39,Sangat Kurang (<30%)
2023,Daerah Istimewa Yogyakarta,Kota Yogyakarta,300.56,109704.11,4979.99,4.54,15734.33,14.34,20714.32,18.88,4979.99,15734.33,18.88,P 2,46.45,0.25,17.4,31.05,0.55,1.05,0.6,1.05,1.6,88990.08,Sangat Kurang (<30%)
2023,Jawa Timur,Kab. Pacitan,288.62,105345.64,654.87,0.62,30909.21,29.34,31564.08,29.96,653.6,19502.96,19.13,P 2,68.2,2.9,8.2,17.2,0.3,0.2,0.3,0.5,2.2,73782.22,Sangat Kurang (<30%)
2023,Jawa Timur,Kab. Ponorogo,385.7,140780.94,1836.48,1.3,28555.22,20.28,30391.7,21.59,1823.54,28555.22,21.58,P 2,,,,,,,,,,110388.8,Sangat Kurang (<30%)
2023,Jawa Timur,Kab. Trenggalek,300.43,109657.53,6257.89,5.71,8438.69,7.7,14696.57,13.4,5529.75,8438.69,12.74,P 2,67.48,3.55,10.77,11.62,1,1.05,1.14,1.6,1.79,94960.38,Sangat Kurang (<30%)
2023,Jawa Timur,Kab. Tulungagung,558.98,204028.8,0,0,48904.1,23.97,48904.1,23.97,0,48904.1,23.97,P 2,57.3,7.3,10.6,12.6,4,1.7,3,1.1,2.4,155123.6,Sangat Kurang (<30%)
2023,Jawa Timur,Kab. Blitar,413.67,150990.1,555.3,0.37,9944.9,6.59,10500.2,6.95,0,9937.6,6.58,P 2,,,,,,,,,,140489.35,Sangat Kurang (<30%)
2023,Jawa Timur,Kab. Kediri,662.41,241778.92,63.42,0.03,66555.32,27.53,66618.73,27.55,0,17130.67,7.09,P 2,46.4,22.47,4.28,11.31,0.2,2.02,0.63,4.75,7.94,175160.92,Sangat Kurang (<30%)
2023,Jawa Timur,Kab. Malang,966.92,352927.26,0,0,148892.22,42.19,148892.22,42.19,0,38955.29,11.04,P 2,,,,,,,,,,204033.58,Kurang (30-60%)
2023,Jawa Timur,Kab. Lumajang,535,195275.12,33.62,0.02,91943.17,47.08,91976.78,47.1,0,22885.17,11.72,P 2,43.3,16.25,9.3,15.3,1.17,2.25,2.3,1.3,8.83,103298.22,Kurang (30-60%)
2023,Jawa Timur,Kab. Jember,1033.69,377298.02,4.08,0,4069.23,1.08,4073.31,1.08,0,4069.23,1.08,P 2,51,5,6,31,2,,4,1,,373223.54,Sangat Kurang (<30%)
2023,Jawa Timur,Kab. Banyuwangi,836.47,305312.85,430.08,0.14,104665.78,34.28,105095.86,34.42,0,89832.18,29.42,P 2,51.99,9.29,6.99,16.06,1.91,1.87,,1.82,10.07,200215.69,Kurang (30-60%)
2023,Jawa Timur,Kab. Situbondo,252.41,92130.84,3623.67,3.93,8282.68,8.99,11906.36,12.92,252.87,8282.68,9.26,P 2,44.4,13.8,16.2,24,0.2,0.6,0.2,0.2,0.4,80223.29,Sangat Kurang (<30%)
2023,Jawa Timur,Kab. Sidoarjo,878.6,320690.1,0,0,194515.98,60.66,194515.98,60.66,0,19155.71,5.97,P 2,,,,,,,,,,126173.02,Cukup (60-80%)
2023,Jawa Timur,Kab. Mojokerto,473.93,172984,655.49,0.38,41573.52,24.03,42229.01,24.41,0,41573.52,24.03,P 2,47.88,1.91,19.54,21.07,0.53,0.47,0.17,0.24,8.19,130755.44,Sangat Kurang (<30%)
2023,Jawa Timur,Kab. Jombang,530.37,193583.44,46.68,0.02,83689.33,43.23,83736.01,43.26,46.43,27826.07,14.4,P 2,49,12,8,15,1.8,5,1.6,1.6,6,109849.04,Kurang (30-60%)
2023,Jawa Timur,Kab. Nganjuk,446.81,163086.82,4912.85,3.01,31978.28,19.61,36891.13,22.62,4892.07,31978.28,22.61,P 2,61.5,2,13.1,12.3,6,1,1,1,2.1,126194.52,Sangat Kurang (<30%)
2023,Jawa Timur,Kab. Madiun,299.04,109147.99,1614.05,1.48,38550.97,35.32,40165.03,36.8,0,23147.97,21.21,P 2,39.8,11.3,13.3,19.7,5.34,2.65,2.02,4.91,0.98,68984.57,Kurang (30-60%)
2023,Jawa Timur,Kab. Magetan,275.96,100725.11,232.34,0.23,53279.45,52.9,53511.79,53.13,230.68,53272.15,53.12,P 2,35.23,24.05,9.18,15.65,0.45,1.12,1.18,2.88,10.26,47213.61,Kurang (30-60%)
2023,Jawa Timur,Kab. Ngawi,370.68,135297.67,25.93,0.02,22189.48,16.4,22215.41,16.42,0,22178.53,16.39,P 2,39.4,4.9,5.5,32.5,2.2,1.5,4.4,3.7,5.9,113082.79,Sangat Kurang (<30%)
2023,Jawa Timur,Kab. Bojonegoro,366.14,133639.42,18.76,0.01,17343.1,12.98,17361.86,12.99,15.52,17306.6,12.96,P 2,,,,,,,,,,116279.24,Sangat Kurang (<30%)
2023,Jawa Timur,Kab. Tuban,508.01,185422.94,8664.57,4.67,93173.49,50.25,101838.06,54.92,6507.15,27108.49,18.13,P 2,58.52,15.32,5.78,11.02,0.17,1.62,0.1,1.33,6.14,83585.59,Kurang (30-60%)
2023,Jawa Timur,Kab. Lamongan,552.57,201686.44,197.34,0.1,28700.24,14.23,28897.58,14.33,0,28700.24,14.23,P 2,30,12,9,18,8,2,2,1,18,172790.47,Sangat Kurang (<30%)
2023,Jawa Timur,Kab. Gresik,395.17,144238.33,468.1,0.32,95350.2,66.11,95818.29,66.43,462.98,12425.2,8.94,P 2,55.29,10.29,4.47,11.58,0.47,4.84,2.02,1.37,9.67,48418.76,Cukup (60-80%)
2023,Jawa Timur,Kab. Bangkalan,417.15,152259.02,0.24,0,18014.22,11.83,18014.46,11.83,0,16225.72,10.66,P 2,52.32,15.32,9.72,14.97,0.43,1.02,0.29,2.93,3,134245.29,Sangat Kurang (<30%)
2023,Jawa Timur,Kab. Sampang,464.41,169511.29,0,0,13766.27,8.12,13766.27,8.12,0,1356.27,0.8,P 2,45,11,10,15,1,2,1,1,14,155743.38,Sangat Kurang (<30%)
2023,Jawa Timur,Kab. Pamekasan,277.14,101156.1,287.92,0.28,61286.83,60.59,61574.75,60.87,71.91,15114.72,15.01,P 2,55,4,7,13,3,5,2,2,9,39581.35,Cukup (60-80%)
2023,Jawa Timur,Kab. Sumenep,367.44,134116.66,1170.84,0.87,8097.96,6.04,9268.8,6.91,0,8097.96,6.04,P 2,58.62,1.08,20.83,17.33,,0.91,0.26,0.57,0.4,124846.8,Sangat Kurang (<30%)
2023,Jawa Timur,Kota Kediri,173.87,63461.92,399.15,0.63,3778.3,5.95,4177.45,6.58,0,3778.3,5.95,P 2,58,7,12.2,13.4,3.4,1.4,1.6,0.8,2.2,59285.1,Sangat Kurang (<30%)
2023,Jawa Timur,Kota Blitar,76.68,27988.2,3110.21,11.11,24158.26,86.32,27268.47,97.43,3107.61,2079.41,18.53,P 2,42.4,13.2,8.56,16.5,3.8,2.6,2.85,2.94,7.15,719.73,Baik (>80%)
2023,Jawa Timur,Kota Malang,778.34,284095.41,15029.67,5.29,265212.99,93.35,280242.66,98.64,15029.67,77602.99,32.61,P 2,54.39,13.6,4.47,13.66,0.98,0.52,0.21,1.78,10.39,3851.44,Baik (>80%)
2023,Jawa Timur,Kota Probolinggo,97.82,35705.61,148.75,0.42,6026.75,16.88,6175.5,17.3,128.66,6025.65,17.24,P 2,60.95,3.84,9.78,19.15,0.74,1.23,1.59,0.42,2.3,29528.8,Sangat Kurang (<30%)
2023,Jawa Timur,Kota Pasuruan,147.48,53830.17,0,0,13010.12,24.17,13010.12,24.17,0,13010.12,24.17,P 2,32,8,18.35,28.52,1.88,0.01,2.77,4.72,3.75,40820.08,Sangat Kurang (<30%)
2023,Jawa Timur,Kota Mojokerto,98.31,35882.93,1653.11,4.61,32718.71,91.18,34371.82,95.79,0,2901.86,8.09,P 2,73.1,0.02,9.51,13.45,0.32,0.9,0.11,0.49,2.1,1511.33,Baik (>80%)
2023,Jawa Timur,Kota Madiun,122.6,44750.39,119.82,0.27,36664.63,81.93,36784.45,82.2,55.62,4854.88,10.97,P 2,81,1.5,7.9,4,2.5,0.9,0.9,0.8,0.5,7964.55,Baik (>80%)
2023,Jawa Timur,Kota Surabaya,1800.05,657016.64,2820.62,0.43,645678.34,98.27,648498.96,98.7,2757.94,74900.06,11.82,P 2,55.48,2.25,3.05,22.01,0.25,5.75,1.35,0.5,9.36,8519.29,Baik (>80%)
2023,Jawa Timur,Kota Batu,142.64,52062.68,69.4,0.13,48741.42,93.62,48810.82,93.75,18.98,9701.02,18.67,P 2,,,,,,,,,,3252.78,Baik (>80%)
2023,Banten,Kab. Pandeglang,509.07,185812.3,0,0,623.24,0.34,623.24,0.34,0,462.64,0.25,P 2,58.27,7.43,6.42,17.45,1.54,1.04,0.56,0.81,6.48,185187.31,Sangat Kurang (<30%)
2023,Banten,Kab. Lebak,597.99,218266.5,105.1,0.05,7515.83,3.44,7620.93,3.49,0,7515.83,3.44,P 2,30,12,10,15,8,5,5,10,5,210645.42,Sangat Kurang (<30%)
2023,Banten,Kab. Serang,1175.24,428962.78,0,0,31629.65,7.37,31629.65,7.37,0,176.32,0.04,P 2,,,,,,,,,,397332.95,Sangat Kurang (<30%)
2023,Banten,Kota Tangerang,1409.53,514478.12,1217.89,0.24,123585.2,24.02,124803.09,24.26,0,123585.2,24.02,P 2,57.65,0.44,13.18,19.66,1.07,2.32,0.8,0.37,4.51,389675.36,Sangat Kurang (<30%)
2023,Banten,Kota Cilegon,278.83,101772.8,0,0,6994.28,6.87,6994.28,6.87,0,2249.28,2.21,P 2,,,,,,,,,,94778.67,Sangat Kurang (<30%)
2023,Banten,Kota Serang,601.38,219503.03,0.4,0,20812.3,9.48,20812.7,9.48,0,20812.3,9.48,P 2,67.03,5.11,7.26,20.16,0.25,0.03,0.11,0.04,0.01,198691,Sangat Kurang (<30%)
2023,Banten,Kota Tangerang Selatan,1011.45,369177.5,13559.75,3.67,89557.1,24.26,103116.85,27.93,13559.75,89557.1,27.93,P 2,45.23,16.32,9.13,15.27,0.28,1.47,,0.15,12.15,266062.4,Sangat Kurang (<30%)
2023,Bali,Kab. Jembrana,163.74,59765.28,92.86,0.16,12924.27,21.63,13017.13,21.78,3.65,12924.27,21.63,P 2,27.37,47.94,0.84,19.04,0.71,0.03,3.13,0.61,0.33,46747.97,Sangat Kurang (<30%)
2023,Bali,Kab. Tabanan,232.67,84922.73,0,0,830.05,0.98,830.05,0.98,0,830.05,0.98,P 2,29.21,39.76,2.84,10.51,0.33,2.28,1.94,0.94,12.19,84094.5,Sangat Kurang (<30%)
2023,Bali,Kab. Badung,534.86,195222.49,0,0,47678.84,24.42,47678.84,24.42,0,47678.84,24.42,P 2,16,33.9,11.1,28.4,2.6,2.1,0.67,0.9,4.33,147545.06,Sangat Kurang (<30%)
2023,Bali,Kab. Gianyar,538.9,196698.5,2447.51,1.24,16061.4,8.17,18508.9,9.41,2447.51,16061.4,9.41,P 2,,,,,,,,,,178189.6,Sangat Kurang (<30%)
2023,Bali,Kab. Klungkung,110.25,40239.61,29.58,0.07,9144.42,22.72,9174,22.8,0,9071.42,22.54,P 2,23.38,46.42,4.93,11.93,1.51,1.41,0.46,1.67,8.29,31067.25,Sangat Kurang (<30%)
2023,Bali,Kab. Bangli,112.86,41195.36,684.04,1.66,6502.12,15.78,7186.16,17.44,581.81,6498.47,17.19,P 2,11.08,68,2.1,6.49,5.6,0.08,1.05,3.6,2,34007.74,Sangat Kurang (<30%)
2023,Bali,Kab. Karangasem,281.22,102643.48,83.95,0.08,7754,7.55,7837.95,7.64,83.95,7754,7.64,P 2,60,9,18,8,1,1,1,1,1,94807.35,Sangat Kurang (<30%)
2023,Bali,Kab. Buleleng,412.5,150562.5,12.03,0.01,71959.42,47.79,71971.45,47.8,9.23,15347.92,10.2,P 2,4,68.41,6.69,14.69,0.23,1.79,0.52,0.77,2.9,78591.05,Kurang (30-60%)
2023,Bali,Kota Denpasar,980.78,357984.7,0,0,75595.9,21.12,75595.9,21.12,0,75595.9,21.12,P 2,26.28,43.38,8.26,11.1,2.91,1.04,3.09,1.94,2,282388.8,Sangat Kurang (<30%)
2023,Nusa Tenggara Barat,Kab. Lombok Barat,297.72,108669.11,0,0,24710.48,22.74,24710.48,22.74,0,1467.28,1.35,P 2,20,11.4,19.3,0.78,9.7,0.3,7.6,0.1,9,83957.32,Sangat Kurang (<30%)
2023,Nusa Tenggara Barat,Kab. Lombok Tengah,427.07,155881.57,913.6,0.59,32837.35,21.07,33750.95,21.65,913.6,32837.35,21.65,P 2,55,7,9,20,5,,,,4,122129.6,Sangat Kurang (<30%)
2023,Nusa Tenggara Barat,Kab. Sumbawa,260.93,95239.63,0,0,3705.15,3.89,3705.15,3.89,0,3705.15,3.89,P 2,38.21,8.18,12.19,20.34,2.36,0.51,0.68,4.28,13.25,91534.3,Sangat Kurang (<30%)
2023,Nusa Tenggara Barat,Kota Mataram,271.69,99165.83,151.73,0.15,22185.91,22.37,22337.63,22.53,125.93,22185.91,22.5,P 2,58,8,3,12,8,3,3,2,3,76829.22,Sangat Kurang (<30%)
2023,Nusa Tenggara Timur,Kab. Kupang,154.89,56533.68,45.48,0.08,0,0,45.48,0.08,0,0,0,P 2,44,21,6,12,2,6,3,1,5,56489.37,Sangat Kurang (<30%)
2023,Nusa Tenggara Timur,Kab. Timor Tengah Utara,107.23,39137.78,0,0,0,0,0,0,0,0,0,P 2,,,,,,,,,,39138.95,Sangat Kurang (<30%)
2023,Nusa Tenggara Timur,Kab. Belu,115.5,42158.96,0,0,0,0,0,0,0,0,0,P 2,,,,,,,,,,42157.5,Sangat Kurang (<30%)
2023,Nusa Tenggara Timur,Kab. Flores Timur,202.57,73936.59,0,0,0,0,0,0,0,0,0,P 2,,,,,,,,,,73938.05,Sangat Kurang (<30%)
2023,Nusa Tenggara Timur,Kab. Sikka,134.14,48962.56,0,0,14855.5,30.34,14855.5,30.34,0,0,0,P 2,,,,,,,,,,34105.6,Kurang (30-60%)
2023,Nusa Tenggara Timur,Kab. Ngada,117.18,42769.68,0.12,0,7847.5,18.35,7847.62,18.35,0,0,0,P 2,10,10,20,25,10,10,5,5,5,34923.08,Sangat Kurang (<30%)
2023,Nusa Tenggara Timur,Kab. Sumba Timur,59.71,21792.78,0,0,329.6,1.51,329.6,1.51,0,329.6,1.51,P 2,10,15,5,50,5,2,3,5,5,21464.55,Sangat Kurang (<30%)
2023,Nusa Tenggara Timur,Kab. Lembata,88.37,32254.82,0,0,0,0,0,0,0,0,0,P 2,32,15,10,20,3,5,2,2,11,32255.05,Sangat Kurang (<30%)
2023,Nusa Tenggara Timur,Kab. Rote Ndao,133.75,48819.44,0,0,0,0,0,0,0,0,0,P 2,20,20,10,40,2,2,1,1,4,48818.75,Sangat Kurang (<30%)
2023,Nusa Tenggara Timur,Kab. Manggarai Barat,111.27,40614.86,0,0,2100.93,5.17,2100.93,5.17,0,2100.93,5.17,P 2,35,13,10,29,5,1,3,4,,38512.62,Sangat Kurang (<30%)
2023,Nusa Tenggara Timur,Kab. Nagekeo,66.79,24377.33,0.07,0,536.32,2.2,536.39,2.2,0,536.32,2.2,P 2,15.86,11.46,22.16,26.31,5.29,6.17,2.96,5.56,4.23,23841.96,Sangat Kurang (<30%)
2023,Nusa Tenggara Timur,Kab. Sumba Tengah,27.14,9907.78,1.1,0.01,227.03,2.29,228.13,2.3,1.1,227.03,2.3,P 2,33,26,11,19,1,2,1,1,6,9677.97,Sangat Kurang (<30%)
2023,Nusa Tenggara Timur,Kab. Sumba Barat Daya,128.83,47022.66,0,0,0,0,0,0,0,0,0,P 2,25,20,5,20,5,7,5,5,8,47022.95,Sangat Kurang (<30%)
2023,Nusa Tenggara Timur,Kab. Malaka,78.82,28769.88,0,0,0,0,0,0,0,0,0,P 2,35.43,28.93,10.01,12.93,0.54,2.37,1.97,0.39,7.43,28769.3,Sangat Kurang (<30%)
2023,Nusa Tenggara Timur,Kota Kupang,234.46,85576.62,0,0,5035.22,5.88,5035.22,5.88,0,5035.22,5.88,P 2,29,17,13,19.5,4.25,3,2.8,3.3,8.15,80542.68,Sangat Kurang (<30%)
2023,Kalimantan Barat,Kab. Sambas,322.09,117563.03,95,0.08,11895.54,10.12,11990.55,10.2,11.63,91.44,0.09,P 2,40,5.6,14.2,25,0.3,1,0.9,2,11,105572.3,Sangat Kurang (<30%)
2023,Kalimantan Barat,Kab. Mempawah,84.3,30769.28,26,0.08,0.41,0,26.41,0.09,0,0.41,0,P 2,40,13,11,19,3,3,2,2,7,30743.09,Sangat Kurang (<30%)
2023,Kalimantan Barat,Kab. Sanggau,249.93,91225.36,0,0,5.38,0.01,5.38,0.01,0,5.38,0.01,P 2,,,,,,,,,,91219.07,Sangat Kurang (<30%)
2023,Kalimantan Barat,Kab. Ketapang,295.05,107693.92,0,0,25840.66,23.99,25840.66,23.99,0,100.49,0.09,P 2,,,,,,,,,,81852.59,Sangat Kurang (<30%)
2023,Kalimantan Barat,Kab. Sintang,354.22,129290.13,73,0.06,59.59,0.05,132.59,0.1,73,59.59,0.1,P 2,,,,,,,,,,129157.71,Sangat Kurang (<30%)
2023,Kalimantan Barat,Kab. Kapuas Hulu,134.42,49063.3,0,0,7.3,0.01,7.3,0.01,0,7.3,0.01,P 2,42.15,1.32,12.8,28.62,3.2,1.82,3.56,4.29,2.24,49056,Sangat Kurang (<30%)
2023,Kalimantan Barat,Kab. Bengkayang,118.74,43340.83,0,0,0,0,0,0,0,0,0,P 2,,,,,,,,,,43340.1,Sangat Kurang (<30%)
2023,Kalimantan Barat,Kab. Landak,163.83,59797.95,0.6,0,8969.44,15,8970.04,15,0.6,0,0,P 2,35,2,20,28,2,,,7,6,50827.91,Sangat Kurang (<30%)
2023,Kalimantan Barat,Kab. Sekadau,88.53,32314.62,341.4,1.06,162.43,0.5,503.83,1.56,0,162.43,0.5,P 2,80,8,3,7,0.3,0.2,0.1,1.1,0.3,31809.62,Sangat Kurang (<30%)
2023,Kalimantan Barat,Kab. Melawi,85.33,31145.01,0,0,0,0,0,0,0,0,0,P 2,38.39,0.28,12.99,46.2,0.08,0.38,0.02,0.06,1.6,31145.45,Sangat Kurang (<30%)
2023,Kalimantan Barat,Kab. Kayong Utara,65.55,23926.48,0,0,454.06,1.9,454.06,1.9,0,454.06,1.9,P 2,,30,5,45,,,5,,,23471.69,Sangat Kurang (<30%)
2023,Kalimantan Barat,Kab. Kubu Raya,434.09,158442.19,0,0,17.52,0.01,17.52,0.01,0,17.52,0.01,P 2,,,,,,,,,,158425.33,Sangat Kurang (<30%)
2023,Kalimantan Barat,Kota Pontianak,441.88,161286.82,0,0,36374.32,22.55,36374.32,22.55,0,36374.32,22.55,P 2,,,,,,,,,,124911.88,Sangat Kurang (<30%)
2023,Kalimantan Barat,Kota Singkawang,95.38,34813.5,0,0,6293.78,18.08,6293.78,18.08,0,6242.68,17.93,P 2,76,,8.4,7.8,3.6,,,,4.2,28519.92,Sangat Kurang (<30%)
2023,Kalimantan Tengah,Kab. Kotawaringin Barat,137.47,50175.64,77.14,0.15,3159.9,6.3,3237.03,6.45,15.7,2763.87,5.54,P 2,55,5,10,12,2,2,2,1,11,46939.52,Sangat Kurang (<30%)
2023,Kalimantan Tengah,Kab. Kotawaringin Timur,237.97,86858.62,0,0,25649.28,29.53,25649.28,29.53,0,99.28,0.11,P 2,,,,,,,,,,61209.77,Sangat Kurang (<30%)
2023,Kalimantan Tengah,Kab. Kapuas,213.72,78008.17,0,0,8867.58,11.37,8867.59,11.37,0,1022.14,1.31,P 2,30.38,12.84,13.06,20.79,14.92,2,,1.91,4.1,69140.21,Sangat Kurang (<30%)
2023,Kalimantan Tengah,Kab. Barito Selatan,66.96,24439.67,0,0,1216.74,4.98,1216.74,4.98,0,1216.74,4.98,P 2,47.36,9.82,7,22.2,3,1,2,2,5.62,23223.66,Sangat Kurang (<30%)
2023,Kalimantan Tengah,Kab. Barito Utara,65.3,23833.48,0,0,1455.26,6.11,1455.26,6.11,0,1455.26,6.11,P 2,30,12,14,20,5,5,2,2,10,22379.24,Sangat Kurang (<30%)
2023,Kalimantan Tengah,Kab. Katingan,65.6,23942.39,0.42,0,0,0,0.42,0,0,0,0,P 2,56.98,2.06,13.17,14.34,4.02,1.78,3.41,3.28,0.95,23943.58,Sangat Kurang (<30%)
2023,Kalimantan Tengah,Kab. Seruyan,83.04,30308.14,0,0,9.13,0.03,9.13,0.03,0,9.13,0.03,P 2,30,15,10.5,25,2,1.5,5,2.5,8.5,30300.47,Sangat Kurang (<30%)
2023,Kalimantan Tengah,Kab. Sukamara,25.22,9203.69,0,0,5241.63,56.95,5241.63,56.95,0,1771.21,19.24,P 2,56.13,4.12,4.81,21.06,6.88,5.16,0.01,1.09,0.73,3963.67,Kurang (30-60%)
2023,Kalimantan Tengah,Kab. Gunung Mas,98.38,35908.88,0,0,0,0,0,0,0,0,0,P 2,,,,,,,,,,35908.7,Sangat Kurang (<30%)
2023,Kalimantan Tengah,Kab. Pulang Pisau,68.11,24860.33,0.1,0,1314,5.29,1314.1,5.29,0,1314,5.29,P 2,23.51,26.74,13.31,25.13,3.19,2.41,0.83,1.79,3.09,23546.05,Sangat Kurang (<30%)
2023,Kalimantan Tengah,Kab. Murung Raya,57.08,20835.48,70.81,0.34,5369.88,25.77,5440.69,26.11,70.81,770.88,4.04,P 2,,,,,,,,,,15393.51,Sangat Kurang (<30%)
2023,Kalimantan Tengah,Kab. Barito Timur,46.16,16849.28,0,0,316.41,1.88,316.41,1.88,0,316.41,1.88,P 2,32,9,7,37,1,5,6.5,1.2,1.3,16531.99,Sangat Kurang (<30%)
2023,Kalimantan Tengah,Kota Palangkaraya,156.01,56945.11,30.49,0.05,53898.04,94.65,53928.53,94.7,18.25,13649.49,24,P 2,42.05,4.33,8.66,19.49,2.31,2.36,2.18,2.04,16.58,3015.12,Baik (>80%)
2023,Kalimantan Selatan,Kab. Kotabaru,183.79,67082.22,0.01,0,975.85,1.45,975.86,1.45,0,939.35,1.4,P 2,68,0.7,12.5,12.4,0.9,0.4,0.4,1.1,3.6,66107.49,Sangat Kurang (<30%)
2023,Kalimantan Selatan,Kab. Banjar,362.56,132335.31,333.71,0.25,7740.09,5.85,8073.8,6.1,328.5,7740.09,6.1,P 2,22,,20,30,,,,,28,124260.6,Sangat Kurang (<30%)
2023,Kalimantan Selatan,Kab. Barito Kuala,98.8,36061.31,2784.69,7.72,23976.29,66.49,26760.98,74.21,1981.95,7916.29,27.45,P 2,59.5,9.5,10.5,12,3.1,1.9,0.5,2,1,9301.02,Cukup (60-80%)
2023,Kalimantan Selatan,Kab. Tapin,83.74,30566.12,27.49,0.09,22434.4,73.4,22461.89,73.49,22.12,5206.4,17.11,P 2,,,,,,,,,,8103.21,Cukup (60-80%)
2023,Kalimantan Selatan,Kab. Hulu Sungai Selatan,97.28,35506.76,84.71,0.24,21735.04,61.21,21819.75,61.45,55.85,5127.54,14.6,P 2,55.18,1.48,13.13,25.35,2.9,0.46,0.9,0.4,0.2,13687.45,Cukup (60-80%)
2023,Kalimantan Selatan,Kab. Hulu Sungai Tengah,105.22,38406.91,19.9,0.05,32122.09,83.64,32141.99,83.69,2.24,8489.44,22.11,P 2,61.3,4.02,1.8,29.27,1.07,0.24,0.35,1.78,0.17,6263.31,Baik (>80%)
2023,Kalimantan Selatan,Kab. Hulu Sungai Utara,92.89,33905,0,0,2015.61,5.94,2015.61,5.94,0,2015.61,5.94,P 2,48.59,8.12,8.45,12.6,0.85,0.3,1,6.6,9.5,31889.24,Sangat Kurang (<30%)
2023,Kalimantan Selatan,Kab. Tabalong,117.61,42926.74,16.55,0.04,38763.59,90.3,38780.14,90.34,0,2902.34,6.76,P 2,36,2,17,24,1,3,1,3,13,4147.51,Baik (>80%)
2023,Kalimantan Selatan,Kab. Tanah Bumbu,171.87,62732.73,0,0,45629.77,72.74,45629.77,72.74,0,10637.22,16.96,P 2,64.04,4.23,3.2,12.3,2.1,2.2,1.24,2.23,8.46,17102.78,Cukup (60-80%)
2023,Kalimantan Selatan,Kab. Balangan,58.02,21178.29,96.8,0.46,4005.46,18.91,4102.26,19.37,96.73,4005.46,19.37,P 2,60.46,7.31,10.66,15.73,2.07,1.64,0.82,0.2,1.11,17075.04,Sangat Kurang (<30%)
2023,Kalimantan Selatan,Kota Banjarmasin,466.51,170275.42,0,0,39168.77,23,39168.77,23,0,39168.77,23,P 2,27.89,7.33,9.2,20.61,3.21,4.3,5.26,4.39,17.81,131107.38,Sangat Kurang (<30%)
2023,Kalimantan Selatan,Kota Banjarbaru,185.9,67854.41,1.17,0,282919.54,416.95,282920.72,416.95,0.27,233084.63,343.51,P 2,48.3,4.2,16,23.7,0.5,0.3,0.4,0.1,6.5,-215067.22,
2023,Kalimantan Timur,Kab. Paser,121.37,44299.9,26.44,0.06,2745.54,6.2,2771.98,6.26,0,2745.54,6.2,P 2,54.99,0.22,10.2,13.64,1.38,13.56,1.2,3.52,1.29,41528.07,Sangat Kurang (<30%)
2023,Kalimantan Timur,Kab. Kutai Kartanegara,320.88,117121.18,0,0,17258.86,14.74,17258.86,14.74,0,17258.86,14.74,P 2,73.92,0.98,10.43,7.86,2.04,1.57,0.55,1.75,0.9,99862.34,Sangat Kurang (<30%)
2023,Kalimantan Timur,Kab. Berau,140.5,51282.14,142.02,0.28,9061.73,17.67,9203.75,17.95,3.65,9061.73,17.68,P 2,55.39,1.28,3.74,26.47,9.63,0.2,0.2,0.99,2.1,42078.75,Sangat Kurang (<30%)
2023,Kalimantan Timur,Kab. Kutai Barat,70.8,25843.02,0,0,10776.99,41.7,10776.99,41.7,0,0,0,P 2,,,,,,,,,,15065.01,Kurang (30-60%)
2023,Kalimantan Timur,Kab. Kutai Timur,212.89,77706.13,279.64,0.36,2575.11,3.31,2854.75,3.67,0,2575.11,3.31,P 2,41.05,19.71,11.15,21.06,2.97,1.02,1,1.04,1,74850.1,Sangat Kurang (<30%)
2023,Kalimantan Timur,Kab. Penajam Paser Utara,98.28,35873.3,1.46,0,14718.89,41.03,14720.35,41.03,0,1483.99,4.14,P 2,46.13,1.09,20.87,29.83,0.22,0.02,0.67,0.83,0.34,21151.85,Kurang (30-60%)
2023,Kalimantan Timur,Kab. Mahakam Ulu,17.91,6538.11,0,0,0.15,0,0.15,0,0,0.15,0,P 2,59,15,10,10,2,0.5,0.5,2,1,6537,Sangat Kurang (<30%)
2023,Kalimantan Timur,Kota Balikpapan,528.87,193038.43,912.15,0.47,177487.45,91.94,178399.61,92.42,905.89,38225.35,20.27,P 2,42.3,6.36,10.26,7.2,3.87,2.94,0.98,6.56,19.53,14637.94,Baik (>80%)
2023,Kalimantan Timur,Kota Samarinda,599.45,218799.98,2.41,0,40620.74,18.57,40623.15,18.57,0,40620.74,18.57,P 2,52.88,8.55,11.41,12.94,0.35,0.9,0.33,0.71,11.93,178176.1,Sangat Kurang (<30%)
2023,Kalimantan Timur,Kota Bontang,106.38,38829.46,388.63,1,37833.03,97.43,38221.66,98.43,376.68,11052.98,29.44,P 2,44.12,6,27.5,18,2.1,0.03,0.25,1.05,0.95,607.04,Baik (>80%)
2023,Kalimantan Utara,Kab. Bulungan,116.74,42611.01,0,0,25567,60,25567,60,0,17,0.04,P 2,,,,,,,,,,17043.1,Kurang (30-60%)
2023,Kalimantan Utara,Kab. Nunukan,43.74,15966.42,0.22,0,10371.35,64.96,10371.57,64.96,0,4263.83,26.7,P 2,52.38,1.77,11.81,12.57,3,4.23,1.08,1.68,11.48,5593.53,Cukup (60-80%)
2023,Kalimantan Utara,Kab. Tana Tidung,14.34,5234.83,0,0,4857.5,92.79,4857.5,92.79,0,39.5,0.75,P 2,,,,,,,,,,376.6,Baik (>80%)
2023,Sulawesi Utara,Kab. Bolaang Mongondow,126.32,46108.26,0,0,0,0,0,0,0,0,0,P 2,49.98,14.52,8.5,10.8,4.05,3.33,2.9,2.32,3.6,46106.8,Sangat Kurang (<30%)
2023,Sulawesi Utara,Kab. Minahasa,175.13,63922.63,489.1,0.77,16972.5,26.55,17461.6,27.32,489.1,16972.5,27.32,P 2,,,,,,,,,,46460.85,Sangat Kurang (<30%)
2023,Sulawesi Utara,Kab. Kepulauan Sangihe,65.88,24045.31,13.96,0.06,379.45,1.58,393.42,1.64,0,379.45,1.58,P 2,45.58,8.95,5.2,29.6,0.46,0.5,3.3,2,4.41,23652.78,Sangat Kurang (<30%)
2023,Sulawesi Utara,Kab. Kepulauan Talaud,39.04,14250.18,0,0,1043.9,7.33,1043.9,7.33,0,0,0,P 2,40.58,9,5.2,32.5,0.3,0.3,2,1.7,8.42,13205.7,Sangat Kurang (<30%)
2023,Sulawesi Utara,Kab. Minahasa Selatan,96.01,35042.92,5.48,0.02,833.37,2.38,838.84,2.39,5.48,833.37,2.39,P 2,20,12,12,36,4,4,5,2,5,34204.81,Sangat Kurang (<30%)
2023,Sulawesi Utara,Kab. Minahasa Utara,120.48,43976.48,57.48,0.13,24945.93,56.73,25003.41,56.86,0,253.68,0.58,P 2,46.5,13.65,12.25,15.55,2.2,2.35,2.55,2.5,2.45,18971.79,Kurang (30-60%)
2023,Sulawesi Utara,Kab. Minahasa Tenggara,46.92,17127.26,0.07,0,9.13,0.05,9.2,0.05,0,9.13,0.05,P 2,37.52,10.02,11.93,9.33,4.01,4.57,3.25,5.17,14.2,17116.6,Sangat Kurang (<30%)
2023,Sulawesi Utara,Kab. Bolaang Mongondow Utara,33.82,12343.28,0.14,0,40.15,0.33,40.29,0.33,0,40.15,0.33,P 2,20,25,10,10,10,5,5,5,10,12304.01,Sangat Kurang (<30%)
2023,Sulawesi Utara,Kab. Kep. Siau Tagulandang Biaro,28.85,10530.4,0.72,0.01,3452.53,32.79,3453.25,32.79,0,94.54,0.9,P 2,34,15,10,25,3,5,3,5,,7077,Kurang (30-60%)
2023,Sulawesi Utara,Kab. Bolaang Mongondow Selatan,29.06,10608.36,14.97,0.14,304.78,2.87,319.74,3.01,14.97,304.78,3.01,P 2,16,19,10,11,6,7,9,6,16,10287.16,Sangat Kurang (<30%)
2023,Sulawesi Utara,Kota Manado,291.2,106288.37,73,0.07,7182.6,6.76,7255.6,6.83,73,7182.6,6.83,P 2,47.7,1.14,18.66,19.48,0.26,1.54,1.49,1.85,7.88,99032.4,Sangat Kurang (<30%)
2023,Sulawesi Utara,Kota Bitung,159.06,58055.22,0,0,31.97,0.06,31.97,0.06,0,31.97,0.06,P 2,50.2,2.05,16.03,15.07,0.36,1.48,1.37,1.83,11.61,58024.93,Sangat Kurang (<30%)
2023,Sulawesi Utara,Kota Tomohon,51.36,18747.13,8.76,0.05,122.7,0.65,131.46,0.7,0,122.7,0.65,P 2,,,,,,,,,,18614.94,Sangat Kurang (<30%)
2023,Sulawesi Utara,Kota Kotamobagu,86.74,31661.05,10.42,0.03,26003.7,82.13,26014.11,82.16,8.07,2790.79,8.84,P 2,53.5,5,11.8,8.5,5.7,3.6,2.6,2.8,6.5,5645.99,Baik (>80%)
2023,Sulawesi Tengah,Kab. Banggai,183.11,66835.88,1525.18,2.28,7.47,0.01,1532.65,2.29,0,7.47,0.01,P 2,33,12,21,15,6,3,2,2,6,65302.5,Sangat Kurang (<30%)
2023,Sulawesi Tengah,Kab. Buol,60.21,21976.65,0,0,0,0,0,0,0,0,0,P 2,,,,,,,,,,21976.65,Sangat Kurang (<30%)
2023,Sulawesi Tengah,Kab. Morowali,88.12,32164.53,0,0,4608.68,14.33,4608.68,14.33,0,43.8,0.14,P 2,2.2,3,2.5,8.88,3.1,1.5,2,0.2,3,27555.12,Sangat Kurang (<30%)
2023,Sulawesi Tengah,Kab. Banggai Kepulauan,60.84,22207.33,124.8,0.56,37.75,0.17,162.55,0.73,0,37.75,0.17,P 2,15,20,13,15,8,3,5,6,15,22044.05,Sangat Kurang (<30%)
2023,Sulawesi Tengah,Kab. Parigi Moutong,227.25,82947.89,0,0,8206.04,9.89,8206.04,9.89,0,4340.69,5.23,P 2,,,,,,,,,,74740.21,Sangat Kurang (<30%)
2023,Sulawesi Tengah,Kab. Sigi,131.05,47833.43,0,0,13796.1,28.84,13796.1,28.84,0,3.1,0.01,P 2,42.54,,20.64,9.48,26.96,,0.2,0.18,,34037.15,Sangat Kurang (<30%)
2023,Sulawesi Tengah,Kab. Banggai Laut,37.46,13672.9,0,0,195.28,1.43,195.28,1.43,0,195.28,1.43,P 2,,,,,,,,,,13477.62,Sangat Kurang (<30%)
2023,Sulawesi Tengah,Kab. Morowali Utara,72.84,26587.7,0.29,0,0,0,0.29,0,0,0,0,P 2,,,,,,,,,,26586.31,Sangat Kurang (<30%)
2023,Sulawesi Tengah,Kota Palu,193.75,70717.47,6.97,0.01,275.63,0.39,282.6,0.4,0,275.63,0.39,P 2,70.96,0.77,9.44,10.43,1.9,1.06,0.6,0.59,4.25,70436.15,Sangat Kurang (<30%)
2023,Sulawesi Selatan,Kab. Kepulauan Selayar,56.35,20568.63,0,0,267,1.3,267,1.3,0,267,1.3,P 2,,,,,,,,,,20300.75,Sangat Kurang (<30%)
2023,Sulawesi Selatan,Kab. Bulukumba,182.5,66610.75,476.73,0.72,2376.88,3.57,2853.62,4.28,329.23,2376.88,4.06,P 2,28.5,28.5,10,16,4.25,4.25,4.25,4.25,,63758.88,Sangat Kurang (<30%)
2023,Sulawesi Selatan,Kab. Bantaeng,83.23,30377.78,43.73,0.14,8408.9,27.68,8452.63,27.83,36.5,8408.9,27.8,P 2,30.13,27.5,11,14,1.24,3,2,1.13,10,21926.32,Sangat Kurang (<30%)
2023,Sulawesi Selatan,Kab. Jeneponto,166.18,60657.45,409.49,0.68,3853.85,6.35,4263.34,7.03,0,3853.85,6.35,P 2,19,22.5,11.5,21.5,5,1.5,4,2.5,12.5,56392.36,Sangat Kurang (<30%)
2023,Sulawesi Selatan,Kab. Takalar,130.42,47602.42,0,0,219.18,0.46,219.18,0.46,0,219.18,0.46,P 2,50,20,10,10,2,1,1,1,5,47384.12,Sangat Kurang (<30%)
2023,Sulawesi Selatan,Kab. Gowa,400,145999.82,864,0.59,18262,12.51,19126,13.1,0,18262,12.51,P 2,56.55,1.21,9.09,12.68,2.39,0.94,0.47,1.51,15.16,126874,Sangat Kurang (<30%)
2023,Sulawesi Selatan,Kab. Sinjai,109.42,39939.61,13.88,0.03,5565.21,13.93,5579.09,13.97,0,5565.21,13.93,P 2,31.5,13,31.09,14.68,8.2,0.87,0.44,0.08,,34359.21,Sangat Kurang (<30%)
2023,Sulawesi Selatan,Kab. Bone,407.59,148771.81,789.98,0.53,107830.5,72.48,108620.48,73.01,770.15,21416.75,14.91,P 2,39.2,13.3,11.4,18.8,3.4,2.6,2.1,2.1,7.1,40149.87,Cukup (60-80%)
2023,Sulawesi Selatan,Kab. Maros,164.28,59962.05,126.36,0.21,41456.91,69.14,41583.27,69.35,67.53,8606.91,14.47,P 2,,,,,,,,,,18378.93,Cukup (60-80%)
2023,Sulawesi Selatan,Kab. Pangkajene dan Kepulauan,142,51830.44,9.16,0.02,28729.99,55.43,28739.15,55.45,0,6099.99,11.77,P 2,63.13,10.83,8.99,7.29,6.5,0.72,0.19,1.55,0.8,23090.85,Kurang (30-60%)
2023,Sulawesi Selatan,Kab. Barru,77.82,28403.28,0,0,17823.07,62.75,17823.07,62.75,0,4226.82,14.88,P 2,61,9.5,5.5,15.5,1.7,1.5,1,1.1,3.2,10581.23,Cukup (60-80%)
2023,Sulawesi Selatan,Kab. Soppeng,94.42,34463.15,262.85,0.76,26400.57,76.61,26663.41,77.37,262.8,3624.57,11.28,P 2,53,7,14,20,2.2,0.7,2,0.3,0.8,7799.89,Cukup (60-80%)
2023,Sulawesi Selatan,Kab. Wajo,163.09,59528.58,115.55,0.19,164.03,0.28,279.58,0.47,0,164.03,0.28,P 2,,,,,,,,,,59248.27,Sangat Kurang (<30%)
2023,Sulawesi Selatan,Kab. Sidenreng Rappang,130.97,47802.74,14.62,0.03,35565.47,74.4,35580.09,74.43,14.52,9438.77,19.78,P 2,41.4,13.2,10.9,18.5,3,2.6,2,2,6.4,12223.96,Cukup (60-80%)
2023,Sulawesi Selatan,Kab. Pinrang,184.05,67178.98,114.23,0.17,40217.26,59.87,40331.49,60.04,51.83,11209.72,16.76,P 2,,,,,,,,,,26846.76,Cukup (60-80%)
2023,Sulawesi Selatan,Kab. Enrekang,104.09,37991.19,0,0,19203.45,50.55,19203.45,50.55,0,8983.45,23.65,P 2,15,15,23,30,3,5,2,7,,18789.4,Kurang (30-60%)
2023,Sulawesi Selatan,Kab. Tana Toraja,108.39,39563.66,0,0,27.05,0.07,27.05,0.07,0,27.05,0.07,P 2,,,,,,,,,,39535.3,Sangat Kurang (<30%)
2023,Sulawesi Selatan,Kab. Luwu Utara,165.29,60330.12,0,0,4.75,0.01,4.75,0.01,0,4.75,0.01,P 2,65,10,9,2,1,1,1,1,10,60326.1,Sangat Kurang (<30%)
2023,Sulawesi Selatan,Kab. Luwu Timur,122.21,44606.07,5.28,0.01,16161.42,36.23,16166.7,36.24,0,5758.92,12.91,P 2,40,10,25,15,3,1.5,2,2,1.5,28439.95,Kurang (30-60%)
2023,Sulawesi Selatan,Kab. Toraja Utara,136.14,49692.2,0,0,16517.93,33.24,16517.93,33.24,0,1727.67,3.48,P 2,,,,,,,,,,33173.17,Kurang (30-60%)
2023,Sulawesi Selatan,Kota Makassar,1032.08,376707.41,2.28,0,15395.97,4.09,15398.25,4.09,0,15395.97,4.09,P 2,,,7,16,2,,1,4,5,361310.95,Sangat Kurang (<30%)
2023,Sulawesi Selatan,Kota Parepare,79.33,28956.73,75.23,0.26,23106.18,79.8,23181.41,80.06,51.83,1844.93,6.55,P 2,51.4,11.6,11.9,12.25,2.85,2.3,2.15,2.95,2.6,5774.04,Baik (>80%)
2023,Sulawesi Selatan,Kota Palopo,95.43,34833.23,39.4,0.11,586.41,1.68,625.81,1.8,0,586.41,1.68,P 2,35,10,15,30,6,,,,4,34206.14,Sangat Kurang (<30%)
2023,Sulawesi Tenggara,Kab. Kolaka,121.36,44297.57,0,0,3250.92,7.34,3250.92,7.34,0,3250.92,7.34,P 2,65,5,10,10,5,1,1,2,1,41045.48,Sangat Kurang (<30%)
2023,Sulawesi Tenggara,Kab. Konawe,106.52,38879.65,0,0,0,0,0,0,0,0,0,P 2,,,,,,,,,,38879.8,Sangat Kurang (<30%)
2023,Sulawesi Tenggara,Kab. Muna,94.11,34351.61,102.89,0.3,231.78,0.67,334.66,0.97,7.3,231.78,0.7,P 2,47,9,12,23,2,2,2,2,1,34015.49,Sangat Kurang (<30%)
2023,Sulawesi Tenggara,Kab. Buton,41.44,15125.75,0,0,0,0,0,0,0,0,0,P 2,10,10,2,50,5,2,3,1,17,15125.6,Sangat Kurang (<30%)
2023,Sulawesi Tenggara,Kab. Konawe Selatan,161.47,58937.65,0,0,0,0,0,0,0,0,0,P 2,,,,,,,,,,58936.55,Sangat Kurang (<30%)
2023,Sulawesi Tenggara,Kab. Wakatobi,82.34,30054.47,0,0,7.3,0.02,7.3,0.02,0,7.3,0.02,P 2,43,8,9,27,4,3,1,2,3,30046.8,Sangat Kurang (<30%)
2023,Sulawesi Tenggara,Kab. Kolaka Utara,56.46,20608.05,35.9,0.17,6144.84,29.82,6180.74,29.99,0,2494.84,12.11,P 2,,,,,,,,,,14427.16,Sangat Kurang (<30%)
2023,Sulawesi Tenggara,Kab. Konawe Utara,28.13,10265.84,0,0,0,0,0,0,0,0,0,P 2,,,,,,,,,,10267.45,Sangat Kurang (<30%)
2023,Sulawesi Tenggara,Kab. Kolaka Timur,56.58,20651.85,0,0,883.67,4.28,883.67,4.28,0,883.67,4.28,P 2,30,15,9,25,1,5,10,2,3,19768.03,Sangat Kurang (<30%)
2023,Sulawesi Tenggara,Kab. Muna Barat,35.71,13035.61,0,0,0,0,0,0,0,0,0,P 2,,,,,,,,,,13034.15,Sangat Kurang (<30%)
2023,Sulawesi Tenggara,Kab. Buton Tengah,60.14,21952.01,0,0,0,0,0,0,0,0,0,P 2,,,,,,,,,,21951.1,Sangat Kurang (<30%)
2023,Sulawesi Tenggara,Kab. Buton Selatan,23.36,8527.64,0,0,0,0,0,0,0,0,0,P 2,65.83,3.36,4.52,12.48,1.44,3.79,1.95,1.89,4.74,8526.4,Sangat Kurang (<30%)
2023,Sulawesi Tenggara,Kota Kendari,242.25,88420.76,0,0,77382.78,87.52,77382.78,87.52,0,4382.78,4.96,P 2,43.65,17.44,16.78,17.25,1.54,0.72,1.06,1.16,0.4,11038.47,Baik (>80%)
2023,Sulawesi Tenggara,Kota Bau Bau,90,32850,1.33,0,3559.12,10.83,3560.45,10.84,0,3559.12,10.83,P 2,0.3,0.51,2.83,3.95,2.47,,,,79,29289.55,Sangat Kurang (<30%)
2023,Gorontalo,Kab. Gorontalo,159.52,58224.95,0,0,0,0,0,0,0,0,0,P 2,39.5,3.2,12.3,4.7,2.1,1.2,,0.9,36.1,58224.8,Sangat Kurang (<30%)
2023,Gorontalo,Kab. Bone Bolango,54.85,20018.79,229.21,1.14,497.13,2.48,726.34,3.63,0,497.13,2.48,P 2,38.5,13.2,13.22,17.92,3.24,,7.3,,6.62,19293.91,Sangat Kurang (<30%)
2023,Gorontalo,Kab. Pohuwato,59.97,21888.32,172.28,0.79,5922.7,27.06,6094.98,27.85,0,2776.04,12.68,P 2,34.1,14.3,10.2,35.9,,,,1.2,4.3,15794.07,Sangat Kurang (<30%)
2023,Gorontalo,Kota Gorontalo,142.24,51918.88,277.34,0.53,11366.84,21.89,11644.18,22.43,255.5,11366.84,22.39,P 2,15,21,12,35,2,3,5,7,,40273.42,Sangat Kurang (<30%)
2023,Sulawesi Barat,Kab. Mamuju,142.81,52124.92,0,0,2403.07,4.61,2403.07,4.61,0,2403.07,4.61,P 2,,,,,,,,,,49722.58,Sangat Kurang (<30%)
2023,Sulawesi Barat,Kab. Majene,70.96,25898.94,7.2,0.03,739.43,2.86,746.63,2.88,0,739.43,2.86,P 2,,,,,,,,,,25153.77,Sangat Kurang (<30%)
2023,Sulawesi Barat,Kab. Mamuju Tengah,56.01,20444.09,0,0,0,0,0,0,0,0,0,P 2,,,,,,,,,,20443.65,Sangat Kurang (<30%)
2023,Maluku,Kab. Maluku Tengah,151.21,55191.9,0,0,20.2,0.04,20.2,0.04,0,20.2,0.04,P 2,67.39,10.64,4.1,12.69,0.6,1.5,1.5,0.5,1.35,55171.45,Sangat Kurang (<30%)
2023,Maluku,Kab. Maluku Tenggara,49.99,18245.33,0,0,0,0,0,0,0,0,0,P 2,,,,,,,,,,18246.35,Sangat Kurang (<30%)
2023,Maluku,Kab. Kepulauan Tanimbar,52.55,19179.73,0,0,0,0,0,0,0,0,0,P 2,20,65,50,100,5,60,85,25,30,19180.75,Sangat Kurang (<30%)
2023,Maluku,Kab. Buru,60.03,21909.36,0,0,2.19,0.01,2.19,0.01,0,2.19,0.01,P 2,33.51,15.45,15.4,29.74,0.4,0.5,,0.3,4.7,21908.76,Sangat Kurang (<30%)
2023,Maluku,Kab. Seram Bagian Barat,85.99,31386.93,0,0,0,0,0,0,0,0,0,P 2,,,,,,,,,,31386.35,Sangat Kurang (<30%)
2023,Maluku,Kab. Kepulauan Aru,43.53,15889.76,0,0,163.16,1.03,163.16,1.03,0,163.16,1.03,P 2,,,,,,,,,,15725.29,Sangat Kurang (<30%)
2023,Maluku,Kota Ambon,246.74,90061.2,0,0,580.22,0.64,580.22,0.64,0,580.22,0.64,P 2,39,9,12,16,7,4,3,5,5,89479.88,Sangat Kurang (<30%)
2023,Maluku,Kota Tual,59.88,21857.51,0.84,0,0,0,0.84,0,0,0,0,P 2,,,,,,,,,,21855.36,Sangat Kurang (<30%)
2023,Maluku Utara,Kab. Halmahera Tengah,48.49,17698.3,0,0,0,0,0,0,0,0,0,P 2,,,,,,,,,,17698.85,Sangat Kurang (<30%)
2023,Maluku Utara,Kab. Halmahera Selatan,102.15,37286.06,0,0,20853.9,55.93,20853.9,55.93,0,4,0.01,P 2,,,,,,,,,,16430.85,Kurang (30-60%)
2023,Maluku Utara,Kab. Kepulauan Sula,50.2,18321.36,0,0,0,0,0,0,0,0,0,P 2,,,,,,,,,,18323,Sangat Kurang (<30%)
2023,Maluku Utara,Kab. Halmahera Timur,53.84,19652.42,0,0,3.65,0.02,3.65,0.02,0,3.65,0.02,P 2,,,,,,,,,,19647.95,Sangat Kurang (<30%)
2023,Maluku Utara,Kab. Pulau Morotai,32.74,11951.56,0,0,0,0,0,0,0,0,0,P 2,,,,,,,,,,11950.1,Sangat Kurang (<30%)
2023,Maluku Utara,Kab. Pulau Taliabu,32.6,11900.46,0,0,0,0,0,0,0,0,0,P 2,,,,,,,,,,11899,Sangat Kurang (<30%)
2023,Maluku Utara,Kota Tidore Kepulauan,47.45,17317.5,0,0,12815.15,74,12815.15,74,0,1726.45,9.97,P 2,,,,,,,,,,4504.1,Cukup (60-80%)
2023,Papua,Kab. Jayapura,101.28,36967.38,0.2,0,2810.5,7.6,2810.7,7.6,0,2810.5,7.6,P 2,40,0.22,20,33,0,0.3,0.02,2,4,34156.5,Sangat Kurang (<30%)
2023,Papua,Kab. Kepulauan Yapen,46.44,16951.62,0,0,183.16,1.08,183.16,1.08,0,183.16,1.08,P 2,,,,,,,,,,16767.44,Sangat Kurang (<30%)
2023,Papua,Kab. Biak Numfor,58.72,21434.55,1945.86,9.08,1979.33,9.23,3925.19,18.31,1943.63,1687.33,16.94,P 2,13,8,7.5,15,25,6.5,9.5,10,5.5,17507.61,Sangat Kurang (<30%)
2023,Papua,Kab. Sarmi,16.84,6146.6,0,0,0,0,0,0,0,0,0,P 2,,,,,,,,,,6146.6,Sangat Kurang (<30%)
2023,Papua,Kab. Keerom,26.56,9694.55,1.83,0.02,2529.45,26.09,2531.28,26.11,1.83,0,0.02,P 2,10,7,10,40,5,10,13,5,,7163.12,Sangat Kurang (<30%)
2023,Papua,Kota Jayapura,241.87,88282.84,0.06,0,3163.52,3.58,3163.58,3.58,0,3163.52,3.58,P 2,56,10.5,4.9,11.79,4.29,3.04,2.09,1.45,5.94,85118.97,Sangat Kurang (<30%)
2023,Papua Barat,Kab. Manokwari,180.41,65849.34,0,0,365,0.55,365,0.55,0,365,0.55,P 2,44,,11,26,,,,,19,65484.65,Sangat Kurang (<30%)
2023,Papua Barat,Kab. Fak Fak,35.55,12976.48,0,0,67.6,0.52,67.6,0.52,0,67.6,0.52,P 2,,,,,,,,,,12908.15,Sangat Kurang (<30%)
2023,Papua Barat,Kab. Teluk Wondama,17.5,6386.92,3.29,0.05,328.5,5.14,331.79,5.19,3.29,328.5,5.19,P 2,15,,15,26,,,,,44,6055.71,Sangat Kurang (<30%)
2023,Papua Barat,Kab. Kaimana,25.71,9382.69,3.66,0.04,250.03,2.66,253.69,2.7,3.65,250.03,2.7,P 2,15,15,15,25,10,5,5,5,5,9130.46,Sangat Kurang (<30%)
2023,Papua Selatan,Kab. Boven Digoel,26.08,9518.18,0,0,121.62,1.28,121.62,1.28,0,121.62,1.28,P 2,5,5,25,25,5,5,10,5,15,9397.58,Sangat Kurang (<30%)
2023,Papua Selatan,Kab. Asmat,46.48,16965.2,153.3,0.9,0,0,153.3,0.9,153.3,0,0.9,P 2,20,11.8,15,40,4,2.4,3,1.8,2,16811.9,Sangat Kurang (<30%)
2023,Papua Tengah,Kab. Mimika,156.51,57125.42,0,0,0,0,0,0,0,0,0,P 2,,,,,,,,,,57126.15,Sangat Kurang (<30%)
2023,Papua Tengah,Kab. Dogiyai,47.13,17201.43,0,0,0,0,0,0,0,0,0,P 2,10,60,3,15,5,1,0.2,0.2,0.1,17202.45,Sangat Kurang (<30%)
2023,Papua Pegunungan,Kab. Jayawijaya,113,41244.56,54.75,0.13,3.29,0.01,58.04,0.14,54.75,3.29,0.14,P 2,22,10,10,25,7,10,3,10,3,41186.96,Sangat Kurang (<30%)
2023,Papua Barat Daya,Kab. Sorong,50.38,18388.55,67.46,0.37,1303.04,7.09,1370.5,7.45,62.23,1303.04,7.42,P 2,,,,,,,,,,17018.2,Sangat Kurang (<30%)
2023,Papua Barat Daya,Kab. Sorong Selatan,20.78,7586.31,0,0,0,0,0,0,0,0,0,P 2,,,,,,,,,,7584.7,Sangat Kurang (<30%)
2023,Papua Barat Daya,Kab. Raja Ampat,27.11,9893.4,0,0,25.66,0.26,25.66,0.26,0,25.66,0.26,P 2,10,20,20,25,8,7,3,2,5,9869.49,Sangat Kurang (<30%)
2023,Papua Barat Daya,Kota Sorong,147.49,53833.49,0,0,0,0,0,0,0,0,0,P 2,15,25,10,30,5,5,1,5,4,53833.85,Sangat Kurang (<30%)
2022,Aceh,Kab. Aceh Selatan,96.49,35217.68,45.36,0.13,12775,36.27,12820.36,36.4,0,,0,P 2,,,,,,,,,,22398.49,Kurang (30-60%)
2022,Aceh,Kab. Aceh Tenggara,91.32,33332.97,0,0,10406.88,31.22,10406.88,31.22,,,0,P 2,41,11,2,18,2,5,17,4,,22924.92,Kurang (30-60%)
2022,Aceh,Kab. Aceh Timur,173.14,63195.95,3610.21,5.71,17550.61,27.77,21160.82,33.48,857.75,,1.36,P 2,37,14,5,26,5,3,2,4,4,42035.28,Kurang (30-60%)
2022,Aceh,Kab. Aceh Barat,101.43,37021.59,5663.02,15.3,26354.46,71.19,32017.48,86.48,1423.5,,3.85,P 2,41.8,13.3,10.7,18.2,3.1,2.6,1.8,2,6.5,5004.47,Baik (>80%)
2022,Aceh,Kab. Pidie,177.8,64897.73,8533.1,13.15,24087.37,37.12,32620.47,50.26,8533.1,,13.15,P 2,8.5,7.5,19.3,35.7,4,1,3,2,19,32276.53,Kurang (30-60%)
2022,Aceh,Kab. Simeulue,44.61,16280.89,989.7,6.08,6142.95,37.73,7132.65,43.81,989.7,,6.08,P 2,5.18,13.05,11.93,35.73,16.88,6.65,5.55,2.03,3,9150,Kurang (30-60%)
2022,Aceh,Kab. Aceh Singkil,52.77,19261.34,180.31,0.94,1686.3,8.75,1866.61,9.69,180.31,,0.94,P 2,30,10,15,22,2,5,3,2,11,17394.44,Sangat Kurang (<30%)
2022,Aceh,Kab. Aceh Barat Daya,77.67,28348.09,3083.48,10.88,5475,19.31,8558.48,30.19,1164.35,,4.11,P 2,32.5,11,20,12,11,1.5,3,4,5,19791.07,Kurang (30-60%)
2022,Aceh,Kab. Gayo Lues,41.06,14986.02,1124.84,7.51,8559.25,57.11,9684.09,64.62,1095,,7.31,P 2,35,23,5,25,,,,2,10,5302.81,Cukup (60-80%)
2022,Aceh,Kab. Aceh Jaya,47.21,17231.29,19.91,0.12,11439.1,66.39,11459.01,66.5,19.91,,0.12,P 2,65,1,11,14,3.5,1,1,2.5,1,5772.64,Cukup (60-80%)
2022,Aceh,Kab. Nagan Raya,69.36,25315.38,1949.91,7.7,10895.25,43.04,12845.16,50.74,1638.49,,6.47,P 2,38,14,11,20,1,1,2,1,12,12471.24,Kurang (30-60%)
2022,Aceh,Kab. Aceh Tamiang,120.72,44062.8,0,0,20075,45.56,20075,45.56,,,0,P 2,35,15,15,30,1,1,1,1,1,23987.8,Kurang (30-60%)
2022,Aceh,Kab. Bener Meriah,65.99,24084.74,16.37,0.07,9395.1,39.01,9411.47,39.08,14.6,,0.06,P 2,21,25,19,18,3,3,3,3,5,14674.88,Kurang (30-60%)
2022,Aceh,Kab. Pidie Jaya,79.53,29029.44,3116.74,10.74,4015,13.83,7131.74,24.57,,,0,P 2,19,26.3,13,26,2.5,3.5,3.7,3.5,2.5,21896.71,Sangat Kurang (<30%)
2022,Aceh,Kota Banda Aceh,252.21,92055.88,14268.97,15.5,75921.78,82.47,90190.75,97.97,14145.16,,15.37,P 2,32.4,20.6,3,4.8,4.6,6.8,13.2,4.75,9.85,1865.9,Baik (>80%)
2022,Aceh,Kota Sabang,17.28,6308.37,26.28,0.42,5971.4,94.66,5997.68,95.07,,,0,P 2,26.5,16.6,10.5,22.6,6.1,4.3,4.3,3.7,5.4,309.52,Baik (>80%)
2022,Aceh,Kota Langsa,94.44,34470.24,4679.47,13.58,25087.91,72.78,29767.38,86.36,428.74,4.02,1.26,P 2,19,20,8,12,14,10,7,8,2,4703.22,Baik (>80%)
2022,Aceh,Kota Subulussalam,37.07,13529.97,0,0,9125,67.44,9125,67.44,,,0,P 2,28,15,10,18,2,7,8,2,10,4405.55,Cukup (60-80%)
2022,Sumatera Utara,Kab. Tapanuli Tengah,184.65,67397.25,8182.83,12.14,13249.5,19.66,21432.33,31.8,6662.61,,9.89,P 2,54.6,0.01,11.39,13.15,0.37,3.28,0.84,1.59,14.77,45964.92,Kurang (30-60%)
2022,Sumatera Utara,Kab. Nias,58.28,21272.35,0,0,2756.82,12.96,2756.82,12.96,,,0,P 2,,,,,,,,,,18515.38,Sangat Kurang (<30%)
2022,Sumatera Utara,Kab. Langkat,521.44,190323.78,2692.62,1.41,30485.9,16.02,33178.51,17.43,2692.62,190.9,1.52,P 2,38,30,24,7,0.2,0.2,0.1,,,157147.09,Sangat Kurang (<30%)
2022,Sumatera Utara,Kab. Deli Serdang,1126.61,411211.01,89943.94,21.87,167962.05,40.85,257905.99,62.72,81986.34,62.05,19.95,P 2,20.5,24,13.8,20.2,6,5,3,2,5.5,153306.66,Cukup (60-80%)
2022,Sumatera Utara,Kab. Simalungun,510.81,186444.74,443.51,0.24,45274.6,24.28,45718.11,24.52,7.3,14.6,0.01,P 2,5.5,1.93,15.44,20.46,0.37,7.7,4.5,8.6,35.5,140727.54,Sangat Kurang (<30%)
2022,Sumatera Utara,Kab. Asahan,472.78,172564.99,40106,23.24,24820,14.38,64926,37.62,0,0,0,P 2,,,,,,,,,,107638.7,Kurang (30-60%)
2022,Sumatera Utara,Kab. Labuhanbatu,356.18,130004.53,0,0,19272,14.82,19272,14.82,,,0,P 2,27,30,5,20,5,3,4,3,3,110733.7,Sangat Kurang (<30%)
2022,Sumatera Utara,Kab. Toba,109.93,40123.08,4405.66,10.98,14092.65,35.12,18498.31,46.1,279.39,,0.7,P 2,23.12,13.44,5.12,13.37,2.38,4.58,10.24,6.46,21.29,21626.14,Kurang (30-60%)
2022,Sumatera Utara,Kab. Humbang Hasundutan,59.33,21653.73,1537.43,7.1,12559.65,58,14097.08,65.1,807.43,624.15,6.61,P 2,12,55,10,13,3,1,0.2,0.8,5,7558.37,Cukup (60-80%)
2022,Sumatera Utara,Kota Medan,1722.6,628749.22,60482.22,9.62,457776.43,72.81,518258.65,82.43,58776.22,,9.35,P 2,,,,,,,,,,110490.35,Baik (>80%)
2022,Sumatera Utara,Kota Pematangsiantar,241.43,88121.44,20250.6,22.98,63794.7,72.39,84045.3,95.37,15342.15,,17.41,P 2,45,6,12,10,5,3,4,4,11,4076.65,Baik (>80%)
2022,Sumatera Utara,Kota Tebing Tinggi,124.63,45488.2,8254.31,18.15,30977.55,68.1,39231.86,86.25,7950.3,,17.48,P 2,62.7,1.73,11.43,16.65,0.73,2.6,0.71,1.83,1.62,6258.09,Baik (>80%)
2022,Sumatera Utara,Kota Padangsidimpuan,161.82,59065.98,6679.5,11.31,38325,64.89,45004.5,76.19,6679.5,,11.31,P 2,49.93,7.58,13.56,12.71,0.38,3.29,1.13,2.17,9.25,14059.8,Cukup (60-80%)
2022,Sumatera Barat,Kab. Pesisir Selatan,152.89,55803.17,10037.52,17.99,12994,23.29,23031.52,41.27,6833.92,219,12.64,P 2,20.4,19.6,23,19,16,0.42,1.58,,,32773.33,Kurang (30-60%)
2022,Sumatera Barat,Kab. Solok,157.69,57558.6,7000.89,12.16,6253.91,10.87,13254.8,23.03,6981.05,,12.13,P 2,29,20,12,22,2,2,2,2,9,44302.05,Sangat Kurang (<30%)
2022,Sumatera Barat,Kab. Sijunjung,97.3,35513.89,7308.77,20.58,7365.7,20.74,14674.47,41.32,7287.65,65.7,20.71,P 2,20.8,38.12,16.48,20,3.9,0.4,0.3,,,20840.03,Kurang (30-60%)
2022,Sumatera Barat,Kab. Tanah Datar,128.92,47057.29,8392.81,17.84,17054.44,36.24,25447.25,54.08,8142.86,584.55,18.55,P 2,69.34,,8.63,6,2.24,1.57,,3.33,8.89,21608.55,Kurang (30-60%)
2022,Sumatera Barat,Kab. Padang Pariaman,218.06,79593.54,4.59,0.01,5058.9,6.36,5063.49,6.36,0.9,,0,P 2,31.82,,12.78,43.77,0.21,0.78,2.07,0.54,8.03,74528.41,Sangat Kurang (<30%)
2022,Sumatera Barat,Kab. Agam,213.68,77993.64,9604.82,12.31,21452.48,27.51,31057.3,39.82,9595.58,,12.3,P 2,70,4.02,6,8,2,0.28,0.1,0.6,9,46935.9,Kurang (30-60%)
2022,Sumatera Barat,Kab. Lima Puluh Kota,153.3,55954.79,11697.77,20.91,7665,13.7,19362.77,34.6,10629.05,,19,P 2,,,,,,,,,,36591.73,Kurang (30-60%)
2022,Sumatera Barat,Kab. Pasaman,121.24,44253.04,10974.72,24.8,15497.9,35.02,26472.62,59.82,2387.96,,5.4,P 2,66.28,2.1,11.41,11.25,2.93,1.41,1.36,1.86,1.4,17779.98,Kurang (30-60%)
2022,Sumatera Barat,Kab. Dharmasraya,183.04,66809.89,5709.93,15.09,30130.75,79.65,35840.69,94.74,1797.22,,4.75,P 2,49,7,6,36,1,1,,,,30968.91,Baik (>80%)
2022,Sumatera Barat,Kab. Solok Selatan,73.94,26988.68,7248.64,26.86,4394.6,16.28,11643.24,43.14,7227,,26.78,P 2,34.25,0.78,16.35,25.69,0.13,0.59,0.55,2.41,19.25,15344.86,Kurang (30-60%)
2022,Sumatera Barat,Kab. Pasaman Barat,175,63876.75,3588.44,5.62,18067.5,28.28,21655.94,33.9,3431.49,,5.37,P 2,40,10,15,20,5,,,5,5,42219.06,Kurang (30-60%)
2022,Sumatera Barat,Kota Padang,643.76,234973.13,49826.51,21.21,170473.25,72.55,220299.76,93.76,24352.67,18.25,10.37,P 2,62.8,6.84,5.7,12.4,0.19,3.3,1.5,2.4,4.87,14672.64,Baik (>80%)
2022,Sumatera Barat,Kota Solok,54.27,19810.19,3482.29,17.58,16296.2,82.26,19778.49,99.84,3333.53,18.2,16.92,P 2,45.7,10.02,11.1,23.2,0.84,0.6,0.21,1.1,7.23,30.06,Baik (>80%)
2022,Sumatera Barat,Kota Sawahlunto,18.86,6882.56,1701.03,24.72,5069.85,73.66,6770.88,98.38,1392.58,29.2,20.66,P 2,46,10,11,14,3,5,4,5,2,113.02,Baik (>80%)
2022,Sumatera Barat,Kota Padang Panjang,48.95,17865.14,2709.47,15.17,14778.12,82.72,17487.59,97.89,530.03,,2.97,P 2,43.15,23.56,14.35,12.67,1.5,0.95,0.8,1.19,1.83,379.16,Baik (>80%)
2022,Sumatera Barat,Kota Bukittinggi,125.23,45707.54,3241.35,7.09,40720,89.09,43961.34,96.18,1761.51,2482,9.28,P 2,61.12,1.14,16.5,18.72,0.46,0.89,,0.5,0.67,1747.61,Baik (>80%)
2022,Sumatera Barat,Kota Payakumbuh,100.3,36608.81,5772.06,15.77,30678.24,83.8,36450.3,99.57,5362.79,62.04,14.82,P 2,51.62,7.43,11.42,21.54,0.65,1.56,0.57,0.87,4.34,159.2,Baik (>80%)
2022,Sumatera Barat,Kota Pariaman,38.26,13963.44,1837.23,13.16,9855,70.58,11692.23,83.73,1837.23,,13.16,P 2,54.18,10.95,14.56,13.77,1.66,0.91,0.65,1.61,1.71,2272.67,Baik (>80%)
2022,Riau,Kab. Indragiri Hulu,181.3,66173.19,879.21,1.33,8030,12.13,8909.21,13.46,4.2,,0.01,P 2,20,10,10,20,5,5,5,5,20,57265.29,Sangat Kurang (<30%)
2022,Riau,Kab. Rokan Hulu,363.33,132613.76,25055.16,18.89,21640.85,16.32,46696.01,35.21,6821.22,,5.14,P 2,30.5,6,8.8,20.2,0.7,3.9,1.2,1.3,27.4,85919.44,Kurang (30-60%)
2022,Riau,Kab. Rokan Hilir,333.1,121580.59,2535.89,2.09,18315.7,15.06,20851.59,17.15,2311.35,730,2.5,P 2,14,22,15,32,3,4,2,2,6,100729.91,Sangat Kurang (<30%)
2022,Riau,Kab. Siak,186.67,68135.72,7348.88,10.79,41990.27,61.63,49339.16,72.41,4677.16,59.08,6.95,P 2,39,15,10,26,1,2,2,3,2,18795.39,Cukup (60-80%)
2022,Riau,Kab. Kuantan Singingi,139.18,50800.55,2792.1,5.5,8030,15.81,10822.1,21.3,2677.18,,5.27,P 2,,,,,,,,,,39978.6,Sangat Kurang (<30%)
2022,Riau,Kota Pekanbaru,976.72,356503.31,21876.37,6.14,243954.15,68.43,265830.52,74.57,21343.89,652.45,6.17,P 2,59,3,12,10,2,1,1,1,11,90672.28,Cukup (60-80%)
2022,Riau,Kota Dumai,165.92,60559.34,154500.46,255.12,40880,67.5,195380.46,322.63,152414.38,,251.68,P 2,48.97,7.5,5.3,8.95,2.27,3.72,2.5,2.79,18,-134819.66,
2022,Jambi,Kab. Merangin,202.13,73778.36,17474.99,23.69,35828.4,48.56,53303.39,72.25,5811.24,20604.25,35.8,P 2,20,15,4.5,31.5,20,4,3,2,,20474.06,Cukup (60-80%)
2022,Jambi,Kab. Sarolangun,117.44,42865.6,3113.34,7.26,11687.05,27.26,14800.39,34.53,811.4,,1.89,P 2,61.2,1.79,11.2,23.39,0.07,0.7,0.14,0.26,1.25,28065.21,Kurang (30-60%)
2022,Jambi,Kab. Bungo,158.51,57857.03,12978.64,22.43,29084.07,50.27,42062.71,72.7,9884.88,7585.57,30.2,P 2,60.5,4.1,14.1,5.9,1.8,1.5,5.15,1,5.95,15793.44,Cukup (60-80%)
2022,Jambi,Kota Jambi,437.5,159688.01,35843.83,22.45,119721.46,74.97,155565.29,97.42,11417.2,,7.15,P 2,16.11,23.84,7.38,44.07,0.89,0.57,1.23,0.3,5.61,4122.21,Baik (>80%)
2022,Jambi,Kota Sungai Penuh,50.12,18295.44,3998.7,21.86,13140,71.82,17138.7,93.68,3195.7,,17.47,P 2,24,,18,20,15,9,11,,3,1155.1,Baik (>80%)
2022,Sumatera Selatan,Kab. Ogan Komering Ulu,152.21,55556.5,12261.95,22.07,20805,37.45,33066.95,59.52,11408.6,,20.54,P 2,35,25,10,15,7,3,2,3,,22489.7,Kurang (30-60%)
2022,Sumatera Selatan,Kab. Muara Enim,232.61,84901.04,20211.88,23.81,29747.5,35.04,49959.38,58.84,20201.77,,23.79,P 2,61.02,8.07,7.38,17.18,1.14,1.33,0.36,0.31,3.21,34943.27,Kurang (30-60%)
2022,Sumatera Selatan,Kab. Lahat,269.61,98406.85,8172.63,8.3,24312.37,24.71,32485.01,33.01,8172.63,32.94,8.34,P 2,60,10.1,2,14,1.74,5.5,0.26,0.9,5.5,65922.64,Kurang (30-60%)
2022,Sumatera Selatan,Kab. Musi Rawas,255.5,93259.27,4402.73,4.72,4197.5,4.5,8600.23,9.22,20.66,,0.02,P 2,,,,,,,,,,84657.27,Sangat Kurang (<30%)
2022,Sumatera Selatan,Kab. Musi Banyuasin,257.93,94145.47,22583.13,23.99,18808.45,19.98,41391.58,43.97,17039.88,,18.1,P 2,,,,,,,,,,52752.87,Kurang (30-60%)
2022,Sumatera Selatan,Kab. Banyuasin,578.73,211235.9,10536.4,4.99,65700,31.1,76236.4,36.09,572.32,,0.27,P 2,39.15,8.53,16,13.28,0.98,1.57,1.99,1.4,17.1,135000.05,Kurang (30-60%)
2022,Sumatera Selatan,Kab. Ogan Komering Ulu Timur,282.14,102981.68,8786.97,8.53,41245,40.05,50031.97,48.58,1777.58,,1.73,P 2,12,9,22,27,3,5,3,2,17,52949.13,Kurang (30-60%)
2022,Sumatera Selatan,Kab. Penukal Abab Lematang Ilir,102.24,37316.32,4119.45,11.04,10788.71,28.91,14908.15,39.95,6.54,,0.02,P 2,60.3,5.6,10.28,17.2,4.55,0.55,0.15,0.42,0.95,22409.45,Kurang (30-60%)
2022,Sumatera Selatan,Kota Palembang,1204.97,439815.66,93265.82,21.21,332185.31,75.53,425451.13,96.73,66530.92,,15.13,P 2,53,5.5,14,17,1.5,3,4,1,1,14362.92,Baik (>80%)
2022,Sumatera Selatan,Kota Prabumulih,98.41,35918.19,9246.94,25.74,22995,64.02,32241.94,89.76,8524.26,,23.73,P 2,50.56,9.8,6.02,26.6,1.84,1.8,0.6,1.8,0.98,3677.71,Baik (>80%)
2022,Bengkulu,Kab. Bengkulu Utara,189.61,69207.72,16955.22,24.5,15643.9,22.6,32599.12,47.1,3334.27,496.4,5.54,P 2,31.6,37.5,7.4,6.3,5.1,0.8,2.9,2.5,5.9,36608.53,Kurang (30-60%)
2022,Bengkulu,Kab. Seluma,105.25,38417.16,0,0,1551.25,4.04,1551.25,4.04,0,,0,P 2,59,7,9,9,10,1,1,1,3,36865,Sangat Kurang (<30%)
2022,Bengkulu,Kab. Lebong,80.57,29409.84,4375.68,14.88,6570,22.34,10945.68,37.22,0,,0,P 2,64.45,8.57,8.56,12.86,0.2,0.89,1.6,0.07,2.8,18462.37,Kurang (30-60%)
2022,Lampung,Kab. Tanggamus,365.62,133452.35,3938.19,2.95,10298.84,7.72,14237.03,10.67,3705.07,,2.78,P 2,31,24.37,13.22,21,0.44,0.65,0.14,1.72,7.36,119214.27,Sangat Kurang (<30%)
2022,Lampung,Kab. Way Kanan,192.02,70086.13,2261.12,3.23,6323.02,9.02,8584.15,12.25,560.84,249.42,1.16,P 2,61,19,4,8,4,1,2,1,,61503.15,Sangat Kurang (<30%)
2022,Lampung,Kab. Pringsewu,162.73,59396.16,5159.54,8.69,15160.72,25.52,20320.27,34.21,4898.8,501.96,9.09,P 2,50,15,5,20,1,0.25,0.25,0.25,8.25,39076.18,Kurang (30-60%)
2022,Lampung,Kab. Tulang Bawang Barat,114.49,41787.68,7288.21,17.44,13140,31.44,20428.21,48.89,1389.45,,3.33,P 2,,,,,,,,,,21360.64,Kurang (30-60%)
2022,Lampung,Kota Bandar Lampung,786.46,287057.55,24386.04,8.5,171550,59.76,195936.04,68.26,55.44,,0.02,P 2,40.4,12.9,11.7,17.4,3.1,2.5,1.8,2.3,7.9,91121.86,Cukup (60-80%)
2022,Lampung,Kota Metro,104.45,38125.71,6222.44,16.32,28618.81,75.06,34841.25,91.39,5807.18,696.31,17.06,P 2,56.47,6.24,9.4,24.07,0.56,1.25,0.27,0.88,0.86,3283,Baik (>80%)
2022,Kepulauan Bangka Belitung,Kab. Bangka,133.74,48814.22,4525.77,9.27,25192.49,51.61,29718.26,60.88,2306.72,120.64,4.97,P 2,39.85,13.96,12.07,16.97,3.37,2.69,1.98,2.31,6.8,19096.84,Cukup (60-80%)
2022,Kepulauan Bangka Belitung,Kab. Belitung,73.6,26864.58,4302.86,16.02,15370.88,57.22,19673.74,73.23,4297.75,10.95,16.04,P 2,1,28,2,63,0.01,1,2.54,2.4,0.05,7190.26,Cukup (60-80%)
2022,Kepulauan Bangka Belitung,Kab. Bangka Selatan,82.1,29966.94,6158.48,20.55,13775.1,45.97,19933.58,66.52,4167.14,635.1,16.03,P 2,,,,,,,,,,10032.92,Cukup (60-80%)
2022,Kepulauan Bangka Belitung,Kab. Bangka Tengah,82.36,30061.11,5493.9,18.28,4854.5,16.15,10348.4,34.42,2566.27,,8.54,P 2,41.9,8.5,3.8,14.3,3.9,4.9,,5.5,17.2,19713,Kurang (30-60%)
2022,Kepulauan Bangka Belitung,Kab. Belitung Timur,50.92,18585.22,1380.2,7.43,11942.8,64.26,13323,71.69,1380.2,,7.43,P 2,57,,5,17,2,2,2,1,14,5262.8,Cukup (60-80%)
2022,Kepulauan Riau,Kab. Bintan,55.92,20409.89,2599.61,12.74,14552.55,71.3,17152.16,84.04,1764.43,,8.64,P 2,41,5.8,24,16.4,1,1.5,3.2,2.5,4.6,3258.64,Baik (>80%)
2022,Kepulauan Riau,Kab. Karimun,186.32,68008.22,10088.7,14.83,28105,41.33,38193.7,56.16,9128.59,,13.42,P 2,23,19,24,24.5,4,2.5,1.5,1.2,0.3,29813.1,Kurang (30-60%)
2022,Kepulauan Riau,Kab. Natuna,34.18,12475.12,960,7.7,5329,42.72,6289,50.41,960,,7.7,P 2,,,,,,,,,,6186.7,Kurang (30-60%)
2022,Kepulauan Riau,Kab. Lingga,28.43,10376.55,2664.61,25.68,5412.59,52.16,8077.2,77.84,1744.77,120.09,17.97,P 2,41.2,13.6,18.3,10.2,1.8,8.9,3.9,1.9,0.2,2299.75,Cukup (60-80%)
2022,Kepulauan Riau,Kab. Kepulauan Anambas,13.2,4818,287.3,5.96,46.36,0.96,333.65,6.93,120.82,,2.51,P 2,,,,,,,,,,4484.35,Sangat Kurang (<30%)
2022,Kepulauan Riau,Kota Batam,1132.77,413461.6,54830.47,13.26,310313.14,75.05,365143.62,88.31,38511.94,36.5,9.32,P 2,,,,,,,,,,48317.43,Baik (>80%)
2022,Kepulauan Riau,Kota Tanjung Pinang,155.91,56905.36,13196,23.19,32982.6,57.96,46178.61,81.15,13196,2946.75,28.37,P 2,,,,,,,,,,10728.54,Baik (>80%)
2022,DKI Jakarta,Kab. Adm. Kep. Seribu,17.89,6531.08,1720.4,26.34,4781.56,73.21,6501.95,99.55,1553.01,413.6,30.11,P 2,25.5,31.59,12.17,19.18,1.27,0.74,0.44,2.03,7.08,27.9,Baik (>80%)
2022,DKI Jakarta,Kota Adm. Jakarta Pusat,850.05,310268.53,80891.34,26.07,229159.18,73.86,310050.52,99.93,63139.2,,20.35,P 2,,,,,,,,,,217.73,Baik (>80%)
2022,DKI Jakarta,Kota Adm. Jakarta Utara,1368.44,499480.75,129974.56,26.02,367265.5,73.53,497240.06,99.55,87191.05,0.31,17.46,P 2,,,,,,,,,,2240.54,Baik (>80%)
2022,DKI Jakarta,Kota Adm. Jakarta Barat,2023.42,738547.77,192443.69,26.06,544162.67,73.68,736606.36,99.74,67822.12,430.7,9.24,P 2,,,,,,,,,,1941.94,Baik (>80%)
2022,DKI Jakarta,Kota Adm. Jakarta Selatan,1954.25,713300.85,185514.68,26.01,525366.39,73.65,710881.08,99.66,154212.27,,21.62,P 2,,,,,,,,,,2420.17,Baik (>80%)
2022,DKI Jakarta,Kota Adm. Jakarta Timur,2313.02,844252.43,221802.26,26.27,622330.48,73.71,844132.74,99.99,192251.89,,22.77,P 2,,,,,,,,,,119.56,Baik (>80%)
2022,Jawa Barat,Kab. Bandung,1283.16,468351.94,152921.82,32.65,161060.36,34.39,313982.18,67.04,151323.12,14383.92,35.38,P 2,,,,,,,,,,154371.22,Cukup (60-80%)
2022,Jawa Barat,Kab. Garut,1112.25,405969.55,40053.06,9.87,81483.33,20.07,121536.39,29.94,39465.93,,9.72,P 2,59.3,,6.3,20.5,1,2.6,,3.4,6.9,284434.86,Sangat Kurang (<30%)
2022,Jawa Barat,Kab. Ciamis,574.68,209758.49,80926.57,38.58,83813.49,39.96,164740.06,78.54,76349.46,29720.49,50.57,P 2,38,0.4,16,20,10,4,1,10.2,0.4,45018.14,Cukup (60-80%)
2022,Jawa Barat,Kab. Kuningan,599.4,218782.1,4947.02,2.26,117165,53.55,122112.02,55.81,2564.72,,1.17,P 2,40,17,10,16,4,3,2,2,6,96668.98,Kurang (30-60%)
2022,Jawa Barat,Kab. Cirebon,1250.33,456368.69,10771.01,2.36,138009.79,30.24,148780.8,32.6,10683.41,,2.34,P 2,,,,,,,,,,307589.65,Kurang (30-60%)
2022,Jawa Barat,Kab. Sumedang,442.72,161592.02,8427.84,5.22,0,0,8427.84,5.22,8427.84,,5.22,P 2,20,15,5,40,3,3,2,2,10,153164.96,Sangat Kurang (<30%)
2022,Jawa Barat,Kab. Indramayu,1113.65,406481.07,51690.52,12.72,198348.69,48.8,250039.22,61.51,16251.41,59.9,4.01,P 2,27,6.4,25,35.8,1,1.8,0.8,0.7,1.5,156443.03,Cukup (60-80%)
2022,Jawa Barat,Kab. Karawang,1003.94,366436.49,1219.02,0.33,127385,34.76,128604.02,35.1,1096.62,,0.3,P 2,64,1,9,14,2,1,,1,8,237834.08,Kurang (30-60%)
2022,Jawa Barat,Kab. Bekasi,2250.35,821379.1,19037.12,2.32,224882.88,27.38,243920.01,29.7,0,,0,P 2,,,,,,,,,,577457.74,Sangat Kurang (<30%)
2022,Jawa Barat,Kota Bogor,744.46,271727.57,63986.83,23.55,195996.98,72.13,259983.81,95.68,62698.46,209.88,23.15,P 2,40,14,20,15,1,2.5,0.5,1,6,11744.09,Baik (>80%)
2022,Jawa Barat,Kota Sukabumi,180.35,65828.41,17181.01,26.1,48553.03,73.76,65734.04,99.86,14003.53,1468.03,23.5,P 2,39.98,13.98,13.98,17.03,3.3,2.75,2,2.3,4.68,93.71,Baik (>80%)
2022,Jawa Barat,Kota Bandung,1594.18,581876.52,93497.38,16.07,469653.69,80.71,563151.07,96.78,93358.68,5545.59,17,P 2,44.52,3.98,13.12,16.7,0.9,4.75,2.38,1.97,11.68,18724.63,Baik (>80%)
2022,Jawa Barat,Kota Cirebon,209.06,76307.82,7813.47,10.24,55483.31,72.71,63296.78,82.95,7708.62,12.43,10.12,P 2,49.22,11.76,5.56,19.01,0.71,1.76,0.58,1.43,9.97,13010.12,Baik (>80%)
2022,Jawa Barat,Kota Bekasi,1830.63,668179,29412.83,4.4,365091.25,54.64,394504.08,59.04,4162,91.25,0.64,P 2,65.2,7.2,4.2,15.6,0.2,6.3,0.5,0.5,0.3,273675.87,Kurang (30-60%)
2022,Jawa Barat,Kota Cimahi,275.46,100542.32,17204.42,17.11,60299.46,59.97,77503.88,77.09,16898.55,,16.81,P 2,,50.6,8.6,15.6,3.1,5.3,,3,13.8,23039.02,Cukup (60-80%)
2022,Jawa Barat,Kota Tasikmalaya,319.11,116475.95,19401.4,16.66,75842.62,65.11,95244.02,81.77,19401.4,,16.66,P 2,48.7,,5.8,5.4,0.2,1.9,,6.3,31.6,21231.13,Baik (>80%)
2022,Jawa Barat,Kota Banjar,85.67,31267.8,6570.54,21.01,23792.89,76.09,30363.43,97.11,5321.62,2199.49,24.05,P 2,,,,,,,,,,906.12,Baik (>80%)
2022,Jawa Tengah,Kab. Cilacap,950.84,347055.78,47016.74,13.55,225940.9,65.1,272957.63,78.65,38546.79,101885.75,40.46,P 2,57.67,1.71,9.71,16.42,1.33,1.25,,1.17,10.74,74098.97,Cukup (60-80%)
2022,Jawa Tengah,Kab. Banyumas,536.89,195964.49,130961.53,66.83,63649.25,32.48,194610.77,99.31,25301.52,5048.5,15.49,P 2,36,6,6,30,9,5,3,5,,1354.08,Baik (>80%)
2022,Jawa Tengah,Kab. Purbalingga,509.92,186120.8,2607.25,1.4,40880,21.96,43487.25,23.37,,,0,P 2,60.47,2.09,8.95,18.49,0.68,2.34,5.14,0.87,0.97,142633.55,Sangat Kurang (<30%)
2022,Jawa Tengah,Kab. Kebumen,463.05,169013.4,44237.55,26.17,102269.35,60.51,146506.9,86.68,32789.78,2737.5,21.02,P 2,30,36.8,7,12,7,4,2,1,0.2,22506.35,Baik (>80%)
2022,Jawa Tengah,Kab. Purworejo,289.57,105694.22,27553.63,26.07,24356.82,23.04,51910.45,49.11,25671.4,1000.47,25.23,P 2,16,52,2,15,1,1.5,0.2,1.5,10,53782.6,Kurang (30-60%)
2022,Jawa Tengah,Kab. Wonosobo,366.25,133682.56,16433.8,12.29,38325,28.67,54758.8,40.96,4941.04,,3.7,P 2,68.93,1.5,12.57,10.11,3.5,0.6,0.31,1.14,1.34,78922.45,Kurang (30-60%)
2022,Jawa Tengah,Kab. Boyolali,292.55,106781.29,29914.85,28.02,30571.31,28.63,60486.16,56.64,29877.18,458.81,28.41,P 2,,,,,,,,,,46294.59,Kurang (30-60%)
2022,Jawa Tengah,Kab. Klaten,643.02,234703.44,58588.8,24.96,72010.38,30.68,130599.18,55.64,19971.81,36613.41,24.11,P 2,67.42,3.82,10.46,15.05,0.1,0.42,0.08,0.65,2,104103.12,Kurang (30-60%)
2022,Jawa Tengah,Kab. Sukoharjo,361.92,132101.09,26312.87,19.92,74514.02,56.41,100826.89,76.33,20293.83,13.87,15.37,P 2,60.8,1.88,9.81,17.03,1.98,2.28,1.82,1.27,3.13,31273.91,Cukup (60-80%)
2022,Jawa Tengah,Kab. Wonogiri,347.72,126917.85,46929.15,36.98,18336.14,14.45,65265.3,51.42,46880.24,33.95,36.96,P 2,25,10,20,25,5,5,2.5,5,2.5,61652.5,Kurang (30-60%)
2022,Jawa Tengah,Kab. Karanganyar,375.52,137065.97,4921.23,3.59,32850,23.97,37771.23,27.56,1157,,0.84,P 2,63,2,5,20,1,2,2,3,2,99293.57,Sangat Kurang (<30%)
2022,Jawa Tengah,Kab. Sragen,590.18,215417.38,46077.89,21.39,104977.65,48.73,151055.54,70.12,17319.06,30992.15,22.43,P 2,74.3,0.8,8.9,11.2,0.5,1.8,0.3,1.8,0.4,64360.16,Cukup (60-80%)
2022,Jawa Tengah,Kab. Grobogan,849.37,310021.75,75918.73,24.49,85622.8,27.62,161541.53,52.11,73659.14,57882.8,42.43,P 2,,,,,,,,,,148478.52,Kurang (30-60%)
2022,Jawa Tengah,Kab. Blora,383.05,139811.75,36349.83,26,103415.45,73.97,139765.28,99.97,18544.23,,13.26,P 2,26,6,15,38,8,2,1.5,3,0.5,47.97,Baik (>80%)
2022,Jawa Tengah,Kab. Rembang,252.13,92026,14801.36,16.08,13937.01,15.14,28738.37,31.23,14263.99,4.38,15.5,P 2,38.12,1.59,13.38,34.45,0.93,1.88,0.77,1.33,7.55,63289.08,Kurang (30-60%)
2022,Jawa Tengah,Kab. Pati,674.59,246223.89,25079.43,10.19,62778.1,25.5,87857.53,35.68,24867.95,377.78,10.25,P 2,45,10,13,18,2,4.95,2,1,4.05,158367.82,Kurang (30-60%)
2022,Jawa Tengah,Kab. Kudus,448.16,163578.95,37933.04,23.19,68334.09,41.77,106267.13,64.96,36748.35,21219.89,35.44,P 2,24.71,21.11,15.9,18.29,6.55,4.53,3.02,4.8,1.09,57311.27,Cukup (60-80%)
2022,Jawa Tengah,Kab. Jepara,412.37,150516.42,20354.24,13.52,60798.05,40.39,81152.29,53.92,9683.99,1449.05,7.4,P 2,53.31,0.96,8.79,23.36,0.69,2.44,0.94,1.16,8.35,69362.76,Kurang (30-60%)
2022,Jawa Tengah,Kab. Demak,722.37,263666.36,1800.94,0.68,32850,12.46,34650.94,13.14,1800.94,,0.68,P 2,47,4,15,22,0.05,0.05,5,2.9,4,229014.11,Sangat Kurang (<30%)
2022,Jawa Tengah,Kab. Semarang,529.92,193421.53,25883.47,13.38,75135.25,38.85,101018.72,52.23,12542.52,36.5,6.5,P 2,,,,,,,,,,92402.08,Kurang (30-60%)
2022,Jawa Tengah,Kab. Temanggung,400.14,146050.37,40682.72,27.86,45477.35,31.14,86160.07,58.99,32028.34,1775.59,23.15,P 2,32.9,18.85,5.39,17.44,7.06,2.01,2,2.06,12.29,59891.03,Kurang (30-60%)
2022,Jawa Tengah,Kab. Kendal,410.01,149652.92,754.57,0.5,59696.3,39.89,60450.86,40.39,586.18,46.61,0.42,P 2,83,6.61,0.72,5.26,0.09,0.8,0.03,0.14,3.35,89202.79,Kurang (30-60%)
2022,Jawa Tengah,Kab. Batang,567.28,207055.41,8601.88,4.15,41975,20.27,50576.88,24.43,8.16,,0,P 2,28,13,13,16,7,6,3,6,8,156480.32,Sangat Kurang (<30%)
2022,Jawa Tengah,Kab. Pekalongan,390.6,142569.58,15338.3,10.76,51100,35.84,66438.3,46.6,5713.2,,4.01,P 2,7,8.2,6.5,10.2,0.8,3,2,0.2,62.1,76130.7,Kurang (30-60%)
2022,Jawa Tengah,Kab. Pemalang,593.68,216694.51,56081.45,25.88,128936.62,59.5,185018.07,85.38,56081.45,8486.62,29.8,P 2,,,,,,,,,,31675.13,Baik (>80%)
2022,Jawa Tengah,Kab. Tegal,839.63,306466.23,46706.34,15.24,131765,42.99,178471.34,58.24,44365.86,,14.48,P 2,35,11,12,14,7,6,3,7,5,127993.61,Kurang (30-60%)
2022,Jawa Tengah,Kab. Brebes,1005.31,366937.6,2385.77,0.65,48577.85,13.24,50963.62,13.89,6.99,,0,P 2,5,50,5,25,4,4,1,1,5,315974.53,Sangat Kurang (<30%)
2022,Jawa Tengah,Kota Magelang,80.51,29384.62,5758.03,19.6,22019.29,74.93,27777.31,94.53,5745.91,117.71,19.95,P 2,33.7,13.3,18.8,21.5,0.8,1.8,0.5,3.7,5.9,1608.84,Baik (>80%)
2022,Jawa Tengah,Kota Surakarta,376.29,137345.45,18262.64,13.3,116991.99,85.18,135254.63,98.48,11795.34,,8.59,P 2,38.18,5.64,13.64,22.73,3.64,7.27,,,8.9,2091.22,Baik (>80%)
2022,Jawa Tengah,Kota Salatiga,114.16,41668.28,7878.27,18.91,32306.52,77.53,40184.8,96.44,7675.51,3000.67,25.62,P 2,,,24.6,5.54,12.3,6.16,,12.91,20.72,1483.6,Baik (>80%)
2022,Jawa Tengah,Kota Semarang,1181.06,431085.22,112850.45,26.18,314187.98,72.88,427038.43,99.06,60774.61,297.48,14.17,P 2,60.79,,10.18,17.2,1.22,4.94,1,1.79,2.88,4048.47,Baik (>80%)
2022,Jawa Tengah,Kota Tegal,217.44,79365.97,21063.89,26.54,57421.8,72.35,78485.69,98.89,9555.64,3328.8,16.23,P 2,,,,,,,,,,879.91,Baik (>80%)
2022,Daerah Istimewa Yogyakarta,Kab. Kulon Progo,177.34,64730.71,17612.65,27.21,11680,18.04,29292.65,45.25,17507.93,,27.05,P 2,67.18,,12.6,17.22,1.68,0.21,,1.11,,35436.45,Kurang (30-60%)
2022,Daerah Istimewa Yogyakarta,Kab. Bantul,439.4,160382.71,31757.48,19.8,70651.92,44.05,102409.4,63.85,31757.48,2975.16,21.66,P 2,55.32,,11.91,26.41,1.11,0.4,0.48,0.75,3.62,57971.6,Cukup (60-80%)
2022,Daerah Istimewa Yogyakarta,Kab. Gunungkidul,377.73,137871.89,29401.68,21.33,18363.88,13.32,47765.56,34.64,28917.04,77.38,21.03,P 2,,,,,,,,,,90105.89,Kurang (30-60%)
2022,Daerah Istimewa Yogyakarta,Kab. Sleman,596.73,217807.27,17970.32,8.25,121176.35,55.63,139146.66,63.89,17970.32,,8.25,P 2,23.25,23.25,17.08,32.77,0.99,0.16,0.03,0.57,1.91,78659.79,Cukup (60-80%)
2022,Daerah Istimewa Yogyakarta,Kota Yogyakarta,303.13,110642.6,12384.62,11.19,97699.18,88.3,110083.8,99.49,12384.62,612.83,11.75,P 2,46.45,0.25,17.4,31.05,0.55,1.05,0.6,1.05,1.6,558.65,Baik (>80%)
2022,Jawa Timur,Kab. Pacitan,287.67,104999.96,12210.47,11.63,14256.53,13.58,26467,25.21,12193.65,499.69,12.09,P 2,34,4.5,8.3,35,5,8,3,2,0.2,78532.55,Sangat Kurang (<30%)
2022,Jawa Timur,Kab. Ponorogo,382.34,139552.64,29879.29,21.41,85038.07,60.94,114917.35,82.35,27603.92,1088.07,20.56,P 2,44.76,0.36,16.53,21.89,0.48,6.62,1.43,0.6,7.33,24636.75,Baik (>80%)
2022,Jawa Timur,Kab. Trenggalek,305.48,111498.74,16324.86,14.64,57305,51.4,73629.86,66.04,13281.6,,11.91,P 2,67.48,3.55,10.77,11.62,1,1.05,1.14,1.6,1.79,37870.34,Cukup (60-80%)
2022,Jawa Timur,Kab. Tulungagung,553.83,202148.86,35146.74,17.39,54677,27.05,89823.74,44.43,34743.54,12702,23.47,P 2,46,15.6,7.5,12.5,5,4.8,2,2,4.6,112324.21,Kurang (30-60%)
2022,Jawa Timur,Kab. Blitar,409.06,149305.6,7630.75,5.11,81603.56,54.66,89234.31,59.77,404.48,5310.53,3.83,P 2,70.85,1,12.45,7.5,0.9,1.94,0.52,0.92,3.92,60072.59,Kurang (30-60%)
2022,Jawa Timur,Kab. Kediri,657.76,240082.4,16807.4,7,45907.26,19.12,62714.66,26.12,15207.8,1550.63,6.98,P 2,46.4,22.47,4.28,11.31,0.2,2.02,0.63,4.75,7.94,177367.74,Sangat Kurang (<30%)
2022,Jawa Timur,Kab. Malang,960.59,350614.09,34732.75,9.91,145007.2,41.36,179739.95,51.26,34391.22,,9.81,P 2,60.64,6.51,13.2,15.26,0.27,1.12,0.4,0.67,1.93,170875.4,Kurang (30-60%)
2022,Jawa Timur,Kab. Lumajang,524.51,191446.12,35953.66,18.78,66857.6,34.92,102811.26,53.7,20795.96,281.6,11.01,P 2,40.25,17.35,10.65,17.8,1.15,3.25,1.45,1.5,6.6,88634.89,Kurang (30-60%)
2022,Jawa Timur,Kab. Jember,1014.69,370362.43,4854.28,1.31,99170.5,26.78,104024.78,28.09,176.06,255.5,0.12,P 2,50,5,5,30,1,,5,1,3,266337.07,Sangat Kurang (<30%)
2022,Jawa Timur,Kab. Banyuwangi,813.91,297078.45,37514.19,12.63,48950.51,16.48,86464.7,29.11,26890.56,128.12,9.09,P 2,,,,,,,,,,210612.45,Sangat Kurang (<30%)
2022,Jawa Timur,Kab. Situbondo,257.24,93891.73,15982.16,17.02,58037.77,61.81,74019.93,78.84,4736.37,6526.2,12,P 2,44.4,13.8,16.2,24,0.2,0.6,0.2,0.2,0.4,19872.67,Cukup (60-80%)
2022,Jawa Timur,Kab. Mojokerto,461.16,168322.61,44680.6,26.54,49268.72,29.27,93949.32,55.82,43598.5,,25.9,P 2,47.88,1.91,19.54,21.07,0.53,0.47,0.17,0.24,8.19,74374.08,Kurang (30-60%)
2022,Jawa Timur,Kab. Jombang,530.37,193583.44,26053.84,13.46,53947,27.87,80000.84,41.33,25796.06,146,13.4,P 2,48.85,7.27,7.93,12.5,1.24,2.71,1.33,1.24,16.93,113584.21,Kurang (30-60%)
2022,Jawa Timur,Kab. Nganjuk,444.13,162107.74,20132.64,12.42,45278.98,27.93,65411.62,40.35,18768.62,17779.88,22.55,P 2,61.5,2,13.1,12.3,6,1,1,1,2.1,96695.83,Kurang (30-60%)
2022,Jawa Timur,Kab. Madiun,300.06,109520.88,13625.62,12.44,20075,18.33,33700.62,30.77,6053.16,1095,6.53,P 2,63.53,4.15,7.5,19.71,1.34,2.65,0.01,0.13,0.98,75821.28,Kurang (30-60%)
2022,Jawa Timur,Kab. Magetan,275.75,100647.87,39461.4,39.21,17979.17,17.86,57440.57,57.07,38913.9,714.67,39.37,P 2,35,25,8,15,1,1,2,3,10,43208.18,Kurang (30-60%)
2022,Jawa Timur,Kab. Ngawi,358.07,130696.23,25379.65,19.42,29125.18,22.28,54504.83,41.7,17473.06,1202.68,14.29,P 2,38.3,3.8,10.4,30.6,2.4,2.3,3.7,3.5,5,76190.72,Kurang (30-60%)
2022,Jawa Timur,Kab. Bojonegoro,376.09,137271.36,25042.3,18.24,22669.32,16.51,47711.62,34.76,17091.44,146,12.56,P 2,45,34,3,7,1,0.5,0.5,1,8,89561.23,Kurang (30-60%)
2022,Jawa Timur,Kab. Tuban,505.31,184439.37,47329.56,25.66,55489.13,30.09,102818.69,55.75,27041.67,2564.13,16.05,P 2,58.52,15.32,5.78,11.02,0.17,1.62,0.1,1.33,6.14,81619.46,Kurang (30-60%)
2022,Jawa Timur,Kab. Lamongan,228.06,83240.85,11084.86,13.32,27375,32.89,38459.86,46.2,10604.9,,12.74,P 2,30,12,9,18,8,2,2,1,18,44782.04,Kurang (30-60%)
2022,Jawa Timur,Kab. Gresik,391.33,142835.43,179537.46,125.7,87963.22,61.58,267500.68,187.28,164000.56,6184.97,119.15,P 2,55.29,10.29,4.47,11.58,0.47,4.84,2.02,1.37,9.67,-124665.23,
2022,Jawa Timur,Kab. Bangkalan,415.72,151736.05,14149.97,9.33,41135.5,27.11,55285.47,36.44,14149.79,1828.65,10.53,P 2,51.32,15.32,9.72,14.97,0.43,1.02,0.29,2.93,4,96452.33,Kurang (30-60%)
2022,Jawa Timur,Kab. Sampang,464.41,169511.29,2500.17,1.47,14315.12,8.44,16815.29,9.92,395.66,810.12,0.71,P 2,45,11,10,15,1,2,1,1,14,152694.36,Sangat Kurang (<30%)
2022,Jawa Timur,Kab. Pamekasan,277.1,101140.55,16088.31,15.91,41377.39,40.91,57465.7,56.82,15843.55,41.14,15.71,P 2,55,4,7,13,3,5,2,2,9,43675.8,Kurang (30-60%)
2022,Jawa Timur,Kab. Sumenep,362.19,132197.86,12773.21,9.66,12543.83,9.49,25317.04,19.15,7840.31,133.83,6.03,P 2,,,,,,,,,,106882.31,Sangat Kurang (<30%)
2022,Jawa Timur,Kota Kediri,178.59,65183.7,9670.58,14.84,54380.98,83.43,64051.56,98.26,3264.52,679.63,6.05,P 2,56.4,8.2,12.8,12,4.5,2.4,1.4,0.9,1.4,1133.79,Baik (>80%)
2022,Jawa Timur,Kota Blitar,75.98,27732.7,3720.74,13.42,23382.8,84.31,27103.53,97.73,3571.73,1015.6,16.54,P 2,53,13.6,5.2,9.1,0.8,2.9,3,3.4,9,629.17,Baik (>80%)
2022,Jawa Timur,Kota Malang,764.79,279148.37,71590.88,25.65,202226.44,72.44,273817.33,98.09,71468.32,11032.14,29.55,P 2,54.39,13.6,4.47,13.66,0.98,0.52,0.21,1.78,10.39,5331.02,Baik (>80%)
2022,Jawa Timur,Kota Probolinggo,97.16,35465.15,3893.65,10.98,24957.57,70.37,28851.22,81.35,3157.93,136.51,9.29,P 2,61.55,4.06,9.12,19.29,0.74,0.93,1.43,0.86,2.02,6612.18,Baik (>80%)
2022,Jawa Timur,Kota Pasuruan,146.02,53297.25,13117.38,24.61,39137.49,73.43,52254.87,98.04,13117.38,,24.61,P 2,5.61,16.82,31.06,34.59,4.52,0.38,0.44,4.53,2.05,1042.43,Baik (>80%)
2022,Jawa Timur,Kota Mojokerto,66.91,24420.33,5259.94,21.54,18907,77.42,24166.94,98.96,2866.59,,11.74,P 2,73.1,0.02,9.51,13.45,0.32,0.9,0.11,0.49,2.1,255.21,Baik (>80%)
2022,Jawa Timur,Kota Madiun,121.15,44219.8,11499.8,26.01,32321.74,73.09,43821.54,99.1,3873.85,349.56,9.55,P 2,81,1.5,7.9,4,2.5,0.9,0.9,0.8,0.5,398.21,Baik (>80%)
2022,Jawa Timur,Kota Surabaya,1783.68,651043.42,39808.64,6.11,607016.55,93.24,646825.19,99.35,9006.85,39224.87,7.41,P 2,,,,,,,,,,4218.01,Baik (>80%)
2022,Jawa Timur,Kota Batu,135.23,49359.46,6286.22,12.74,41975,85.04,48261.22,97.78,6190.82,,12.54,P 2,4,2,6,4,1,,,1,,1097.73,Baik (>80%)
2022,Banten,Kab. Lebak,591.47,215885.24,8868.89,4.11,40880,18.94,49748.89,23.04,7426.24,,3.44,P 2,30,12,10,15,8,5,5,10,5,166137.66,Sangat Kurang (<30%)
2022,Banten,Kab. Tangerang,2305.47,841497.68,11858.98,1.41,498590,59.25,510448.98,60.66,11858.98,,1.41,P 2,38.15,19.5,14.89,18.6,1.55,3.16,0.83,2.28,1.04,331047.57,Cukup (60-80%)
2022,Banten,Kab. Serang,1135.84,414581.97,148.28,0.04,30752.09,7.42,30900.37,7.45,148.28,,0.04,P 2,,,,,,,,,,383681.23,Sangat Kurang (<30%)
2022,Banten,Kota Tangerang,1381.53,504258.12,59122.28,11.72,444855.24,88.22,503977.52,99.94,23884.76,1070,4.95,P 2,57.65,0.44,13.18,19.66,1.07,2.32,0.8,0.37,4.51,280.93,Baik (>80%)
2022,Banten,Kota Cilegon,227.86,83169.08,2809.17,3.38,66430,79.87,69239.17,83.25,2809.17,,3.38,P 2,40,17,10,16,4,,,1,,13929.73,Baik (>80%)
2022,Banten,Kota Serang,584.83,213464.02,1642.25,0.77,119514.51,55.99,121156.76,56.76,1626.47,,0.76,P 2,66.05,5.06,8.1,20.05,0.3,0.13,0.21,0.09,0.01,92306.19,Kurang (30-60%)
2022,Banten,Kota Tangerang Selatan,972.63,355009.43,81786.32,23.04,271510.54,76.48,353296.86,99.52,81786.32,267,23.11,P 2,35.63,14.08,13.45,17.36,0.38,0.67,0.48,0.85,17.1,1713.09,Baik (>80%)
2022,Bali,Kab. Jembrana,162.94,59472.92,10456.37,17.58,24856.5,41.79,35312.87,59.38,9806.35,,16.49,P 2,27.37,47.94,0.84,19.04,0.71,0.03,3.13,0.61,0.33,24160.23,Kurang (30-60%)
2022,Bali,Kab. Badung,327.33,119474.58,24445.58,20.46,87064.36,72.87,111509.95,93.33,24125.18,705.36,20.78,P 2,16,33.9,11.1,28.4,2.6,2.1,0.67,0.9,4.33,7965.5,Baik (>80%)
2022,Bali,Kab. Gianyar,538.9,196698.5,5237.73,2.66,169725,86.29,174962.73,88.95,4966.53,,2.52,P 2,,,,,,,,,,21735.77,Baik (>80%)
2022,Bali,Kab. Klungkung,103.13,37643.55,494.61,1.31,26049.21,69.2,26543.81,70.51,119,3006.76,8.3,P 2,29,41,4,14,1,,7,,4,11098.64,Cukup (60-80%)
2022,Bali,Kab. Bangli,111.88,40836.05,7415.83,18.16,21552.16,52.78,28967.98,70.94,3546.34,260.98,9.32,P 2,13,69,1.8,5.5,3.4,0.01,1.03,3.2,3.06,11868.22,Cukup (60-80%)
2022,Bali,Kab. Karangasem,311.54,113711.83,44746.76,39.35,43800,38.52,88546.76,77.87,18386.93,,16.17,P 2,59,10,18,8,1,1,1,1,1,25165.34,Cukup (60-80%)
2022,Bali,Kab. Buleleng,392.56,143283.67,24341.02,16.99,56848.75,39.68,81189.77,56.66,23934.3,237.25,16.87,P 2,4,68.41,6.69,14.69,0.23,1.79,0.52,0.77,2.9,62094.63,Kurang (30-60%)
2022,Bali,Kota Denpasar,866.61,316312.65,45876.03,14.5,258120.94,81.6,303996.98,96.11,45876.03,365,14.62,P 2,6.57,69.85,6.34,8.21,1.52,0.47,0.55,1.12,5.37,12315.67,Baik (>80%)
2022,Nusa Tenggara Barat,Kab. Lombok Barat,288.59,105336.08,14.83,0.01,23360.16,22.18,23374.99,22.19,14.83,0.16,0.01,P 2,20,11.4,19.3,0.78,9.7,0.3,7.6,0.1,9,81960.36,Sangat Kurang (<30%)
2022,Nusa Tenggara Barat,Kab. Lombok Tengah,419.9,153263.5,23468.78,15.31,22630,14.77,46098.78,30.08,23465.13,2555,16.98,P 2,55,,9,13,10,,,,13,107164.72,Kurang (30-60%)
2022,Nusa Tenggara Barat,Kab. Lombok Timur,537.56,196209.55,44382.67,22.62,58208.74,29.67,102591.41,52.29,34895.03,20.44,17.79,P 2,36,23,3.5,19,7,4,3,4,0.5,93617.99,Kurang (30-60%)
2022,Nusa Tenggara Barat,Kab. Sumbawa,259.78,94820.43,2612.18,2.75,45786.5,48.29,48398.68,51.04,2612.18,,2.75,P 2,38.21,8.18,12.19,20.34,2.36,0.51,0.68,4.28,13.25,46421.02,Kurang (30-60%)
2022,Nusa Tenggara Barat,Kab. Bima,276.99,101102.08,37.44,0.04,11509.18,11.38,11546.62,11.42,37.44,,0.04,P 2,40,5,5,20,,,,,30,89554.73,Sangat Kurang (<30%)
2022,Nusa Tenggara Barat,Kab. Lombok Utara,102.59,37446.08,4625.89,12.35,20167.35,53.86,24793.24,66.21,225.06,,0.6,P 2,60,5,5,15,5,2,2,2,4,12652.11,Cukup (60-80%)
2022,Nusa Tenggara Barat,Kota Mataram,264.21,96436.87,13879.41,14.39,81362.72,84.37,95242.12,98.76,13424.13,29.77,13.95,P 2,,,,,,,,,,1194.53,Baik (>80%)
2022,Nusa Tenggara Barat,Kota Bima,82.71,30189.37,14.25,0.05,28908,95.76,28922.24,95.8,14.25,,0.05,P 2,34,22,7,20,6,5,2,4,,1266.91,Baik (>80%)
2022,Nusa Tenggara Timur,Kab. Rote Ndao,133.75,48819.44,0,0,3932.69,8.06,3932.69,8.06,,,0,P 2,29,28,10,16,,,,,17,44886.06,Sangat Kurang (<30%)
2022,Nusa Tenggara Timur,Kab. Manggarai Barat,84.86,30972.44,884.13,2.85,6268.51,20.24,7152.64,23.09,884.13,63.51,3.06,P 2,20,25,15,28,3,2,,5,2,23821.26,Sangat Kurang (<30%)
2022,Nusa Tenggara Timur,Kota Kupang,227.93,83192.63,5198.5,6.25,58396.35,70.19,63594.85,76.44,4374.72,,5.26,P 2,28.5,16.5,14,20.5,5,3,1.5,2.5,8.5,19599.6,Cukup (60-80%)
2022,Kalimantan Barat,Kab. Sambas,318.12,116112,2624.81,2.26,22188.47,19.11,24813.27,21.37,2592.29,,2.23,P 2,40,5.6,14.2,25,0.3,1,0.9,2,11,91300.53,Sangat Kurang (<30%)
2022,Kalimantan Barat,Kab. Mempawah,84.03,30669.65,40.04,0.13,9037.4,29.47,9077.44,29.6,1.08,,0,P 2,1,8.1,1.6,13.4,15.1,,8.3,,52.5,21593.51,Sangat Kurang (<30%)
2022,Kalimantan Barat,Kab. Sanggau,246.14,89841.83,33.85,0.04,18257.3,20.32,18291.15,20.36,5.38,,0.01,P 2,,,,,,,,,,71549.95,Sangat Kurang (<30%)
2022,Kalimantan Barat,Kab. Ketapang,295.76,107953.41,49.64,0.05,25784.69,23.89,25834.33,23.93,,44.9,0.04,P 2,,,,,,,,,,82118.07,Sangat Kurang (<30%)
2022,Kalimantan Barat,Kab. Kapuas Hulu,133.33,48663.81,32.49,0.07,9033.75,18.56,9066.24,18.63,32.49,,0.07,P 2,44.77,1.32,12.8,28.62,2.2,1.51,2.56,2.29,3.93,39599.21,Sangat Kurang (<30%)
2022,Kalimantan Barat,Kota Pontianak,401.54,146560.71,34453.51,23.51,107683.71,73.47,142137.21,96.98,30978.79,559.86,21.52,P 2,12,,,,,,,,,4424.89,Baik (>80%)
2022,Kalimantan Barat,Kota Singkawang,93.97,34297.93,5401.23,15.75,25882.15,75.46,31283.38,91.21,5137.44,,14.98,P 2,76,,8.4,7.8,3.6,,,,4.2,3015.67,Baik (>80%)
2022,Kalimantan Tengah,Kab. Kotawaringin Barat,136.27,49736.91,10753.08,21.62,26128.53,52.53,36881.6,74.15,8875.25,,17.84,P 2,50,5,10,12,2,2,2,1,16,12856.95,Cukup (60-80%)
2022,Kalimantan Tengah,Kab. Kapuas,211.61,77235.83,1666.37,2.16,8059.93,10.44,9726.3,12.59,1076.17,29.93,1.43,P 2,,,,,,,,,,67511.35,Sangat Kurang (<30%)
2022,Kalimantan Tengah,Kab. Barito Selatan,66.96,24439.67,1227.56,5.02,2583.98,10.57,3811.55,15.6,1222.99,,5,P 2,80,12,4,1,1,1,,,1,20628.85,Sangat Kurang (<30%)
2022,Kalimantan Tengah,Kab. Barito Utara,61.93,22603.87,1429.46,6.32,9168.8,40.56,10598.26,46.89,1429.46,43.8,6.52,P 2,30,12,14,20,5,5,2,2,10,12006.19,Kurang (30-60%)
2022,Kalimantan Tengah,Kab. Seruyan,82.19,29999.35,16.93,0.06,5999.69,20,6016.62,20.06,3.65,889.69,2.98,P 2,30,15,10.5,25,2,1.5,5,2.5,8.5,23982.73,Sangat Kurang (<30%)
2022,Kalimantan Tengah,Kab. Gunung Mas,101.53,37058.36,311.34,0.84,6175.47,16.66,6486.81,17.5,311.34,,0.84,P 2,18,10,10,50,3,0.5,2,1,5.5,30571.64,Sangat Kurang (<30%)
2022,Kalimantan Tengah,Kab. Pulang Pisau,67.67,24698.82,0.1,0,0,0,0.1,0,,,0,P 2,23.51,26.74,13.31,25.13,3.19,2.41,0.83,1.79,3.09,24699.45,Sangat Kurang (<30%)
2022,Kalimantan Tengah,Kab. Murung Raya,55.73,20339.81,771.84,3.79,4015,19.74,4786.84,23.53,501.78,,2.47,P 2,20,10,10,25,2,8,4,5,16,15554.61,Sangat Kurang (<30%)
2022,Kalimantan Tengah,Kab. Barito Timur,46.02,16798.32,308.38,1.84,4055.15,24.14,4363.53,25.98,308.38,,1.84,P 2,32,9,7,37,1,5,6.5,1.2,1.3,12433.77,Sangat Kurang (<30%)
2022,Kalimantan Tengah,Kota Palangkaraya,151.91,55448.06,14523.39,26.19,40111.13,72.34,54634.51,98.53,12196.07,446.58,22.8,P 2,42.05,4.33,8.54,19.49,1.28,2.36,2.18,2.04,17.73,812.64,Baik (>80%)
2022,Kalimantan Selatan,Kab. Tanah Laut,141.94,51807.37,2908.39,5.61,14884.7,28.73,17793.09,34.34,11.85,0,0.02,P 2,,,,,,,,,,34015.01,Kurang (30-60%)
2022,Kalimantan Selatan,Kab. Kotabaru,181.22,66143.51,5649.18,8.54,12968.45,19.61,18617.63,28.15,511,,0.77,P 2,52.5,2.3,5.6,23.1,0.8,1.6,0.7,1.6,11.8,47527.67,Sangat Kurang (<30%)
2022,Kalimantan Selatan,Kab. Banjar,356.47,130110.41,1761.24,1.35,80363.88,61.77,82125.11,63.12,1463.08,63.88,1.17,P 2,30,10,20,30,,,5,,5,47986.44,Cukup (60-80%)
2022,Kalimantan Selatan,Kab. Barito Kuala,96.38,35179.83,7995.35,22.73,18724.5,53.23,26719.85,75.95,5966.76,2847,25.05,P 2,59.5,9.5,10.5,12,3.1,1.9,0.5,2,1,8458.85,Cukup (60-80%)
2022,Kalimantan Selatan,Kab. Tapin,82.1,29966.79,4829.02,16.11,16674.37,55.64,21503.39,71.76,4621.47,614.37,17.47,P 2,,,,,,,,,,8463.11,Cukup (60-80%)
2022,Kalimantan Selatan,Kab. Hulu Sungai Selatan,96.79,35330.1,7549.79,21.37,18733.62,53.02,26283.41,74.39,2195.68,2454.63,13.16,P 2,55.18,1.48,13.13,25.35,2.9,0.46,0.9,0.4,0.2,9044.94,Cukup (60-80%)
2022,Kalimantan Selatan,Kab. Hulu Sungai Tengah,104.3,38070.08,7628.11,20.04,21803.82,57.27,29431.94,77.31,6831.38,519.58,19.31,P 2,,,,,,,,,,8637.56,Cukup (60-80%)
2022,Kalimantan Selatan,Kab. Hulu Sungai Utara,92.52,33768.34,4564.37,13.52,18560.61,54.96,23124.98,68.48,3467.72,160.97,10.75,P 2,48.59,8.12,8.45,12.6,0.85,0.3,1,6.6,9.5,10644.82,Cukup (60-80%)
2022,Kalimantan Selatan,Kab. Tabalong,102.76,37507.84,8381.51,22.35,26798.3,71.45,35179.82,93.79,3332.34,7.3,8.9,P 2,36,2,17,24,1,3,1,3,13,2327.58,Baik (>80%)
2022,Kalimantan Selatan,Kab. Tanah Bumbu,166.42,60743.48,10231.45,16.84,46498.81,76.55,56730.26,93.39,8607.2,,14.17,P 2,64.04,4.23,3.2,12.3,2.1,2.2,1.24,2.23,8.46,4013.04,Baik (>80%)
2022,Kalimantan Selatan,Kab. Balangan,56.37,20576.25,4024.5,19.56,14782.5,71.84,18807,91.4,2925.94,,14.22,P 2,57.46,10.24,10.95,14.62,2.06,1.67,0.72,1.2,1.08,1768.05,Baik (>80%)
2022,Kalimantan Selatan,Kota Banjarmasin,467.24,170543.44,43500.77,25.51,125035.82,73.32,168536.59,98.82,29198.27,539.11,17.44,P 2,27.89,7.33,9.2,20.61,3.21,4.3,5.26,4.39,17.81,2006.01,Baik (>80%)
2022,Kalimantan Selatan,Kota Banjarbaru,183.78,67079.71,16133.46,24.05,50897.02,75.88,67030.48,99.93,12229.33,1233.3,20.07,P 2,,51.24,0.43,32.35,0.86,0,,0.52,14.6,49.22,Baik (>80%)
2022,Kalimantan Timur,Kab. Paser,118.63,43300.97,4574.67,10.56,26276.86,60.68,30851.53,71.25,2750.16,98.75,6.58,P 2,54.99,0.22,10.2,13.64,1.38,13.56,1.2,3.52,1.29,12448.42,Cukup (60-80%)
2022,Kalimantan Timur,Kab. Kutai Kartanegara,313.77,114524.75,18837.64,16.45,80372.27,70.18,99209.91,86.63,13820.35,91.76,12.15,P 2,73.92,0.98,10.43,7.86,2.04,1.57,0.55,1.75,0.9,15316.14,Baik (>80%)
2022,Kalimantan Timur,Kab. Berau,136.44,49801.88,9189.08,18.45,24936.8,50.07,34125.88,68.52,7867.35,,15.8,P 2,55.39,1.28,3.74,26.47,9.63,0.2,0.2,0.99,2.1,15674.72,Cukup (60-80%)
2022,Kalimantan Timur,Kab. Kutai Barat,70.24,25639.06,0,0,10482.97,40.89,10482.97,40.89,,,0,P 2,,,,,,,,,,15154.63,Kurang (30-60%)
2022,Kalimantan Timur,Kab. Kutai Timur,212.81,77674.37,10041.04,12.93,35748.1,46.02,45789.14,58.95,5561.27,3628.1,11.83,P 2,42,20,8,23,3,1,1,1,1,31886.51,Kurang (30-60%)
2022,Kalimantan Timur,Kab. Penajam Paser Utara,95.98,35033.98,7924.64,22.62,21429.15,61.17,29353.79,83.79,1677.36,259.15,5.53,P 2,46.13,1.09,20.87,29.83,0.22,0.02,0.67,0.83,0.34,5678.91,Baik (>80%)
2022,Kalimantan Timur,Kab. Mahakam Ulu,15.3,5584.64,0,0,1460,26.14,1460,26.14,,,0,P 2,50,5,8,30,3,1,1,1,1,4124.5,Sangat Kurang (<30%)
2022,Kalimantan Timur,Kota Balikpapan,514.73,187875.03,48850.81,26,137337.89,73.1,186188.7,99.1,35706.09,545.3,19.3,P 2,42.3,6.36,10.26,7.2,3.87,2.94,0.98,6.56,19.53,1687.75,Baik (>80%)
2022,Kalimantan Timur,Kota Samarinda,587.25,214347.89,42048.7,19.62,171784.81,80.14,213833.51,99.76,36490.34,759.55,17.38,P 2,53.39,7,17,19.9,0.65,0.62,0.06,0.92,0.46,512.74,Baik (>80%)
2022,Kalimantan Timur,Kota Bontang,104.24,38046.4,10185.67,26.77,27731.41,72.89,37917.08,99.66,9678.29,442.92,26.6,P 2,44.12,6,27.5,18,2.1,0.03,0.25,1.05,0.95,130.52,Baik (>80%)
2022,Kalimantan Utara,Kab. Bulungan,64.61,23583.79,49.2,0.21,11669.05,49.48,11718.25,49.69,0,0,0,P 2,,,,,,,,,,11864.4,Kurang (30-60%)
2022,Kalimantan Utara,Kab. Nunukan,42.68,15576.81,3831.33,24.6,7897.21,50.7,11728.54,75.29,2412.79,1845.51,27.34,P 2,46.4,8.2,23.4,21.3,0.2,0.2,0.1,0.1,0.1,3849.66,Cukup (60-80%)
2022,Kalimantan Utara,Kab. Tana Tidung,14.19,5177.89,5.02,0.1,4097.71,79.14,4102.73,79.24,5.02,,0.1,P 2,,,,,,,,,,1076.62,Cukup (60-80%)
2022,Sulawesi Utara,Kab. Bolaang Mongondow,125.24,45712.24,3966.3,8.68,7300,15.97,11266.3,24.65,8,,0.02,P 2,49.98,14.52,8.5,10.8,4.05,3.33,2.9,2.32,3.6,34446.3,Sangat Kurang (<30%)
2022,Sulawesi Utara,Kab. Minahasa,174.34,63632.82,17144.28,26.94,41245,64.82,58389.28,91.76,17041.85,,26.78,P 2,,,,,,,,,,5244.82,Baik (>80%)
2022,Sulawesi Utara,Kab. Kepulauan Sangihe,55.87,20393.86,1135.74,5.57,11811.4,57.92,12947.14,63.49,5.31,,0.03,P 2,45.1,6.89,5.2,32,0.4,3.3,0.5,2,4.61,7445.41,Cukup (60-80%)
2022,Sulawesi Utara,Kab. Minahasa Selatan,94.59,34523.6,4203.66,12.18,11265,32.63,15468.66,44.81,882.87,8.4,2.58,P 2,20,12,12,36,4,4,5,2,5,19056.69,Kurang (30-60%)
2022,Sulawesi Utara,Kab. Minahasa Utara,118.12,43114.17,5006.61,11.61,22885.5,53.08,27892.11,64.69,992.35,,2.3,P 2,45.55,15.5,13.65,16.35,1.25,1.55,2.35,2.35,1.45,15221.69,Cukup (60-80%)
2022,Sulawesi Utara,Kab. Minahasa Tenggara,46.14,16840.95,1641.93,9.75,7965.03,47.3,9606.96,57.05,30,8.03,0.23,P 2,,,,,,,,,,7234.14,Kurang (30-60%)
2022,Sulawesi Utara,Kab. Bolaang Mongondow Utara,34.66,12651.86,426.5,3.37,5657.5,44.72,6084,48.09,,,0,P 2,30,25,5,30,1,5,1,3,,6566.9,Kurang (30-60%)
2022,Sulawesi Utara,Kab. Kep. Siau Tagulandang Biaro,29.52,10776.55,619.4,5.75,3244.85,30.11,3864.25,35.86,,40.15,0.37,P 2,25,10,20,30,4,5,3,3,,6910.55,Kurang (30-60%)
2022,Sulawesi Utara,Kab. Bolaang Mongondow Timur,36.92,13476.24,675.25,5.01,912.5,6.77,1587.75,11.78,,0,0,P 2,1,20,3,5,,2,1,3,65,11888.05,Sangat Kurang (<30%)
2022,Sulawesi Utara,Kab. Bolaang Mongondow Selatan,28.91,10553.46,9.75,0.09,1533,14.53,1542.75,14.62,,,0,P 2,7,35,5,7,3,9,4,3,27,9009.4,Sangat Kurang (<30%)
2022,Sulawesi Utara,Kota Manado,291.07,106241.06,5387.94,5.07,80957,76.2,86344.94,81.27,3545.14,657,3.96,P 2,47.7,1.14,18.66,19.48,0.26,1.54,1.49,1.85,7.88,19895.61,Baik (>80%)
2022,Sulawesi Utara,Kota Bitung,159.06,58055.22,2407.6,4.15,41245,71.04,43652.6,75.19,70.08,,0.12,P 2,50.2,2.05,16.03,15.07,0.36,1.48,1.37,1.83,11.61,14404.3,Cukup (60-80%)
2022,Sulawesi Utara,Kota Tomohon,50.71,18510.43,1638.84,8.85,13870,74.93,15508.84,83.78,,,0,P 2,,,,,,,,,,3000.31,Baik (>80%)
2022,Sulawesi Utara,Kota Kotamobagu,86.2,31463.8,4554.8,14.48,22100.75,70.24,26655.55,84.72,2638.49,155.13,8.88,P 2,53.5,5,11.8,8.5,5.7,3.6,2.6,2.8,6.5,4807.45,Baik (>80%)
2022,Sulawesi Tengah,Kab. Banggai,188.4,68767.46,3965.74,5.77,44451.53,64.64,48417.27,70.41,424.46,3.29,0.62,P 2,33,12,21,15,6,3,2,2,6,20348.73,Cukup (60-80%)
2022,Sulawesi Tengah,Kab. Donggala,121.19,44232.89,1482.29,3.35,6834.99,15.45,8317.29,18.8,926.81,9.49,2.12,P 2,35,10,20,13,6,3,3,3,7,35917.06,Sangat Kurang (<30%)
2022,Sulawesi Tengah,Kab. Morowali,83.96,30643.58,673.06,2.2,4262.58,13.91,4935.64,16.11,0,0.58,0,P 2,2.2,3,2.5,8.88,3.1,1.5,2,0.2,3,25709.76,Sangat Kurang (<30%)
2022,Sulawesi Tengah,Kab. Banggai Kepulauan,60.07,21925.92,1112.08,5.07,6168.5,28.13,7280.58,33.21,49.64,,0.23,P 2,15,20,13,15,8,3,5,6,15,14644.97,Kurang (30-60%)
2022,Sulawesi Tengah,Kab. Parigi Moutong,226.25,82582.53,1687.38,2.04,5658.96,6.85,7346.34,8.9,1683.27,1.46,2.04,P 2,,,,,,,,,,75234.91,Sangat Kurang (<30%)
2022,Sulawesi Tengah,Kab. Sigi,128.79,47008.35,4429.3,9.42,10599.6,22.55,15028.9,31.97,266.85,,0.57,P 2,,,,,,,,,,31979.45,Kurang (30-60%)
2022,Sulawesi Tengah,Kab. Banggai Laut,37.12,13549.9,208.08,1.54,4215.75,31.11,4423.83,32.65,208.08,,1.54,P 2,,,,,,,,,,9124.97,Kurang (30-60%)
2022,Sulawesi Tengah,Kab. Morowali Utara,61.12,22308.8,0,0,3131.7,14.04,3131.7,14.04,,,0,P 2,,,,,,,,,,19177.1,Sangat Kurang (<30%)
2022,Sulawesi Tengah,Kota Palu,202.94,74073.65,6673.48,9.01,62513.55,84.39,69187.03,93.4,604.26,,0.82,P 2,70.96,0.77,9.44,10.43,1.9,1.06,0.6,0.59,4.25,4886.07,Baik (>80%)
2022,Sulawesi Selatan,Kab. Kepulauan Selayar,55.19,20144.2,1038.86,5.16,5381.59,26.72,6420.45,31.87,905.64,,4.5,P 2,50,8.17,15,15,4.9,2.6,3.5,0.5,0.33,13723.9,Kurang (30-60%)
2022,Sulawesi Selatan,Kab. Bulukumba,178.92,65304.63,14131.96,21.64,47756.6,73.13,61888.56,94.77,2100.35,306.6,3.69,P 2,,,,,,,,,,3417.24,Baik (>80%)
2022,Sulawesi Selatan,Kab. Bantaeng,80.99,29562.37,7596.73,25.7,9714.11,32.86,17310.84,58.56,7207.71,647.51,26.57,P 2,30.13,27.5,11,14,1.24,3,2,1.13,10,12250.51,Kurang (30-60%)
2022,Sulawesi Selatan,Kab. Jeneponto,162.2,59204.17,4938.25,8.34,20963.78,35.41,25902.03,43.75,2634.77,67.53,4.56,P 2,28,17,9.5,19.5,5.5,1.5,4,2,13,33300.97,Kurang (30-60%)
2022,Sulawesi Selatan,Kab. Sinjai,107.73,39319.84,9823.36,24.98,26451.55,67.27,36274.91,92.26,7440.53,,18.92,P 2,31.5,13,31.09,14.68,8.2,0.87,0.44,0.08,0.14,3046.54,Baik (>80%)
2022,Sulawesi Selatan,Kab. Bone,405.8,148115.18,23955.82,16.17,72927,49.24,96882.82,65.41,21919,,14.8,P 2,52.3,1,10.1,10.7,3.1,0.5,1.1,1.1,20.1,51234.18,Cukup (60-80%)
2022,Sulawesi Selatan,Kab. Maros,161.51,58951,13437.24,22.79,30112.5,51.08,43549.74,73.87,3292.65,182.5,5.89,P 2,75.42,9.85,3.18,6.69,2.21,0.11,0.14,0.12,2.28,15401.41,Cukup (60-80%)
2022,Sulawesi Selatan,Kab. Pangkajene dan Kepulauan,141.18,51530.55,5979.32,11.6,21911.01,42.52,27890.33,54.12,5458.2,11.01,10.61,P 2,63.13,10.83,8.99,7.29,6.5,0.72,0.19,1.55,0.8,23640.37,Kurang (30-60%)
2022,Sulawesi Selatan,Kab. Barru,76.21,27817.23,5004.01,17.99,13428.26,48.27,18432.27,66.26,5002.27,10.86,18.02,P 2,60,10,6,15,2,1,1,1,4,9384.38,Cukup (60-80%)
2022,Sulawesi Selatan,Kab. Soppeng,94.23,34393.8,3883.15,11.29,22795.35,66.28,26678.5,77.57,3160.63,102.2,9.49,P 2,42,17,11,21,3.16,0.5,4.24,0.15,0.95,7715.45,Cukup (60-80%)
2022,Sulawesi Selatan,Kab. Wajo,151.86,55428.46,3152.65,5.69,41705.56,75.24,44858.21,80.93,1265.55,105.78,2.47,P 2,41.1,17.34,7.1,17.03,2.03,3.9,6.49,2.9,2.11,10570.69,Baik (>80%)
2022,Sulawesi Selatan,Kab. Sidenreng Rappang,129.28,47186.32,9182.19,19.46,26174.02,55.47,35356.22,74.93,8941.07,437.87,19.88,P 2,56,9.6,6.2,6.6,4.5,3.6,4.2,4.4,4.9,11830.98,Cukup (60-80%)
2022,Sulawesi Selatan,Kab. Pinrang,180.44,65861.77,15251.54,23.16,29183.87,44.31,44435.41,67.47,15101.94,,22.93,P 2,10,10,40,10,10,5,5,5,5,21425.19,Cukup (60-80%)
2022,Sulawesi Selatan,Kab. Enrekang,114.36,41740.67,6814.98,16.33,14308,34.28,21122.98,50.61,4913.34,4088,21.56,P 2,,,,,,,,,,20618.42,Kurang (30-60%)
2022,Sulawesi Selatan,Kab. Tana Toraja,116.42,42492.72,2150.65,5.06,6504.19,15.31,8654.84,20.37,,30,0.07,P 2,,,,,,,,,,33838.46,Sangat Kurang (<30%)
2022,Sulawesi Selatan,Kab. Luwu Timur,120.2,43874.61,6852.22,15.62,24528,55.9,31380.22,71.52,5640.72,73,13.02,P 2,40,10,25,15,3,1,2,2,2,12492.78,Cukup (60-80%)
2022,Sulawesi Selatan,Kab. Toraja Utara,158.49,57847.76,3068.63,5.3,16790,29.02,19858.63,34.33,3047.17,,5.27,P 2,,,,,,,,,,37990.22,Kurang (30-60%)
2022,Sulawesi Selatan,Kota Makassar,1002.53,365924.29,6766.44,1.85,274912.3,75.13,281678.74,76.98,1313.48,,0.36,P 2,65,,7,16,2,,1,4,5,84244.71,Cukup (60-80%)
2022,Sulawesi Selatan,Kota Parepare,77.78,28388.97,4813.84,16.96,21121.71,74.4,25935.55,91.36,1707.63,6.46,6.04,P 2,52.2,11.4,11.8,12.2,2.7,1.9,2.25,2.85,2.7,2454.15,Baik (>80%)
2022,Sulawesi Selatan,Kota Palopo,93.67,34187.91,2024.37,5.92,23086.25,67.53,25110.62,73.45,278.24,91.25,1.08,P 2,30,20,20,20,8,,,,2,9078.93,Cukup (60-80%)
2022,Sulawesi Tenggara,Kab. Kolaka,120.61,44021.6,3234.49,7.35,12811.5,29.1,16045.99,36.45,3225.87,36.5,7.41,P 2,65,5,10,10,5,1,1,2,1,27976.66,Kurang (30-60%)
2022,Sulawesi Tenggara,Kab. Muna,92.98,33937.55,151.23,0.45,6504.3,19.17,6655.53,19.61,7.3,,0.02,P 2,37,20,10,24,2,2,2,2,1,27282.17,Sangat Kurang (<30%)
2022,Sulawesi Tenggara,Kab. Wakatobi,80.7,29455.57,5593.44,18.99,11209.15,38.05,16802.59,57.04,,7.3,0.02,P 2,40,7,8,30,5,3,2,2,3,12652.91,Kurang (30-60%)
2022,Sulawesi Tenggara,Kab. Kolaka Utara,55.73,20340.57,1150.77,5.66,4311.11,21.19,5461.89,26.85,678.73,113.61,3.9,P 2,3,1,2,2,1,1,1,1,,14879.56,Sangat Kurang (<30%)
2022,Sulawesi Tenggara,Kab. Buton Selatan,21.99,8026.71,0,0,1204.5,15.01,1204.5,15.01,,,0,P 2,65.83,3.36,4.52,12.48,1.44,3.79,1.95,1.89,4.74,6821.85,Sangat Kurang (<30%)
2022,Sulawesi Tenggara,Kota Kendari,269.8,98476.88,3333.1,3.38,73328.94,74.46,76662.04,77.85,3333.1,328.94,3.72,P 2,43.65,17.44,16.78,17.25,1.54,0.72,1.06,1.16,0.4,21814.96,Cukup (60-80%)
2022,Sulawesi Tenggara,Kota Bau Bau,81.98,29923.25,3284.53,10.98,26280,87.82,29564.53,98.8,3212,,10.73,P 2,4.27,6.1,,0.61,,,,,87.82,358.17,Baik (>80%)
2022,Gorontalo,Kab. Gorontalo,158.25,57762.71,466.95,0.81,7639.45,13.23,8106.4,14.03,0,,0,P 2,65,13,14,1,1,1,1,1,3,49654.85,Sangat Kurang (<30%)
2022,Gorontalo,Kab. Bone Bolango,49.86,18198.9,2612.08,14.35,132.86,0.73,2744.94,15.08,432.53,132.86,3.11,P 2,31.35,28.54,16.41,19.9,2.5,,,1.3,,15453.96,Sangat Kurang (<30%)
2022,Gorontalo,Kab. Pohuwato,59.08,21562.59,7239.94,33.58,6265.04,29.06,13504.98,62.63,6015.3,3118.74,42.36,P 2,13.2,10.3,32.3,35.8,,,,2.1,6.3,8059.22,Cukup (60-80%)
2022,Gorontalo,Kota Gorontalo,141.5,51646.51,12541.7,24.28,36748.2,71.15,49289.9,95.44,11231.41,365,22.45,P 2,17,20,10,36,2,3,5,7,,2357.6,Baik (>80%)
2022,Sulawesi Barat,Kab. Majene,70.96,25898.94,764.55,2.95,11242,43.41,12006.55,46.36,725.06,,2.8,P 2,,,,,,,,,,13893.85,Kurang (30-60%)
2022,Sulawesi Barat,Kab. Mamuju Tengah,54.95,20057.48,0,0,4745,23.66,4745,23.66,,,0,P 2,,,,,,,,,,15311.75,Sangat Kurang (<30%)
2022,Maluku,Kab. Maluku Tengah,169.89,62010.58,35.68,0.06,4745,7.65,4780.68,7.71,35.68,,0.06,P 2,,,2.7,22.5,,,,,0.06,57229.17,Sangat Kurang (<30%)
2022,Maluku,Kab. Buru Selatan,31.11,11355.3,804.36,7.08,7635.8,67.24,8440.16,74.33,,,0,P 2,39,18,14,22,1,1,1,1,3,2914.99,Cukup (60-80%)
2022,Maluku Utara,Kab. Halmahera Utara,138.35,50497.02,517.21,1.02,12233,24.23,12750.21,25.25,517.21,,1.02,P 2,49.86,15.9,12.79,13.34,0.84,4.19,0.89,2.08,0.11,37747.54,Sangat Kurang (<30%)
2022,Maluku Utara,Kota Tidore Kepulauan,46.31,16904.46,1598.96,9.46,11065.92,65.46,12664.88,74.92,1598.96,13.72,9.54,P 2,4.14,5.05,21.56,44.25,23.25,,,,1.75,4238.27,Cukup (60-80%)
2022,Papua,Kab. Jayapura,85.92,31360.25,5665.65,18.07,23849.1,76.05,29514.75,94.12,5493.25,,17.52,P 2,43,5,22,24.5,3.5,,,,,1846.05,Baik (>80%)
2022,Papua,Kab. Kepulauan Yapen,45.97,16779.78,40.79,0.24,15899.4,94.75,15940.19,95,36.5,,0.22,P 2,,,,,,,,,,838.86,Baik (>80%)
2022,Papua,Kab. Biak Numfor,58.72,21434.55,3954.15,18.45,14800.75,69.05,18754.9,87.5,3863.5,18.25,18.11,P 2,12.74,39.29,22.38,11.64,10.48,0.01,0.13,3.33,,2677.9,Baik (>80%)
2022,Papua,Kab. Sarmi,16.74,6109.95,0,0,2168.1,35.48,2168.1,35.48,,,0,P 2,,,,,,,,,,3942,Kurang (30-60%)
2022,Papua,Kab. Keerom,26.35,9619.5,0,0,2529.45,26.3,2529.45,26.3,,,0,P 2,10,5,15,40,10,5,10,5,,7088.3,Sangat Kurang (<30%)
2022,Papua,Kab. Waropen,14.48,5285.2,3.03,0.06,2190,41.44,2193.03,41.49,3.03,,0.06,P 2,10,15,20,20,10,5,10,5,5,3092.17,Kurang (30-60%)
2022,Papua,Kota Jayapura,217.89,79528.32,958.06,1.2,65692.7,82.6,66650.76,83.81,556.05,,0.7,P 2,,,,,,,,,,12879.09,Baik (>80%)
2022,Papua Barat,Kab. Manokwari,163.36,59627.83,365,0.61,40861.75,68.53,41226.75,69.14,365,,0.61,P 2,44,,11,26,,,,,19,18399.65,Cukup (60-80%)
2022,Papua Barat,Kab. Teluk Wondama,18.35,6697.17,0,0,2131.97,31.83,2131.97,31.83,,,0,P 2,,,,,,,,,,4565.78,Kurang (30-60%)
2022,Papua Barat,Kab. Kaimana,25.45,9290.42,13.36,0.14,4595.35,49.46,4608.71,49.61,12.78,,0.14,P 2,10,15,20,25,10,5,10,5,,4680.54,Kurang (30-60%)
2022,Papua Selatan,Kab. Merauke,92.94,33924.12,935.62,2.76,13172.12,38.83,14107.74,41.59,620.98,50.37,1.98,P 2,45.2,17.7,11.5,19.6,0.7,1.8,0.5,0.9,2.1,19815.36,Kurang (30-60%)
2022,Papua Selatan,Kab. Boven Digoel,26.08,9518.18,0,0,2153.5,22.63,2153.5,22.63,,,0,P 2,15,13,20,15,1,5,2,10,19,7365.7,Sangat Kurang (<30%)
2022,Papua Selatan,Kab. Asmat,45.41,16574.5,178.65,1.08,3285,19.82,3463.65,20.9,164.25,,0.99,P 2,20,11.8,15,40,4,2.4,3,1.8,2,13111,Sangat Kurang (<30%)
2022,Papua Tengah,Kab. Mimika,158.2,57742.09,0,0,29901.71,51.78,29901.71,51.78,,,0,P 2,,,,,,,,,,27841.29,Kurang (30-60%)
2022,Papua Barat Daya,Kab. Sorong,49.76,18162.69,1343.48,7.4,5179.35,28.52,6522.83,35.91,885.99,,4.88,P 2,,,,,,,,,,11639.57,Kurang (30-60%)
2021,Aceh,Kab. Aceh Selatan,94.59,34527.1,35.59,0.1,12775,37,12810.59,37.1,,,0,P 2,29.23,12.38,12.09,16.24,6.51,6.42,3.43,6.12,7.58,21714.76,Kurang (30-60%)
2021,Aceh,Kab. Gayo Lues,40.43,14757.24,1278.83,8.67,8405.95,56.96,9684.78,65.63,1277.5,,8.66,P 2,40,14,12,17,3,3,2,2,7,5072.17,Cukup (60-80%)
2021,Aceh,Kota Banda Aceh,248.67,90765.86,13935.87,15.35,74863.84,82.48,88799.71,97.83,13840.91,,15.25,P 2,30.4,17.3,11.1,16.6,1,3.5,3,3,14.1,1964.84,Baik (>80%)
2021,Aceh,Kota Sabang,16.83,6141.64,23.36,0.38,5847.3,95.21,5870.66,95.59,,,0,P 2,26.5,16.6,10.5,22.6,6.1,4.3,4.3,3.7,5.4,272.29,Baik (>80%)
2021,Aceh,Kota Langsa,92.83,33883.32,8875.26,26.19,19296.82,56.95,28172.08,83.14,540.78,32.12,1.69,P 2,18,21,9,10,14,10,7,7,4,5710.87,Baik (>80%)
2021,Aceh,Kota Subulussalam,45.29,16529.21,0,0,14600,88.33,14600,88.33,,,0,P 2,30,10,15,15,2,8,3,2,15,1930.85,Baik (>80%)
2021,Sumatera Utara,Kab. Tapanuli Tengah,182.59,66644.8,162.5,0.24,12045,18.07,12207.5,18.32,,,0,P 2,54.6,0.01,11.39,13.15,0.37,3.28,0.84,1.59,14.77,54437.85,Sangat Kurang (<30%)
2021,Sumatera Utara,Kab. Tapanuli Utara,128.22,46799.13,282.65,0.6,25294.5,54.05,25577.15,54.65,,,0,P 2,,,,,,6,,10.5,,21223.15,Kurang (30-60%)
2021,Sumatera Utara,Kab. Langkat,519.69,189685.76,2618.91,1.38,30116.15,15.88,32735.06,17.26,2618.91,186.15,1.48,P 2,37,31,24.4,7,0.2,0.2,0.2,,,156951.79,Sangat Kurang (<30%)
2021,Sumatera Utara,Kab. Karo,226.8,82781.59,4331.83,5.23,24884.97,30.06,29216.8,35.29,1172.76,,1.42,P 2,10.9,8.25,9,11.37,6.25,11,1.7,8.5,33.03,53565.2,Kurang (30-60%)
2021,Sumatera Utara,Kab. Deli Serdang,1118.16,408129.86,45121.79,11.06,152774.4,37.43,197896.19,48.49,40762.74,1226.4,10.29,P 2,20.5,24,13.8,20.2,6,5,3,2,5.5,210232.21,Kurang (30-60%)
2021,Sumatera Utara,Kab. Simalungun,519.06,189456.9,52445.31,27.68,70092.78,37,122538.09,64.68,31.32,12.78,0.02,P 2,0.53,22.63,28.29,19.58,11.4,0.04,0.05,8.16,9.32,66918.81,Cukup (60-80%)
2021,Sumatera Utara,Kab. Asahan,466.58,170300.09,1715.5,1.01,21684.65,12.73,23400.15,13.74,182.5,,0.11,P 2,,,,,,,,,,146901.55,Sangat Kurang (<30%)
2021,Sumatera Utara,Kab. Labuhanbatu,249.99,91246.72,0,0,19272,21.12,19272,21.12,,,0,P 2,15,20,11,30,5,7,2,6,4,71974.35,Sangat Kurang (<30%)
2021,Sumatera Utara,Kab. Toba,108.24,39509.06,2267.11,5.74,11541.3,29.21,13808.41,34.95,138.17,,0.35,P 2,23.15,13.41,4.12,12.38,2.38,4.57,13.25,6.45,20.29,25699.19,Kurang (30-60%)
2021,Sumatera Utara,Kab. Samosir,89.5,32668.38,1833.75,5.61,14716.8,45.05,16550.55,50.66,1423.5,116.8,4.71,P 2,15,15,18,32,6,3,2,5,4,16116.95,Kurang (30-60%)
2021,Sumatera Utara,Kota Medan,1767.16,645012.56,65390.74,10.14,328500,50.93,393890.74,61.07,57237.19,,8.87,P 2,40,5,15,15,7,3,3,2,10,251122.66,Cukup (60-80%)
2021,Sumatera Utara,Kota Pematangsiantar,233.02,85052,0,0,0,0,,,,,,,45,6,12,10,5,3,4,4,11,,Sangat Kurang (<30%)
2021,Sumatera Utara,Kota Tebing Tinggi,123.5,45077.61,10531.06,23.36,31876.59,70.71,42407.65,94.08,10267.62,315.04,23.48,P 2,62.7,1.73,11.43,16.65,0.73,2.6,0.71,1.83,1.62,2669.85,Baik (>80%)
2021,Sumatera Barat,Kab. Pesisir Selatan,151.33,55233.77,9931.76,17.98,12775,23.13,22706.76,41.11,8833.59,,15.99,P 2,20.4,19.6,23,19,16,0.42,1.58,,,32528.69,Kurang (30-60%)
2021,Sumatera Barat,Kab. Tanah Datar,128.24,46806.83,7461.29,15.94,16680.54,35.64,24141.84,51.58,7211.5,550.63,16.58,P 2,69.34,,8.63,6,2.24,1.57,,3.33,8.89,22665.76,Kurang (30-60%)
2021,Sumatera Barat,Kab. Agam,214.83,78412.95,1848.43,2.36,18696.83,23.84,20545.26,26.2,1840.05,5.18,2.35,P 2,,,,,,,,,,57867.69,Sangat Kurang (<30%)
2021,Sumatera Barat,Kab. Lima Puluh Kota,154.23,56295.41,10065.84,17.88,6887.55,12.23,16953.39,30.12,6263.55,18.25,11.16,P 2,,,,,,,,,,39340.56,Kurang (30-60%)
2021,Sumatera Barat,Kab. Pasaman,121.24,44253.04,7805.88,17.64,7183.53,16.23,14989.41,33.87,1595.71,,3.61,P 2,,,,,,,,,,29263.19,Kurang (30-60%)
2021,Sumatera Barat,Kab. Dharmasraya,102.5,37411.62,4244.2,11.34,29448.2,78.71,33692.4,90.06,1654.8,,4.42,P 2,48,7,5,38,1,1,,,,3720.1,Baik (>80%)
2021,Sumatera Barat,Kab. Solok Selatan,73.94,26988.1,21.57,0.08,5120.95,18.97,5142.52,19.05,,,0,P 2,34.25,0.78,16.35,25.69,0.13,0.59,0.55,2.41,19.25,21845.58,Sangat Kurang (<30%)
2021,Sumatera Barat,Kota Solok,53.87,19663.02,2969.17,15.1,16623.63,84.54,19592.8,99.64,2846.54,7.63,14.52,P 2,45.66,11.37,10.01,22.02,0.62,0.52,0.19,1.2,8.41,69.75,Baik (>80%)
2021,Sumatera Barat,Kota Sawahlunto,18.75,6843.52,1407.8,20.57,5108.17,74.64,6515.97,95.21,974.75,20.08,14.54,P 2,,,,,,,,,,327.78,Baik (>80%)
2021,Sumatera Barat,Kota Padang Panjang,48,17519.42,1285.39,7.34,15706.68,89.65,16992.07,96.99,356.65,70.08,2.44,P 2,43.15,23.56,14.35,12.67,1.5,0.95,0.8,1.19,1.83,527.93,Baik (>80%)
2021,Sumatera Barat,Kota Payakumbuh,98.8,36063.06,6032.27,16.73,29884.16,82.87,35916.43,99.59,5107.48,85.56,14.4,P 2,51.62,7.43,11.42,21.54,0.65,1.56,0.57,0.87,4.34,145.57,Baik (>80%)
2021,Riau,Kab. Indragiri Hilir,460.62,168125.39,4068.95,2.42,19345,11.51,23413.95,13.93,4068.95,,2.42,P 2,65,2,2,30,,1,,,,144712.35,Sangat Kurang (<30%)
2021,Riau,Kab. Siak,191.07,69739.82,13573.25,19.46,40369,57.89,53942.25,77.35,5663.56,,8.12,P 2,39,15,10,26,1,2,2,3,2,15798.3,Cukup (60-80%)
2021,Riau,Kota Pekanbaru,967.49,353133.89,63523.07,17.99,222700.37,63.06,286223.44,81.05,63427.41,17.16,17.97,P 2,59,3,12,10,2,1,1,1,11,66910.41,Baik (>80%)
2021,Riau,Kota Dumai,161.73,59029.99,93573.73,158.52,49051.99,83.1,142625.72,241.62,91797.5,,155.51,P 2,45.75,7.25,5.67,8.45,2.75,3.75,4.15,3.65,18.58,-83594.27,
2021,Jambi,Kab. Merangin,198.75,72545.03,16863.33,23.25,35262.65,48.61,52125.98,71.85,5514.93,18578.5,33.21,P 2,40,5,11,5,30,1,5,1,2,20417.77,Cukup (60-80%)
2021,Jambi,Kab. Bungo,155.4,56722.46,11681.48,20.59,28932.67,51.01,40614.15,71.6,8600.98,7652.06,28.65,P 2,60.5,4.1,14.1,5.9,1.8,1.5,5.15,1,5.95,16106.85,Cukup (60-80%)
2021,Jambi,Kota Jambi,433.17,158106.98,34795.35,22.01,118999.31,75.27,153794.65,97.27,11183.15,,7.07,P 2,16.11,23.84,7.38,44.07,0.89,0.57,1.23,0.3,5.61,4312.4,Baik (>80%)
2021,Sumatera Selatan,Kab. Muara Enim,232.42,84833.74,16790.27,19.79,29346,34.59,46136.27,54.38,16782.42,,19.78,P 2,61.02,8.07,7.38,17.18,1.14,1.33,0.36,0.31,3.21,38697.03,Kurang (30-60%)
2021,Sumatera Selatan,Kab. Lahat,307.84,112361.75,4826.1,4.3,27740,24.69,32566.1,28.98,4826.1,,4.3,P 2,50,15,5,15,5,,,5,5,79795.5,Sangat Kurang (<30%)
2021,Sumatera Selatan,Kab. Musi Banyuasin,248.88,90842.08,19703.94,21.69,18841.3,20.74,38545.24,42.43,13317.43,,14.66,P 2,50,10,10,10,10,1,5,3,1,52295.96,Kurang (30-60%)
2021,Sumatera Selatan,Kab. Ogan Komering Ulu Timur,280.08,102228.32,4268.6,4.18,39967.5,39.1,44236.1,43.27,2002.79,,1.96,P 2,12,9,22,27,3,5,3,2,17,57993.1,Kurang (30-60%)
2021,Sumatera Selatan,Kota Palembang,1180.25,430791.65,91748.02,21.3,321390.61,74.6,413138.63,95.9,65777.38,,15.27,P 2,56.9,5.4,15.1,17.5,0.5,2.7,0.3,0.8,0.8,17652.62,Baik (>80%)
2021,Sumatera Selatan,Kota Prabumulih,97.06,35426.54,8003.83,22.59,23517.69,66.38,31521.53,88.98,7434.35,,20.99,P 2,52.5,9.8,5.6,24.6,2,1.8,0.8,1.7,1.2,3905.37,Baik (>80%)
2021,Bengkulu,Kab. Seluma,106.76,38966.12,0,0,1551.25,3.98,1551.25,3.98,,,0,P 2,45,35,7,8,4,0.5,,0.5,,37416.15,Sangat Kurang (<30%)
2021,Lampung,Kab. Tanggamus,245.98,89783.28,793.38,0.88,10220,11.38,11013.38,12.27,,,0,P 2,36.32,22.03,8.92,16.8,4.07,3.08,2.58,4.86,1.34,78769.32,Sangat Kurang (<30%)
2021,Lampung,Kab. Way Kanan,191.88,70036.49,512.59,0.73,4361.76,6.23,4874.36,6.96,334.87,419.76,1.08,P 2,0.6,0.19,0.04,0.08,0.04,0.02,0.02,0.01,0,65161.84,Sangat Kurang (<30%)
2021,Lampung,Kab. Pringsewu,162.73,59396.16,31.28,0.05,11016.57,18.55,11047.85,18.6,31.28,1225.31,2.12,P 2,33,15,5,6,15,,,3,23,48348.6,Sangat Kurang (<30%)
2021,Lampung,Kota Bandar Lampung,770.22,281129.15,47890.57,17.04,160600,57.13,208490.57,74.16,26498.92,,9.43,P 2,40.4,12.9,11.7,17.4,3.1,2.5,1.8,2.3,7.9,72639.73,Cukup (60-80%)
2021,Kepulauan Bangka Belitung,Kab. Bangka,130.51,47634.69,4285.73,9,27389.78,57.5,31675.51,66.5,2164.21,39.6,4.63,P 2,39.85,13.96,12.07,16.97,3.37,2.69,1.98,2.31,6.8,15960.64,Cukup (60-80%)
2021,Kepulauan Bangka Belitung,Kab. Belitung,72.69,26533.31,4526.77,17.06,7172.98,27.03,11699.75,44.09,4524.25,8.4,17.08,P 2,0.75,40,2,30,2.5,3,3,5,13.75,14832.1,Kurang (30-60%)
2021,Kepulauan Bangka Belitung,Kab. Bangka Selatan,80.13,29247.45,5339.98,18.26,12982.84,44.39,18322.81,62.65,2077.38,361.13,8.34,P 2,17.77,29.46,10.04,12.01,14.97,3.84,3.98,4.99,2.94,10924.64,Cukup (60-80%)
2021,Kepulauan Bangka Belitung,Kab. Bangka Tengah,81.17,29627.05,5848.23,19.74,4777.85,16.13,10626.08,35.87,327.48,,1.11,P 2,41.9,8.5,3.8,14.4,3.8,4.9,0,5.6,17.1,19000.97,Kurang (30-60%)
2021,Kepulauan Bangka Belitung,Kota Pangkal Pinang,160,58399.38,7231.18,12.38,48937.37,83.8,56168.55,96.18,22.13,0,0.04,P 2,51.9,13.6,7.2,13.5,2.2,3.1,2,1.6,4.9,2231.45,Baik (>80%)
2021,Kepulauan Riau,Kab. Bintan,55.69,20326.42,4826.98,23.75,15019.75,73.89,19846.73,97.64,901.85,,4.44,P 2,37.66,5.4,23.89,14,0.7,5.25,4.6,3,5.5,480.12,Baik (>80%)
2021,Kepulauan Riau,Kab. Karimun,181.62,66289.99,8674,13.08,31546.95,47.59,40220.95,60.67,7751.61,,11.69,P 2,23,19,24,24.5,4,2.5,1.5,1.2,0.3,26070.35,Cukup (60-80%)
2021,Kepulauan Riau,Kota Tanjung Pinang,151.69,55366.32,11812.73,21.34,32302.5,58.34,44115.23,79.68,11783.02,543.85,22.26,P 2,,,,,,,,,,11251.62,Cukup (60-80%)
2021,DKI Jakarta,Kab. Adm. Kep. Seribu,17.62,6429.48,1560.98,24.28,329.42,5.12,1890.4,29.4,1393.35,329.42,26.79,P 2,,,,,,,,,,4540.9,Sangat Kurang (<30%)
2021,DKI Jakarta,Kota Adm. Jakarta Pusat,847.39,309298.18,74607.93,24.12,233947.43,75.64,308555.36,99.76,44526.27,14542.29,19.1,P 2,,,,,,,,,,741.99,Baik (>80%)
2021,DKI Jakarta,Kota Adm. Jakarta Utara,1354.67,494454.86,119690.62,24.21,367759.4,74.38,487450.02,98.58,35913.27,,7.26,P 2,,,,,,,,,,7004.53,Baik (>80%)
2021,DKI Jakarta,Kota Adm. Jakarta Selatan,1937.54,707201.35,171622.21,24.27,532885.52,75.35,704507.73,99.62,127106.81,,17.97,P 2,,,,,,,,,,2694.37,Baik (>80%)
2021,DKI Jakarta,Kota Adm. Jakarta Timur,2293.04,836961.37,203660.91,24.33,0,0,203660.91,24.33,202196.54,,24.16,P 2,,,,,,,,,,633298.69,Sangat Kurang (<30%)
2021,Jawa Barat,Kab. Bandung,1268.33,462939.17,173379.5,37.45,115496.95,24.95,288876.45,62.4,124878.94,5996.95,28.27,P 2,,,,,,,,,,174064,Cukup (60-80%)
2021,Jawa Barat,Kab. Garut,1120.06,408821.79,30458.8,7.45,80942.4,19.8,111401.2,27.25,29871.57,,7.31,P 2,59.3,,6.3,20.5,1,2.6,,3.4,6.9,297420.7,Sangat Kurang (<30%)
2021,Jawa Barat,Kab. Ciamis,572.1,208818.25,100647.35,48.2,58473,28,159120.36,76.2,94018.49,4416.5,47.14,P 2,34.4,0.4,15,15,10.7,6.4,1.7,16.1,0.3,49696.14,Cukup (60-80%)
2021,Jawa Barat,Kab. Cirebon,1237.12,451549.6,8549.44,1.89,65700,14.55,74249.44,16.44,8532.95,,1.89,P 2,,,,,,,,,,377299.36,Sangat Kurang (<30%)
2021,Jawa Barat,Kab. Sumedang,442.36,161462.89,6469.66,4.01,0,0,6469.66,4.01,6469.66,,4.01,P 2,20,5,15,40,3,3,2,2,10,154991.74,Sangat Kurang (<30%)
2021,Jawa Barat,Kab. Indramayu,1102.62,402455.25,48430.3,12.03,195083.61,48.47,243513.9,60.51,14571.24,49.14,3.63,P 2,27,6.4,25,35.8,1,1.8,0.8,0.7,1.5,158942.4,Cukup (60-80%)
2021,Jawa Barat,Kota Bogor,673.76,245922.33,49345.57,20.07,186844.17,75.98,236189.74,96.04,679.42,2884.17,1.45,P 2,40,14,20,15,1,2.5,0.5,1,6,9732.66,Baik (>80%)
2021,Jawa Barat,Kota Sukabumi,180.26,65795.65,15460.02,23.5,49221.92,74.81,64681.95,98.31,3258.07,1.64,4.95,P 2,59.35,,9.08,12.61,0.42,0.9,,0.6,17.04,1112.95,Baik (>80%)
2021,Jawa Barat,Kota Bandung,1592.55,581280.03,50396.23,8.67,468669.03,80.63,519065.25,89.3,50301.33,1665.74,8.94,P 2,44.52,3.98,13.12,16.7,0.9,4.75,2.38,1.97,11.68,62215.5,Baik (>80%)
2021,Jawa Barat,Kota Cirebon,204.47,74631.55,6926.59,9.28,53563.75,71.77,60490.34,81.05,23.69,0,0.03,P 2,49.22,11.76,5.56,19.01,0.71,1.76,0.58,1.43,9.97,14141.21,Baik (>80%)
2021,Jawa Barat,Kota Bekasi,2375.99,867236.75,3740.4,0.43,438190.53,50.53,441930.93,50.96,97.19,190.53,0.03,P 2,65.2,7.2,4.2,15.6,0.2,6.3,0.5,0.5,0.3,425305.42,Kurang (30-60%)
2021,Jawa Barat,Kota Depok,1314.14,479660.75,75957.22,15.84,387195.16,80.72,463152.38,96.56,67332.27,24385.16,19.12,P 2,62.95,0.57,6.1,21.36,0.14,0.57,0.5,0.57,7.24,16508.72,Baik (>80%)
2021,Jawa Barat,Kota Cimahi,274.77,100289.42,17177.75,17.13,77092.38,76.87,94270.14,94,16875.17,,16.83,P 2,,50.6,8.6,15.6,3.1,5.3,,3,13.8,6020.91,Baik (>80%)
2021,Jawa Tengah,Kab. Cilacap,943.59,344409.04,46495.24,13.5,224049.15,65.05,270544.39,78.55,759.04,145778.55,42.55,P 2,57.67,10.63,9.71,16.42,1.33,1.25,0.51,0.65,1.83,73865.96,Cukup (60-80%)
2021,Jawa Tengah,Kab. Banyumas,535.23,195357.75,128388.43,65.72,63106.24,32.3,191494.67,98.02,23549.42,4706.24,14.46,P 2,36,6,6,30,9,5,3,5,,3864.28,Baik (>80%)
2021,Jawa Tengah,Kab. Purbalingga,505.71,184585.06,1920.78,1.04,39785,21.55,41705.78,22.59,,,0,P 2,60.51,2.2,8.91,18.35,0.71,2.34,5.18,0.88,0.92,142878.37,Sangat Kurang (<30%)
2021,Jawa Tengah,Kab. Purworejo,288.82,105420.18,26857.05,25.48,20493.57,19.44,47350.63,44.92,24447.38,3546.62,26.55,P 2,3,67,6,9,4,0.5,0.3,1,8.2,58068.67,Kurang (30-60%)
2021,Jawa Tengah,Kab. Wonosobo,363,132496.46,27541.04,20.79,37230,28.1,64771.04,48.89,4121.54,,3.11,P 2,,,,,,,,,,67723.96,Kurang (30-60%)
2021,Jawa Tengah,Kab. Magelang,681.65,248800.43,16331.42,6.56,25212.45,10.13,41543.87,16.7,16331.42,31.11,6.58,P 2,37.8,3.9,26.2,17.9,1.3,1.1,0.8,2.4,8.6,207258.38,Sangat Kurang (<30%)
2021,Jawa Tengah,Kab. Boyolali,290.85,106159.34,26628.17,25.08,31410.44,29.59,58038.61,54.67,26608.92,542.39,25.58,P 2,,,,,,,,,,48121.64,Kurang (30-60%)
2021,Jawa Tengah,Kab. Klaten,590.3,215458.83,56823.2,26.37,34327.79,15.93,91150.99,42.31,24995.38,1076.29,12.1,P 2,67.42,3.82,10.46,15.05,0.1,0.42,0.08,0.65,2,124308.51,Kurang (30-60%)
2021,Jawa Tengah,Kab. Sukoharjo,359.45,131200.56,19069.76,14.53,67210.37,51.23,86280.14,65.76,15479.66,13.87,11.81,P 2,62.4,1.88,8.01,15.93,1.68,1.98,1.82,1.27,5.03,44919.11,Cukup (60-80%)
2021,Jawa Tengah,Kab. Wonogiri,439.37,160369.61,46107.16,28.75,18066.22,11.27,64173.38,40.02,46048.36,39.24,28.74,P 2,25,10,20,25,5,5,2.5,5,2.5,96196.67,Kurang (30-60%)
2021,Jawa Tengah,Kab. Karanganyar,361.84,132071.89,4322.56,3.27,27375,20.73,31697.56,24,7.07,,0.01,P 2,63,2,5,20,1,2,2,3,2,100374.04,Sangat Kurang (<30%)
2021,Jawa Tengah,Kab. Sragen,586.17,213952.27,49273.49,23.03,103043.15,48.16,152316.64,71.19,12847.4,30955.65,20.47,P 2,74.7,0.8,8.4,11.3,0.5,1.9,0.3,1.8,0.3,61635.41,Cukup (60-80%)
2021,Jawa Tengah,Kab. Blora,226.85,82801.58,20063.68,24.23,61320,74.06,81383.68,98.29,2712.88,,3.28,P 2,20,5,18,40,10,2,2,2.5,0.5,1416.57,Baik (>80%)
2021,Jawa Tengah,Kab. Rembang,245.66,89666.36,14623.39,16.31,13292.21,14.82,27915.6,31.13,14214.37,79.21,15.94,P 2,38.12,1.59,13.38,34.45,0.93,1.88,0.77,1.33,7.55,61750.3,Kurang (30-60%)
2021,Jawa Tengah,Kab. Pati,662.09,241664.31,60077.95,24.86,44365.75,18.36,104443.7,43.22,4259.85,779.28,2.09,P 2,,,,,,,,,,137219.15,Kurang (30-60%)
2021,Jawa Tengah,Kab. Jepara,400.08,146028.4,16626.31,11.39,58968.3,40.38,75594.62,51.77,7744.58,769.06,5.83,P 2,32.24,22.75,10.86,21.7,0.78,2.12,0.53,1.68,7.34,70434.58,Kurang (30-60%)
2021,Jawa Tengah,Kab. Demak,722.37,263666.36,15826.4,6,113872.7,43.19,129699.1,49.19,15826.4,,6,P 2,32.3,20.76,9.06,23.07,0.6,1.77,0.44,1.23,10.77,133965.95,Kurang (30-60%)
2021,Jawa Tengah,Kab. Semarang,526.55,192189,23281.18,12.11,71211.5,37.05,94492.68,49.17,10119.28,36.5,5.28,P 2,3,9,23,30,4,4,2,5,20,97698.07,Kurang (30-60%)
2021,Jawa Tengah,Kab. Temanggung,500.17,182562.96,18306.91,10.03,40111.63,21.97,58418.55,32,50.62,1887.63,1.06,P 2,37.97,22.81,11.09,14.91,2.31,2.39,1.18,2.46,4.88,124143.5,Kurang (30-60%)
2021,Jawa Tengah,Kab. Batang,324.16,118317.38,4839.77,4.09,33455.9,28.28,38295.68,32.37,0.9,,0,P 2,28,13,13,16,7,6,3,6,8,80022.72,Kurang (30-60%)
2021,Jawa Tengah,Kab. Pekalongan,387.53,141447.87,13618.69,9.63,50917.5,36,64536.19,45.63,4857.42,,3.43,P 2,2,6,7,9,1,3,1,,71,76912.26,Kurang (30-60%)
2021,Jawa Tengah,Kab. Pemalang,588.6,214837.39,51628.34,24.03,120961,56.3,172589.34,80.33,25810.44,511,12.25,P 2,,,,,,,,,,42249.66,Baik (>80%)
2021,Jawa Tengah,Kab. Tegal,670.74,244819.49,42235.39,17.25,155928,63.69,198163.4,80.94,28371.68,,11.59,P 2,20,16,18,33,3,2,2,1,5,46656.7,Baik (>80%)
2021,Jawa Tengah,Kab. Brebes,983.19,358865.26,12774.4,3.56,50767.85,14.15,63542.25,17.71,,,0,P 2,2,80,2,11,1,1,1,1,1,295322.1,Sangat Kurang (<30%)
2021,Jawa Tengah,Kota Magelang,80.68,29447.93,2310.92,7.85,23308.65,79.15,25619.56,87,2300.73,111.95,8.19,P 2,33.7,13.3,18.8,21.5,0.8,1.8,0.5,3.7,5.9,3828.64,Baik (>80%)
2021,Jawa Tengah,Kota Salatiga,112.24,40969.24,7262.4,17.73,29509.52,72.03,36771.92,89.75,7158.5,105.12,17.73,P 2,,,,,,,,,,4195.68,Baik (>80%)
2021,Jawa Tengah,Kota Semarang,1180.14,430749.75,101951.98,23.67,319718.1,74.22,421670.08,97.89,25459.75,343.1,5.99,P 2,60.79,,10.18,17.2,1.22,4.94,1,1.79,2.88,9081.02,Baik (>80%)
2021,Jawa Tengah,Kota Tegal,201.57,73573.52,4107.3,5.58,56173.5,76.35,60280.8,81.93,625.78,,0.85,P 2,54,11,8.5,14,1,7,2,2,0.5,13292.25,Baik (>80%)
2021,Daerah Istimewa Yogyakarta,Kab. Kulon Progo,177.14,64654.35,0,0,0,0,,,,,,,67.18,,12.6,17.22,1.68,0.21,,1.11,,,Sangat Kurang (<30%)
2021,Daerah Istimewa Yogyakarta,Kab. Sleman,735.57,268481.59,0,0,0,0,,,,,,,,,,,,,,,,,Sangat Kurang (<30%)
2021,Daerah Istimewa Yogyakarta,Kota Yogyakarta,327.4,119501.69,0,0,0,0,,,,,,,50.21,10.91,6.18,10.79,2.12,0.68,0.13,10.66,8.32,,Sangat Kurang (<30%)
2021,Jawa Timur,Kab. Pacitan,286.73,104654.83,11399.45,10.89,12719.52,12.15,24118.97,23.05,11390.74,686.2,11.54,P 2,68.4,2.9,8.3,17,0.5,0.2,0.2,0.5,2,80537.48,Sangat Kurang (<30%)
2021,Jawa Timur,Kab. Ponorogo,387.78,141540.58,28568.13,20.18,84671.97,59.82,113240.1,80.01,28089.79,721.97,20.36,P 2,44.76,0.36,16.53,21.89,0.48,6.61,1.43,0.6,7.34,28299.6,Baik (>80%)
2021,Jawa Timur,Kab. Trenggalek,293.96,107293.65,20833.79,19.42,55115,51.37,75948.79,70.79,7675.54,,7.15,P 2,,,,,,,,,,31346.61,Cukup (60-80%)
2021,Jawa Timur,Kab. Tulungagung,548.3,200127.68,33345.42,16.66,51100,25.53,84445.42,42.2,32972.22,10950,21.95,P 2,48,16,7,6.5,9,6.7,2.5,2,2.3,115684.08,Kurang (30-60%)
2021,Jawa Timur,Kab. Blitar,409.93,149623.83,57121.29,38.18,54977.76,36.74,112099.05,74.92,3378.07,366.46,2.5,P 2,70.85,1,12.45,7.5,0.9,1.94,0.52,0.92,3.92,37525.4,Cukup (60-80%)
2021,Jawa Timur,Kab. Kediri,533.82,194845.76,12411.85,6.37,37157,19.07,49568.85,25.44,11317.21,657,6.15,P 2,46.4,22.47,4.28,11.31,0.2,2.02,0.63,4.75,7.94,145275.45,Sangat Kurang (<30%)
2021,Jawa Timur,Kab. Lumajang,501.5,183048.96,35446.5,19.36,63897.9,34.91,99344.4,54.27,18729.95,278.4,10.38,P 2,40.25,17.35,10.65,17.8,1.15,3.25,1.45,1.5,6.6,83703.1,Kurang (30-60%)
2021,Jawa Timur,Kab. Banyuwangi,1252.87,457297.22,75845.36,16.59,149880.69,32.78,225726.05,49.36,26278.86,44370.14,15.45,P 2,3.12,0.84,18.98,21.78,0.94,1.52,0.57,2.55,49.7,231571.5,Kurang (30-60%)
2021,Jawa Timur,Kab. Situbondo,257.17,93865.59,15952.99,17,58546,62.37,74498.99,79.37,4455.1,9271,14.62,P 2,,,,,,,,,,19368.06,Cukup (60-80%)
2021,Jawa Timur,Kab. Jombang,530.37,193583.44,25512.53,13.18,45205.25,23.35,70717.78,36.53,25254.76,584,13.35,P 2,48.85,7.27,7.93,12.5,1.24,2.71,1.33,1.24,16.93,122867.27,Kurang (30-60%)
2021,Jawa Timur,Kab. Nganjuk,443.87,162013.72,36411.35,22.47,45150.5,27.87,81561.85,50.34,32639.42,17775.5,31.12,P 2,61.5,2,13.1,12.3,6,1,1,1,2.1,80450.7,Kurang (30-60%)
2021,Jawa Timur,Kab. Magetan,268.32,97938.55,17602.76,17.97,13505.87,13.79,31108.63,31.76,14653.58,0.87,14.96,P 2,25,25,8,20,1.5,2,1.8,1.3,15.4,66828.17,Kurang (30-60%)
2021,Jawa Timur,Kab. Ngawi,356.72,130204.03,28371.26,21.79,28137.56,21.61,56508.82,43.4,9539.28,2204.31,9.02,P 2,38.3,3.8,10.4,30.6,2.4,2.3,3.7,3.5,5,73693.98,Kurang (30-60%)
2021,Jawa Timur,Kab. Bojonegoro,536.5,195823.81,25176.93,12.86,34576.82,17.66,59753.75,30.51,17021.13,467.57,8.93,P 2,,,,,,,,,,136068.75,Kurang (30-60%)
2021,Jawa Timur,Kab. Tuban,503.17,183655.24,47069.62,25.63,50273.28,27.37,97342.9,53,22523.29,998.28,12.81,P 2,58.52,15.32,5.78,11.02,0.17,1.62,0.1,1.33,6.14,86314.15,Kurang (30-60%)
2021,Jawa Timur,Kab. Lamongan,221.94,81008.1,10403.74,12.84,23725,29.29,34128.74,42.13,9959.33,,12.29,P 2,30,12,9,18,8,2,2,1,18,46879.36,Kurang (30-60%)
2021,Jawa Timur,Kab. Pamekasan,276.6,100957.25,37636.4,37.28,13010.78,12.89,50647.18,50.17,27625.83,43.65,27.41,P 2,55,4,7,13,3,5,2,2,9,50311.82,Kurang (30-60%)
2021,Jawa Timur,Kab. Sumenep,367.44,134116.61,9721.87,7.25,9988.15,7.45,19710.02,14.7,6409.1,339.01,5.03,P 2,58.62,1.08,20.83,17.33,,0.91,0.26,0.57,0.4,114405.58,Sangat Kurang (<30%)
2021,Jawa Timur,Kota Kediri,169.35,61812.13,8394.5,13.58,50309.05,81.39,58703.55,94.97,2681.08,669.05,5.42,P 2,54.2,7.7,12.4,14.5,4.7,2.2,1.4,0.8,2.1,3109.2,Baik (>80%)
2021,Jawa Timur,Kota Blitar,75.19,27442.53,3334.65,12.15,23473.01,85.54,26807.66,97.69,3210.32,1863.55,18.49,P 2,53,13.6,5.2,9.1,0.8,2.9,3,3.4,9,636.69,Baik (>80%)
2021,Jawa Timur,Kota Malang,677.78,247388.97,59667.99,24.12,182908.98,73.94,242576.97,98.05,59577.48,5591.99,26.34,P 2,,,,,,,,,,4812.73,Baik (>80%)
2021,Jawa Timur,Kota Probolinggo,96.57,35247.76,4502.33,12.77,25578.84,72.57,30081.17,85.34,3215.75,28.47,9.2,P 2,60.98,3.68,10.56,19.87,0.82,0.78,0.93,0.96,1.42,5166.88,Baik (>80%)
2021,Jawa Timur,Kota Pasuruan,135.2,49349.42,12989.85,26.32,35718.9,72.38,48708.75,98.7,12989.85,,26.32,P 2,10.11,6.4,1.35,6.06,0.07,0.67,0.07,0.13,75.14,639.25,Baik (>80%)
2021,Jawa Timur,Kota Madiun,119.71,43695.25,11017.88,25.22,31815.15,72.81,42833.04,98.03,4525.32,315.65,11.08,P 2,81,1.5,7.9,4,2.5,0.9,0.9,0.8,0.5,861.11,Baik (>80%)
2021,Jawa Timur,Kota Surabaya,1782.51,650614.62,31375.05,4.82,611287.7,93.96,642662.75,98.78,8808.58,32551.91,6.36,P 2,,,,,,,,,,7953.4,Baik (>80%)
2021,Jawa Timur,Kota Batu,114.42,41762.47,4864.03,11.65,35770,85.65,40634.03,97.3,4770.79,,11.42,P 2,4,2,6,4,1,,,1,,1129.27,Baik (>80%)
2021,Banten,Kab. Serang,1163.84,424801.97,62.88,0.01,35558.3,8.37,35621.18,8.39,62.88,,0.01,P 2,63.01,,9.13,20.02,1,2,,0.28,4.56,389180.42,Sangat Kurang (<30%)
2021,Banten,Kota Cilegon,217.45,79368.52,471.84,0.59,59403.75,74.85,59875.59,75.44,471.84,,0.59,P 2,,,,,,,,,,19493.66,Cukup (60-80%)
2021,Banten,Kota Tangerang Selatan,799.07,291659.27,71377.62,24.47,184036.2,63.1,255413.81,87.57,51123.95,1893.9,18.18,P 2,,,,,,,,,,36246.74,Baik (>80%)
2021,Bali,Kab. Jembrana,162.73,59395.72,12312.17,20.73,18720.85,31.52,31033.02,52.25,11312.64,,19.05,P 2,11.22,30.88,11.1,22.1,2.1,7,7,2.7,5.9,28363.43,Kurang (30-60%)
2021,Bali,Kab. Tabanan,230.82,84247.48,10719.01,12.72,61382.42,72.86,72101.43,85.58,7434.01,2982.42,12.36,P 2,5,39,37,42,,,,,,12147.87,Baik (>80%)
2021,Bali,Kab. Badung,319.81,116731.24,13260.89,11.36,94827.5,81.24,108088.39,92.6,12597.68,1369.25,11.97,P 2,16,33.9,11.1,28.4,2.6,2.1,0.67,0.9,4.33,8642.26,Baik (>80%)
2021,Bali,Kab. Gianyar,387.23,141337.13,20502.34,14.51,103660,73.34,124162.34,87.85,19914.69,,14.09,P 2,,58.73,10.89,17.08,3.15,0.76,0.74,,8.65,17176.61,Baik (>80%)
2021,Bali,Kab. Bangli,110.9,40479.96,7218.55,17.83,21741.71,53.71,28960.26,71.54,3551.24,492.02,9.99,P 2,12,70,2,3.8,1.5,0.4,0.5,0.8,9,11518.24,Cukup (60-80%)
2021,Bali,Kab. Buleleng,339.1,123771.5,27771.5,22.44,53167.36,42.96,80938.86,65.39,24920.4,1567.31,21.4,P 2,2.99,62.57,5.63,10.18,2.82,5.33,4.55,3.33,2.6,42832.64,Cukup (60-80%)
2021,Bali,Kota Denpasar,957.59,349519.44,41708.19,11.93,284152.5,81.3,325860.69,93.23,,,0,P 2,29.3,33.9,6.9,13.7,0.8,0.7,0.3,2.1,12.3,23659.66,Baik (>80%)
2021,Nusa Tenggara Barat,Kab. Lombok Timur,483.44,176454.72,11026.19,6.25,55424.52,31.41,66450.71,37.66,1538.55,309.52,1.05,P 2,36,23,3.5,19,7,4,3,4,0.5,110004.89,Kurang (30-60%)
2021,Nusa Tenggara Barat,Kab. Sumbawa,259.46,94704.18,529.22,0.56,31525.05,33.29,32054.27,33.85,529.22,,0.56,P 2,38.21,8.18,12.19,20.34,2.36,0.51,0.68,4.28,13.25,62648.63,Kurang (30-60%)
2021,Nusa Tenggara Barat,Kota Mataram,263.98,96354.09,9515.74,9.88,85224.03,88.45,94739.77,98.32,9096.7,23.9,9.47,P 2,64,6,7,9,6,2,2,2,2,1612.93,Baik (>80%)
2021,Nusa Tenggara Timur,Kab. Alor,116.53,42533.3,0,0,15056.25,35.4,15056.25,35.4,,,0,P 2,,,,,,,,,,27477.2,Kurang (30-60%)
2021,Nusa Tenggara Timur,Kab. Manggarai Barat,82.18,29995.84,536.86,1.79,5950.08,19.84,6486.94,21.63,536.86,110.08,2.16,P 2,34.79,17,23.31,11.1,2.65,3.27,1.35,2.97,3.56,23508.76,Sangat Kurang (<30%)
2021,Nusa Tenggara Timur,Kota Kupang,221.38,80803.34,1182.61,1.46,54383.93,67.3,55566.54,68.77,1137.87,,1.41,P 2,28.5,16.5,14,20.5,5,3,1.5,2.5,8.5,25237.16,Cukup (60-80%)
2021,Kalimantan Barat,Kab. Sambas,277.38,101244.25,3672.06,3.63,22644.6,22.37,26316.66,25.99,3581.37,,3.54,P 2,40,5.6,14.2,25,0.3,1,0.9,2,11,74927.04,Sangat Kurang (<30%)
2021,Kalimantan Barat,Kab. Mempawah,82.24,30015.96,39.08,0.13,8778.25,29.25,8817.33,29.38,1.08,,0,P 2,,,,,,,,,,21200.27,Sangat Kurang (<30%)
2021,Kalimantan Barat,Kab. Sanggau,242.41,88479.29,30.2,0.03,16443.25,18.58,16473.45,18.62,5.38,,0.01,P 2,56.21,13.61,4.73,7.1,,,,2.96,15.39,72006.2,Sangat Kurang (<30%)
2021,Kalimantan Barat,Kab. Melawi,83.63,30524.07,1549.24,5.08,11924.55,39.07,13473.79,44.14,,,0,P 2,,,,,,,,,,17051.16,Kurang (30-60%)
2021,Kalimantan Barat,Kota Pontianak,396.3,144651.25,32784.28,22.66,109849.88,75.94,142634.16,98.61,25777.41,349.88,18.06,P 2,,,,,,,,,,2015.34,Baik (>80%)
2021,Kalimantan Barat,Kota Singkawang,117.53,42899.18,4049.77,9.44,17965.26,41.88,22015.04,51.32,2570.76,1109.76,8.58,P 2,,,,,,,,,,20883.41,Kurang (30-60%)
2021,Kalimantan Tengah,Kab. Kapuas,205.2,74898,13404.53,17.9,8782.74,11.73,22187.27,29.62,1505.25,22.74,2.04,P 2,30,22,18,20,6,,,,4,52710.73,Sangat Kurang (<30%)
2021,Kalimantan Tengah,Kab. Barito Utara,63.37,23129.61,4745.94,20.52,16103.8,69.62,20849.74,90.14,1461.01,43.8,6.51,P 2,30,12,14,20,5,5,2,2,10,2280.31,Baik (>80%)
2021,Kalimantan Tengah,Kab. Seruyan,81.46,29731.08,3.65,0.01,4336.2,14.58,4339.85,14.6,3.65,0,0.01,P 2,30,15,10.5,25,2,1.5,5,2.5,8.5,25393.05,Sangat Kurang (<30%)
2021,Kalimantan Tengah,Kab. Gunung Mas,101.55,37065.75,14382.18,38.8,2846.27,7.68,17228.45,46.48,,,0,P 2,20,10,15,50,1,0.5,2,1,0.5,19837.3,Kurang (30-60%)
2021,Kalimantan Tengah,Kab. Pulang Pisau,67.25,24546.07,0.1,0,0,0,0.1,0,,,0,P 2,23.51,26.74,13.31,25.13,3.19,2.41,0.83,1.79,3.09,24546.15,Sangat Kurang (<30%)
2021,Kalimantan Tengah,Kab. Barito Timur,46.51,16977.76,54.35,0.32,3737.6,22.01,3791.95,22.33,54.35,,0.32,P 2,32,9,7,37,1,5,6.5,1.2,1.3,13184.2,Sangat Kurang (<30%)
2021,Kalimantan Tengah,Kota Palangkaraya,147.92,53990.25,12985.72,24.05,40130.47,74.33,53116.19,98.38,11021.73,427.96,21.21,P 2,42.04,4.33,8.54,19.49,1.28,2.36,2.18,2.04,17.73,874.61,Baik (>80%)
2021,Kalimantan Selatan,Kab. Tanah Laut,141.74,51733.64,9800.16,18.94,28471.83,55.04,38271.99,73.98,230.82,1.83,0.45,P 2,40,20,10,14,3,4,5,2,2,13463.11,Cukup (60-80%)
2021,Kalimantan Selatan,Kab. Kotabaru,130.25,47540.81,908.85,1.91,34156.7,71.85,35065.55,73.76,0,,0,P 2,34,13,27,11,1,1,0.2,1,11.8,12475.7,Cukup (60-80%)
2021,Kalimantan Selatan,Kab. Banjar,407.66,148795.8,21686.08,14.57,104809.75,70.44,126495.83,85.01,385.04,54.75,0.3,P 2,,,,,,,,,,22300.07,Baik (>80%)
2021,Kalimantan Selatan,Kab. Barito Kuala,94.96,34660.04,8214.82,23.7,17702.5,51.07,25917.32,74.78,6220.73,1825,23.21,P 2,59.5,9.5,10.5,12,3.1,1.9,0.5,2,1,8743.08,Cukup (60-80%)
2021,Kalimantan Selatan,Kab. Tapin,80.49,29379.14,4922.57,16.76,16276.08,55.4,21198.65,72.16,4776.59,398.58,17.62,P 2,50.24,3.58,10.5,33.4,0.48,0.88,0.15,0.12,0.64,8180.2,Cukup (60-80%)
2021,Kalimantan Selatan,Kab. Hulu Sungai Selatan,96.01,35042.92,7425.91,21.19,18291.97,52.2,25717.89,73.39,1830.91,2454.63,12.23,P 2,55.18,1.48,13.13,25.35,2.9,0.46,0.9,0.4,0.2,9325.76,Cukup (60-80%)
2021,Kalimantan Selatan,Kab. Hulu Sungai Tengah,103.49,37773.27,6814.21,18.04,20516.06,54.31,27330.26,72.35,6814.21,137.74,18.4,P 2,40.04,1.4,4.05,24.91,3.63,1.05,1.24,1.47,22.21,10443.59,Cukup (60-80%)
2021,Kalimantan Selatan,Kab. Hulu Sungai Utara,96.66,35280.75,9404.56,26.66,25147.4,71.28,34551.97,97.93,3540.88,367.56,11.08,P 2,50.63,9.21,9.83,13.78,0.85,0.65,1.09,7.8,6.16,728.93,Baik (>80%)
2021,Kalimantan Selatan,Kab. Tabalong,101.32,36982.53,5538.73,14.98,21918.25,59.27,27456.98,74.24,3214.37,,8.69,P 2,36,2,17,24,1,3,,3,14,9524.82,Cukup (60-80%)
2021,Kalimantan Selatan,Kab. Tanah Bumbu,164.35,59986.29,5517.15,9.2,43447.05,72.43,48964.19,81.63,3904.99,,6.51,P 2,,,,,,,,,,11023.56,Baik (>80%)
2021,Kalimantan Selatan,Kab. Balangan,56,20440.98,2921.87,14.29,14517.88,71.02,17439.75,85.32,866.88,209.88,5.27,P 2,57.46,10.24,10.95,14.62,2.06,1.67,0.72,1.2,1.08,3000.25,Baik (>80%)
2021,Kalimantan Selatan,Kota Banjarmasin,506.45,184856.04,45477,24.6,137495.5,74.38,182972.5,98.98,4748.65,985.5,3.1,P 2,55.89,0.64,9.39,12.77,1.36,14.93,1.63,2.71,0.68,1881.75,Baik (>80%)
2021,Kalimantan Selatan,Kota Banjarbaru,164.71,60120.18,13274.12,22.08,46079.89,76.65,59354.02,98.73,10055.79,454.9,17.48,P 2,48.3,4.2,16,23.7,0.5,0.3,0.4,0.1,6.5,765.13,Baik (>80%)
2021,Kalimantan Timur,Kab. Paser,115.29,42080.85,4422.22,10.51,25528,60.66,29950.23,71.17,2692.38,80.2,6.59,P 2,54.99,0.22,10.2,13.64,1.38,13.56,1.2,3.52,1.29,12130.62,Cukup (60-80%)
2021,Kalimantan Timur,Kab. Kutai Kartanegara,222.59,81243.53,11244.23,13.84,56433.96,69.46,67678.2,83.3,3207.03,87.6,4.06,P 2,73.92,0.98,10.43,7.86,2.04,1.57,0.55,1.75,0.9,13567.15,Baik (>80%)
2021,Kalimantan Timur,Kab. Kutai Timur,212.22,77461.58,15598.7,20.14,54817.31,70.77,70416.01,90.9,1150.26,67.31,1.57,P 2,43,20,7,22,2,1,2,2,1,7044.29,Baik (>80%)
2021,Kalimantan Timur,Kab. Penajam Paser Utara,92.51,33766.52,7539.89,22.33,20645.75,61.14,28185.64,83.47,1457.59,315.25,5.25,P 2,46.13,1.09,20.87,29.83,0.22,0.02,0.67,0.83,0.34,5580.51,Baik (>80%)
2021,Kalimantan Timur,Kota Balikpapan,497.21,181479.86,43788.93,24.13,135830.73,74.85,179619.65,98.97,30815.7,543.48,17.28,P 2,42.3,6.36,10.26,7.2,3.87,2.94,0.98,6.56,19.53,1862,Baik (>80%)
2021,Kalimantan Timur,Kota Samarinda,581.85,212376.71,33608.66,15.83,172103.99,81.04,205712.65,96.86,30228.05,754.73,14.59,P 2,53.39,7,17,19.9,0.65,0.62,0.06,0.92,0.46,6662.6,Baik (>80%)
2021,Kalimantan Timur,Kota Bontang,103.82,37894.33,7691.11,20.3,30069.06,79.35,37760.17,99.65,7257.1,182.87,19.63,P 2,44.12,6,27.5,18,2.1,0.03,0.25,1.05,0.95,134.13,Baik (>80%)
2021,Kalimantan Utara,Kab. Nunukan,41.81,15260.25,3291.46,21.57,7702.91,50.48,10994.36,72.05,1563.03,2262.72,25.07,P 2,46.4,8.2,23.4,21.3,0.2,0.2,0.1,0.1,0.1,4266.29,Cukup (60-80%)
2021,Kalimantan Utara,Kab. Tana Tidung,13.24,4832.89,11.4,0.24,3562.4,73.71,3573.8,73.95,0,,0,P 2,,,,,,,,,,1258.8,Cukup (60-80%)
2021,Sulawesi Utara,Kab. Kepulauan Sangihe,55.7,20332.25,1074.93,5.29,11442.75,56.28,12517.68,61.57,,,0,P 2,51.1,4.89,5.2,26,0.4,3.3,0.5,2,6.61,7812.82,Cukup (60-80%)
2021,Sulawesi Utara,Kab. Minahasa Selatan,94.59,34523.6,6715.13,19.45,8760,25.37,15475.13,44.82,671.01,,1.94,P 2,20,12,12,36,4,4,5,2,5,19050.22,Kurang (30-60%)
2021,Sulawesi Utara,Kab. Minahasa Tenggara,45.37,16559.47,3658.57,22.09,7973.42,48.15,11631.99,70.24,655.25,16.43,4.06,P 2,36.08,9.68,12.16,11.04,4.28,4.26,3.24,5.14,14.12,4928.06,Cukup (60-80%)
2021,Sulawesi Utara,Kab. Bolaang Mongondow Utara,41.56,15167.94,401.5,2.65,3650,24.06,4051.5,26.71,,,0,P 2,2,15,1,8,0.5,1,0.3,0.5,71.7,11117.9,Sangat Kurang (<30%)
2021,Sulawesi Utara,Kab. Bolaang Mongondow Selatan,34.9,12736.86,711.98,5.59,1496.5,11.75,2208.48,17.34,,,0,P 2,20,10,10,25,5,12,10,5,3,10530.02,Sangat Kurang (<30%)
2021,Sulawesi Utara,Kota Manado,339.89,124059.81,17618.31,14.2,89790,72.38,107408.31,86.58,13.35,,0.01,P 2,47.7,1.14,18.66,19.48,0.26,1.54,1.49,1.85,7.88,16651.54,Baik (>80%)
2021,Sulawesi Utara,Kota Bitung,158.56,57874.58,1219.17,2.11,41281.5,71.33,42500.67,73.44,40.52,36.5,0.13,P 2,48.2,2.05,18.03,19.07,0.36,1.48,1.37,1.83,7.61,15373.73,Cukup (60-80%)
2021,Sulawesi Utara,Kota Kotamobagu,86.63,31620.68,4857.04,15.36,22588.02,71.43,27445.06,86.79,2633.48,147.83,8.8,P 2,53.5,5,11.8,8.5,5.7,3.6,2.6,2.8,6.5,4174.89,Baik (>80%)
2021,Sulawesi Tengah,Kab. Donggala,121.64,44400.06,1509.82,3.4,2964.17,6.68,4473.98,10.08,925.12,7.67,2.1,P 2,35,10,20,13,6,3,3,3,7,39924.62,Sangat Kurang (<30%)
2021,Sulawesi Tengah,Kab. Parigi Moutong,225.59,82341.99,785.79,0.95,6022.52,7.31,6808.31,8.27,351.86,0.02,0.43,P 2,,,,,,,,,,75532.04,Sangat Kurang (<30%)
2021,Sulawesi Tengah,Kab. Sigi,128.79,47008.35,1937.2,4.12,10117.8,21.52,12055,25.64,20.73,,0.04,P 2,,,,,,,,,0,34953.35,Sangat Kurang (<30%)
2021,Sulawesi Tengah,Kab. Banggai Laut,35.44,12933.78,122.4,0.95,4215.75,32.59,4338.15,33.54,,,0,P 2,,,,,,,,,,8597.45,Kurang (30-60%)
2021,Sulawesi Tengah,Kota Palu,186.93,68228.9,4926.41,7.22,58400,85.59,63326.41,92.81,0,,0,P 2,,,,,,,,,,4903.04,Baik (>80%)
2021,Sulawesi Selatan,Kab. Kepulauan Selayar,56.13,20488.47,1169.4,5.71,8212.5,40.08,9381.9,45.79,923.38,,4.51,P 2,,,,,,,,,,11105.55,Kurang (30-60%)
2021,Sulawesi Selatan,Kab. Bulukumba,173.94,63488.39,18021.6,28.39,44604.82,70.26,62626.42,98.64,1781.98,292,3.27,P 2,15,10,25,20,5,5,5,5,10,861.68,Baik (>80%)
2021,Sulawesi Selatan,Kab. Bantaeng,80.68,29446.45,5943.54,20.18,10665.72,36.22,16609.26,56.4,5625.21,544.27,20.95,P 2,30.13,27.5,11,14,1.24,3,2,1.13,10,12838.94,Kurang (30-60%)
2021,Sulawesi Selatan,Kab. Jeneponto,160.64,58635.06,4006.77,6.83,19543.38,33.33,23550.15,40.16,1605.31,61.5,2.84,P 2,27,18,10,18,6,1.5,5,1.5,13,35083.45,Kurang (30-60%)
2021,Sulawesi Selatan,Kab. Sinjai,108.31,39534.76,8559.21,21.65,30222,76.44,38781.21,98.09,6565.72,,16.61,P 2,31.5,13,31.09,14.68,8.2,0.87,0.44,0.08,0.14,751.94,Baik (>80%)
2021,Sulawesi Selatan,Kab. Bone,403.38,147231.88,22130.57,15.03,71905,48.84,94035.57,63.87,20187.53,,13.71,P 2,73.2,0.5,10.1,8.7,3.1,0.3,1.1,1.1,1.9,53198.13,Cukup (60-80%)
2021,Sulawesi Selatan,Kab. Maros,158.77,57950.9,12112.09,20.9,29218.25,50.42,41330.34,71.32,3242.55,18.25,5.63,P 2,73.98,7.9,3.18,7.86,2.21,0.57,0.55,0.25,3.5,16620.71,Cukup (60-80%)
2021,Sulawesi Selatan,Kab. Pangkajene dan Kepulauan,138.31,50483.15,0,0,0,0,,,,,,,63.13,10.83,8.99,7.29,6.5,0.72,0.19,1.55,0.8,,Sangat Kurang (<30%)
2021,Sulawesi Selatan,Kab. Barru,75.95,27722.04,3236.28,11.67,13220.92,47.69,16457.19,59.37,2624.36,0.62,9.47,P 2,57,12.5,6,15,2.5,1,1,1,4,11264.56,Kurang (30-60%)
2021,Sulawesi Selatan,Kab. Soppeng,95.09,34707.12,3249.71,9.36,22985.15,66.23,26234.85,75.59,2573.18,99.65,7.7,P 2,,,,,,,,,,8473,Cukup (60-80%)
2021,Sulawesi Selatan,Kab. Wajo,151.64,55348.6,851.01,1.54,27.85,0.05,878.86,1.59,0,27.85,0.05,P 2,41.03,17.34,7.2,17.02,2.1,3.9,6.4,2.9,2.11,54469.74,Sangat Kurang (<30%)
2021,Sulawesi Selatan,Kab. Sidenreng Rappang,128,46718.54,9086.15,19.45,25921.21,55.48,35007.36,74.93,9057.27,444.21,20.34,P 2,56,9.6,6.2,6.6,4.5,3.6,4.2,4.4,4.9,11712.64,Cukup (60-80%)
2021,Sulawesi Selatan,Kab. Pinrang,176.9,64570.25,14182.8,21.96,28973.7,44.87,43156.5,66.84,14066.41,,21.78,P 2,,,,,,,,,,21412,Cukup (60-80%)
2021,Sulawesi Selatan,Kab. Enrekang,113.96,41596.68,9371.28,22.53,20075,48.26,29446.28,70.79,3766,6752.5,25.29,P 2,,,,,,,,,,12149.12,Cukup (60-80%)
2021,Sulawesi Selatan,Kab. Luwu Timur,120.2,43874.61,6824,15.55,24528,55.9,31352,71.46,5926.37,73,13.67,P 2,40,10,25,15,3,1,2,2,2,12521,Cukup (60-80%)
2021,Sulawesi Selatan,Kota Makassar,1023.71,373653.93,38865.23,10.4,328500,87.92,367365.23,98.32,19038.54,,5.1,P 2,,,,,,,,,,6288.92,Baik (>80%)
2021,Sulawesi Selatan,Kota Parepare,76.25,27832.35,4712.62,16.93,20373.02,73.2,25085.64,90.13,1649.78,6.02,5.95,P 2,51.8,11.35,12.45,11.2,3.75,1.95,2.1,2.75,2.65,2745.61,Baik (>80%)
2021,Sulawesi Selatan,Kota Palopo,92.34,33704.28,1762.38,5.23,21973,65.19,23735.38,70.42,99.95,73,0.51,P 2,30,25,20,15,8,,,,2,9968.72,Cukup (60-80%)
2021,Sulawesi Tenggara,Kab. Wakatobi,79.19,28902.67,3285,11.37,10479.15,36.26,13764.15,47.62,,,0,P 2,,,,,,,,,,15140.2,Kurang (30-60%)
2021,Sulawesi Tenggara,Kota Kendari,264.5,96542.67,19785.15,20.49,69423,71.91,89208.15,92.4,3441.95,0,3.57,P 2,43.65,17.44,16.78,17.25,1.54,0.72,1.06,1.16,0.4,7334.35,Baik (>80%)
2021,Gorontalo,Kota Gorontalo,141.21,51541.5,11761.1,22.82,36135,70.11,47896.1,92.93,10525.25,,20.42,P 2,21,10,10,30,8,5,7,9,,3645.55,Baik (>80%)
2021,Sulawesi Barat,Kab. Majene,69.76,25463.42,783.39,3.08,9636,37.84,10419.39,40.92,730.69,,2.87,P 2,,,,,,,,,,15043.01,Kurang (30-60%)
2021,Sulawesi Barat,Kab. Mamuju Tengah,62.64,22864.48,0,0,4015,17.56,4015,17.56,,,0,P 2,,,,,,,,,,18848.6,Sangat Kurang (<30%)
2021,Maluku,Kab. Maluku Tengah,170.32,62165.92,35.68,0.06,4380,7.05,4415.68,7.1,35.68,,0.06,P 2,,,,,,,,,,57751.12,Sangat Kurang (<30%)
2021,Maluku,Kab. Buru Selatan,30.95,11296.6,708.02,6.27,7508.05,66.46,8216.07,72.73,,,0,P 2,33,22,11,23,2,1,1,2,5,3080.68,Cukup (60-80%)
2021,Maluku,Kota Tual,53.73,19611.92,0.73,0,13140,67,13140.73,67,0.73,,0,P 2,8.5,17.5,10.8,15.8,5.6,9.3,7,6.7,18.8,6470.72,Cukup (60-80%)
2021,Maluku Utara,Kota Tidore Kepulauan,46.12,16834.53,1770.24,10.52,9070.8,53.88,10841.04,64.4,1770.24,0.55,10.52,P 2,34,25,12,11.8,2.3,0.8,1.5,5.8,6.8,5992.76,Cukup (60-80%)
2021,Papua,Kab. Jayapura,84.24,30746.87,4006.97,13.03,11680,37.99,15686.97,51.02,3942,,12.82,P 2,40,,20,20,3,,,,,15060.63,Kurang (30-60%)
2021,Papua,Kab. Biak Numfor,58.42,21323.59,4341.88,20.36,15074.5,70.69,19416.38,91.06,4182.34,,19.61,P 2,12.88,39.22,22.35,11.63,10.46,0.01,0.13,3.32,,1906.92,Baik (>80%)
2021,Papua,Kab. Keerom,26.13,9536.28,0,0,2529.45,26.52,2529.45,26.52,,,0,P 2,10,10,5,45,10,5,5,5,5,7008,Sangat Kurang (<30%)
2021,Papua,Kota Jayapura,217.8,79496.56,3927.15,4.94,68985,86.78,72912.15,91.72,2940.63,,3.7,P 2,67.39,10.5,4.78,6.59,4.22,2.04,1.09,0.45,2.94,6584.85,Baik (>80%)
2021,Papua Barat,Kab. Manokwari,160.02,58405.66,0,0,40540.55,69.41,40540.55,69.41,,,0,P 2,44,,11,26,,,,,19,17866.75,Cukup (60-80%)
2021,Papua Selatan,Kab. Asmat,44.65,16298.27,54.75,0.34,3102.5,19.04,3157.25,19.37,,,0,P 2,20,10,15,40,4,3,3,3,2,13140,Sangat Kurang (<30%)
2021,Papua Tengah,Kab. Nabire,67.65,24693.86,2.77,0.01,4336.2,17.56,4338.97,17.57,,,0,P 2,62.56,15.13,4.6,11.32,0.48,1.95,,1.79,2.17,20353.28,Sangat Kurang (<30%)
2021,Papua Pegunungan,Kab. Lanny Jaya,80.78,29483.24,0,0,316.8,1.07,316.8,1.07,,,0,P 2,,,,,,,,,,29167.9,Sangat Kurang (<30%)
2021,Papua Barat Daya,Kab. Sorong Selatan,22.38,8167.39,0.43,0.01,1277.5,15.64,1277.93,15.65,,,0,P 2,,,,,,,,,,6890.77,Sangat Kurang (<30%)
2021,Papua Barat Daya,Kab. Tambrauw,11.35,4143.33,0,0,722.7,17.44,722.7,17.44,,,0,P 2,,,,,,,,,,3420.05,Sangat Kurang (<30%)
2020,Aceh,Kab. Aceh Timur,57.6,21023.49,95.45,0.45,9274.65,44.12,9370.11,44.57,91.25,,0.43,P 2,37,14,5,26,5,3,2,4,4,11653.89,Kurang (30-60%)
2020,Aceh,Kab. Aceh Tengah,101.55,37067.15,3648.54,9.84,22229.81,59.97,25878.35,69.81,1053.03,,2.84,P 2,22,18,7,26,3,11,5,5,3,11187.4,Cukup (60-80%)
2020,Aceh,Kab. Simeulue,43.55,15897.1,443.48,2.79,5299.8,33.34,5743.27,36.13,443.48,,2.79,P 2,5.18,13.05,11.93,35.73,16.88,6.65,5.55,2.03,3,10152.48,Kurang (30-60%)
2020,Aceh,Kab. Aceh Jaya,46.24,16876.51,13.38,0.08,11530.35,68.32,11543.73,68.4,,,0,P 2,,,,,,,,,,5333.87,Cukup (60-80%)
2020,Aceh,Kab. Bener Meriah,64.65,23597.54,5153.19,21.84,0,0,5153.19,21.84,,,0,P 2,20,20,10,15,5,10,5,5,10,18444.06,Sangat Kurang (<30%)
2020,Aceh,Kota Banda Aceh,243.29,88800.12,11392.79,12.83,73728.43,83.03,85121.23,95.86,11205.08,,12.62,P 2,35.2,11.5,3,6.8,4.5,7.5,9.3,4.5,17.7,3679.62,Baik (>80%)
2020,Aceh,Kota Sabang,26.37,9624.82,0,0,6380.2,66.29,6380.2,66.29,,,0,P 2,,,,,,,,,,3244.85,Cukup (60-80%)
2020,Aceh,Kota Langsa,95.17,34737.78,7952.31,22.89,17665.64,50.85,25617.94,73.75,1508.86,145.64,4.76,P 2,18,21,4,8,13,10,7,8,11,9119.11,Cukup (60-80%)
2020,Sumatera Utara,Kab. Langkat,412.08,150409.49,0,0,26284.38,17.48,26284.38,17.48,,4.38,0,P 2,37,31,24.4,7,0.2,0.2,0.2,,,124124.82,Sangat Kurang (<30%)
2020,Sumatera Utara,Kab. Deli Serdang,1097.85,400716.89,43023.6,10.74,148591.5,37.08,191615.1,47.82,38683.84,766.5,9.84,P 2,20.5,24,13.8,20.2,6,5,3,2,5.5,209100.15,Kurang (30-60%)
2020,Sumatera Utara,Kab. Dairi,113.72,41508.38,111.07,0.27,10318.55,24.86,10429.62,25.13,,80.3,0.19,P 2,55.53,10.99,12.48,19.26,0.32,0.35,0.2,0.53,0.34,31078.18,Sangat Kurang (<30%)
2020,Sumatera Utara,Kab. Humbang Hasundutan,57.06,20825.37,1354.94,6.51,11348.23,54.49,12703.17,61,807.26,170.1,4.69,P 2,12,55,10,13,3,1,0.2,0.8,5,8123.73,Cukup (60-80%)
2020,Sumatera Utara,Kab. Samosir,88.69,32370.63,1496.5,4.62,10402.5,32.14,11899,36.76,1168,73,3.83,P 2,24,10,20,30,6.2,2,1,0.8,6,20472.85,Kurang (30-60%)
2020,Sumatera Utara,Kota Medan,1704.68,622206.89,64870.07,10.43,328500,52.8,393370.07,63.22,64858.07,,10.42,P 2,48,5,17,14,1,4,2,1,8,228838.13,Cukup (60-80%)
2020,Sumatera Utara,Kota Sibolga,61.34,22388.44,7017.95,31.35,3668.25,16.38,10686.2,47.73,338.72,18.25,1.59,P 2,,,,,,,,,,11702.9,Kurang (30-60%)
2020,Sumatera Utara,Kota Tebing Tinggi,122.54,44726.04,9589.46,21.44,31636.08,70.73,41225.55,92.17,9589.46,308.92,22.13,P 2,62.7,1.73,11.43,16.65,0.73,2.6,0.71,1.83,1.62,3501.55,Baik (>80%)
2020,Sumatera Barat,Kab. Pesisir Selatan,153.52,56034.44,9510.2,16.97,12045,21.5,21555.2,38.47,7878.5,,14.06,P 2,20.4,19.6,23,19,16,0.42,1.58,,,34479.6,Kurang (30-60%)
2020,Sumatera Barat,Kab. Sijunjung,95.86,34989.67,4837.02,13.82,5475,15.65,10312.02,29.47,4820.55,,13.78,P 2,20.8,18.6,38.4,19.6,1.9,0.3,0.4,,,24676.88,Sangat Kurang (<30%)
2020,Sumatera Barat,Kab. Tanah Datar,120.44,43959.16,7146.33,16.26,15574.48,35.43,22720.81,51.69,6896.53,550.63,16.94,P 2,69.34,,8.63,6,2.24,1.57,,3.33,8.89,21239.79,Kurang (30-60%)
2020,Sumatera Barat,Kab. Agam,197.85,72213.64,1650.71,2.29,17032.06,23.59,18682.77,25.87,1648.83,4.09,2.29,P 2,,,,,,,,,,53532.48,Sangat Kurang (<30%)
2020,Sumatera Barat,Kab. Lima Puluh Kota,154.89,56536.46,1667.74,2.95,5241.4,9.27,6909.14,12.22,25.24,,0.04,P 2,40,17,10,16,4,3,2,2,6,49625.71,Sangat Kurang (<30%)
2020,Sumatera Barat,Kab. Dharmasraya,97.55,35605.56,3175.08,8.92,21984.68,61.75,25159.76,70.66,968.29,,2.72,P 2,47,7,4,40,1,1,,,,10445.99,Cukup (60-80%)
2020,Sumatera Barat,Kab. Pasaman Barat,177.49,64783.41,1001.87,1.55,11563.2,17.85,12565.07,19.4,1001.87,,1.55,P 2,30,10,20,30,5,,,,5,52218.78,Sangat Kurang (<30%)
2020,Sumatera Barat,Kota Solok,50.7,18505.87,1766.47,9.55,16253.08,87.83,18019.55,97.37,1509.23,17.89,8.25,P 2,46.07,11.56,9.28,22.32,0.6,0.54,0.1,1.1,8.43,485.95,Baik (>80%)
2020,Sumatera Barat,Kota Sawahlunto,18.77,6852.82,1472.73,21.49,5146.5,75.1,6619.23,96.59,971.1,36.5,14.7,P 2,,,,,,,,,,231.82,Baik (>80%)
2020,Sumatera Barat,Kota Padang Panjang,46.63,17019.51,2052.57,12.06,14859.88,87.31,16912.45,99.37,367.33,73,2.59,P 2,43.15,23.56,14.35,12.67,1.5,0.95,0.8,1.19,1.83,107.5,Baik (>80%)
2020,Sumatera Barat,Kota Bukittinggi,124.3,45368.41,1649.27,3.64,40716.11,89.75,42365.38,93.38,1088.33,292,3.04,P 2,61.81,1.1,16.79,17.74,0.46,0.9,,0.51,0.69,3004.12,Baik (>80%)
2020,Sumatera Barat,Kota Payakumbuh,97.75,35679.04,5791.34,16.23,27913.01,78.23,33704.34,94.47,5111.2,81.76,14.55,P 2,51.62,7.43,11.42,21.54,0.65,1.56,0.57,0.87,4.34,1974.41,Baik (>80%)
2020,Riau,Kab. Kampar,351.88,128435.47,24699.75,19.23,22630,17.62,47329.75,36.85,0,,0,P 2,20,10,5,35,10,5,5,5,5,81106.45,Kurang (30-60%)
2020,Riau,Kab. Indragiri Hilir,299.93,109472.7,9545.47,8.72,19115.05,17.46,28660.52,26.18,3936.05,,3.6,P 2,,,36,33,12,,,,,80813.93,Sangat Kurang (<30%)
2020,Riau,Kab. Pelalawan,151.12,55158.8,9856.34,17.87,19738.3,35.78,29594.65,53.65,1.87,343.44,0.63,P 2,10,18,20,30,6,3,5,3,5,25564.15,Kurang (30-60%)
2020,Riau,Kab. Kuantan Singingi,133.66,48784.73,1291.32,2.65,0,0,1291.32,2.65,789.08,,1.62,P 2,,,,,,,,,,47494.58,Sangat Kurang (<30%)
2020,Riau,Kota Pekanbaru,1097.15,400461.54,8768.73,2.19,283178.68,70.71,291947.41,72.9,478.01,438.73,0.23,P 2,,,,,,,,,,108512.34,Cukup (60-80%)
2020,Riau,Kota Dumai,159.91,58368.43,1777.8,3.05,0,0,1777.8,3.05,,,0,P 2,,,,,,,,,,56589.35,Sangat Kurang (<30%)
2020,Jambi,Kab. Merangin,195.43,71332.5,21227.09,29.76,29962.85,42,51189.94,71.76,5786.97,12913.7,26.22,P 2,26.5,15,14.5,23,4.5,3,2.5,1,10,20142.01,Cukup (60-80%)
2020,Jambi,Kab. Sarolangun,111.27,40612.09,2192.92,5.4,5956.8,14.67,8149.72,20.07,2192.92,,5.4,P 2,,,,,,,,,,32463.83,Sangat Kurang (<30%)
2020,Jambi,Kab. Batanghari,122.6,44750.17,329.76,0.74,0,0,329.76,0.74,329.76,,0.74,P 2,36,15,18.8,14,3.2,3,2,2,6,44419.24,Sangat Kurang (<30%)
2020,Jambi,Kab. Muaro Jambi,81.62,29792.97,2951.19,9.91,6022.5,20.21,8973.69,30.12,866.88,,2.91,P 2,,,,,,,,,,20817.61,Kurang (30-60%)
2020,Jambi,Kab. Tanjung Jabung Barat,166.97,60942.59,10914.32,17.91,14600,23.96,25514.32,41.87,273.61,,0.45,P 2,5,8,30,30,3,6,10,2,6,35429.73,Kurang (30-60%)
2020,Jambi,Kab. Bungo,152.36,55610.38,11914.55,21.43,28080.87,50.5,39995.41,71.92,6862.56,7500.07,25.83,P 2,63.13,13.25,1.42,4.48,5.88,3.83,5.73,1.38,0.9,15615.99,Cukup (60-80%)
2020,Jambi,Kab. Tebo,135.07,49299.67,0,0,7339.5,14.89,7339.5,14.89,,,0,P 2,,,,,,,,,,41961.05,Sangat Kurang (<30%)
2020,Jambi,Kota Sungai Penuh,49.09,17916.39,0,0,11862.5,66.21,11862.5,66.21,0,,0,P 2,,,,,,,,,,6055.35,Cukup (60-80%)
2020,Sumatera Selatan,Kab. Ogan Komering Ulu,148.85,54329.96,11994.47,22.08,20075,36.95,32069.47,59.03,11349.97,,20.89,P 2,,,,,,,,,,22260.78,Kurang (30-60%)
2020,Sumatera Selatan,Kab. Muara Enim,406.43,148345.86,33683.79,22.71,35405,23.87,69088.79,46.57,14438.82,,9.73,P 2,61.02,8.07,7.38,17.18,1.14,1.33,0.36,0.31,3.21,79258.16,Kurang (30-60%)
2020,Sumatera Selatan,Kab. Musi Rawas,284.34,103783.08,24622.8,23.73,4015,3.87,28637.8,27.59,3222,,3.1,P 2,41.18,5.08,1.07,9.63,19.79,0.53,3.74,17.38,1.6,75146.3,Sangat Kurang (<30%)
2020,Sumatera Selatan,Kab. Musi Banyuasin,259.16,94593.69,17488.54,18.49,22885.87,24.19,40374.4,42.68,10472.51,,11.07,P 2,58.3,4.8,9.1,21.2,1.1,3,0.8,0.8,0.9,54219,Kurang (30-60%)
2020,Sumatera Selatan,Kab. Banyuasin,568.29,207426.14,13362.79,6.44,45333,21.86,58695.79,28.3,404.5,,0.2,P 2,38.12,8.46,16.65,13.39,0.95,1.25,1.97,1.26,17.95,148730.06,Sangat Kurang (<30%)
2020,Sumatera Selatan,Kab. Ogan Komering Ulu Timur,482.95,176275.84,2133.89,1.21,38478.3,21.83,40612.19,23.04,1656.3,,0.94,P 2,1,5,7,7,1,1,2,1,75,135664.56,Sangat Kurang (<30%)
2020,Sumatera Selatan,Kab. Ogan Ilir,294.55,107510.06,17631.99,16.4,8994.24,8.37,26626.23,24.77,,,0,P 2,30,15,10,10,5,5,5,5,15,80884.52,Sangat Kurang (<30%)
2020,Sumatera Selatan,Kab. Empat Lawang,177.29,64711,186.46,0.29,7300,11.28,7486.46,11.57,124.06,,0.19,P 2,,,,,,,,,,57224.39,Sangat Kurang (<30%)
2020,Sumatera Selatan,Kota Palembang,1168.19,426390.66,84360.87,19.78,327019.2,76.69,411380.06,96.48,62048.69,565.75,14.68,P 2,55,5,10,14,5,4,3,2,2,15009.29,Baik (>80%)
2020,Sumatera Selatan,Kota Prabumulih,94.46,34479.54,5701.65,16.54,24820,71.98,30521.65,88.52,5488.03,,15.92,P 2,61.5,5.8,2.7,25.4,0.4,0.9,0.2,0.3,2.8,3956.25,Baik (>80%)
2020,Bengkulu,Kab. Lebong,43.09,15726.97,0,0,4336.2,27.57,4336.2,27.57,0,,0,P 2,,,,,,,,,,11391.65,Sangat Kurang (<30%)
2020,Bengkulu,Kab. Kepahiang,56.16,20498.84,3037.9,14.82,6570,32.05,9607.9,46.87,56.58,,0.28,P 2,,,,,,,,,,10890.5,Kurang (30-60%)
2020,Lampung,Kab. Lampung Barat,122.76,44805.94,1064.59,2.38,4251.99,9.49,5316.58,11.87,1064.59,3.39,2.38,P 2,25,20,15,35,2,0.5,0.5,0.2,1.8,39490.82,Sangat Kurang (<30%)
2020,Lampung,Kab. Pesawaran,179.36,65467.86,2062.29,3.15,4380,6.69,6442.29,9.84,2062.29,,3.15,P 2,29,31,10,20,3,1,2,2,2,59024.11,Sangat Kurang (<30%)
2020,Lampung,Kota Bandar Lampung,757.94,276649.16,13106.92,4.74,255500,92.36,268606.92,97.09,1.24,,0,P 2,40.4,12.9,11.7,17.4,3.1,2.5,1.8,2.3,7.9,8041.18,Baik (>80%)
2020,Kepulauan Bangka Belitung,Kab. Bangka,128.62,46947.32,4090.39,8.71,27040.3,57.6,31130.69,66.31,2148.34,11.32,4.6,P 2,26.17,11.5,30.86,18.82,0.62,3.79,0.42,0.66,7.16,15815.61,Cukup (60-80%)
2020,Kepulauan Bangka Belitung,Kab. Belitung,70.99,25910.91,3163.15,12.21,6953.74,26.84,10116.89,39.04,3161.37,4.87,12.22,P 2,0.5,75,0.3,0.6,0.03,0.25,0.02,0.3,23,15794.46,Kurang (30-60%)
2020,Kepulauan Bangka Belitung,Kab. Bangka Tengah,79.89,29160.14,5299.36,18.17,4565.42,15.66,9864.78,33.83,220.74,,0.76,P 2,40,14,10,15,2,12,4,1,2,19295.07,Kurang (30-60%)
2020,Kepulauan Bangka Belitung,Kab. Bangka Barat,79.61,29058.53,0,0,5526.1,19.02,5526.1,19.02,0,,0,P 2,,,,,,,,,,23531.55,Sangat Kurang (<30%)
2020,Kepulauan Bangka Belitung,Kab. Belitung Timur,50.47,18421.99,0,0,12098.81,65.68,12098.81,65.68,,,0,P 2,,,,,,,,,,6322.74,Cukup (60-80%)
2020,Kepulauan Bangka Belitung,Kota Pangkal Pinang,151.83,55416.16,9023.17,16.28,38325,69.16,47348.17,85.44,,,0,P 2,51.73,12.8,7.77,9.6,2.28,3.88,6.22,2.26,3.46,8069.78,Baik (>80%)
2020,Kepulauan Riau,Kab. Bintan,53.42,19499.65,4128.52,21.17,14472.25,74.22,18600.77,95.39,358.97,,1.84,P 2,38.8,5.5,24.4,12.4,0.5,5.5,3.9,2.5,6.5,897.53,Baik (>80%)
2020,Kepulauan Riau,Kab. Karimun,177.2,64677.53,12311.61,19.04,50735,78.44,63046.61,97.48,2874.28,,4.44,P 2,23,19,24,24.5,4,2.5,1.5,1.2,0.3,1631.39,Baik (>80%)
2020,Kepulauan Riau,Kab. Natuna,31.14,11366.74,0,0,4916.55,43.25,4916.55,43.25,,,0,P 2,,,,,,,,,,6449.55,Kurang (30-60%)
2020,Kepulauan Riau,Kab. Lingga,27.83,10157.55,2264.96,22.3,5955.34,58.63,8220.3,80.93,1434.75,662.84,20.65,P 2,41.2,13.6,18.3,10.2,1.8,8.9,3.9,1.9,0.2,1937.65,Baik (>80%)
2020,Kepulauan Riau,Kab. Kepulauan Anambas,12.88,4702.7,218.2,4.64,328.5,6.99,546.7,11.63,142.49,,3.03,P 2,,,,,,,,,,4154.5,Sangat Kurang (<30%)
2020,Kepulauan Riau,Kota Batam,837.48,305679.18,64042.53,20.95,228187.05,74.65,292229.59,95.6,1327.53,36.5,0.45,P 2,49,9,10,19,1,2,0,1,9,13450.61,Baik (>80%)
2020,Kepulauan Riau,Kota Tanjung Pinang,147.98,54013.05,7069.13,13.09,33737.99,62.46,40807.12,75.55,,126.97,0.24,P 2,21,37,7,25,3,2,2,1,2,13205.58,Cukup (60-80%)
2020,DKI Jakarta,Kab. Adm. Kep. Seribu,17.34,6329.24,1499.81,23.7,416.27,6.58,1916.08,30.27,863.03,416.27,20.21,P 2,23.02,2.97,0.18,0.9,0.08,,,0.65,72.2,4413.02,Kurang (30-60%)
2020,DKI Jakarta,Kota Adm. Jakarta Pusat,844.74,308331.29,68408.86,22.19,234002.36,75.89,302411.22,98.08,37761.34,15009.66,17.12,P 2,,,,,,,,,,5918.88,Baik (>80%)
2020,DKI Jakarta,Kota Adm. Jakarta Utara,1341.04,489481.03,111321.02,22.74,373285.5,76.26,484606.52,99,25737.65,,5.26,P 2,,,,,,,,,,4873.08,Baik (>80%)
2020,DKI Jakarta,Kota Adm. Jakarta Barat,1971.97,719768,169214.32,23.51,544629.83,75.67,713844.15,99.18,56014.5,897.86,7.91,P 2,69.77,5.78,3.08,2.97,1.49,2.99,1.25,0.01,12.66,5924.9,Baik (>80%)
2020,DKI Jakarta,Kota Adm. Jakarta Selatan,1921,701164.63,154452.14,22.03,530070.34,75.6,684522.48,97.63,72119.09,196.92,10.31,P 2,,,,,,,,,,16642.52,Baik (>80%)
2020,DKI Jakarta,Kota Adm. Jakarta Timur,2273.25,829738.03,186180.38,22.44,626336.12,75.49,812516.51,97.92,181822.44,,21.91,P 2,,,,,,,,,,17219.74,Baik (>80%)
2020,Jawa Barat,Kab. Bandung,1321.35,482291.89,65254.1,13.53,108573.58,22.51,173827.68,36.04,54563.25,6329.1,12.63,P 2,43,10,9,20,2,1,,1,14,308465.07,Kurang (30-60%)
2020,Jawa Barat,Kab. Cirebon,1228.41,448368.18,8548.25,1.91,54750,12.21,63298.25,14.12,8531.96,,1.9,P 2,,,,,,,,,,385071.4,Sangat Kurang (<30%)
2020,Jawa Barat,Kab. Sumedang,440.59,160816.27,3248.5,2.02,0,0,3248.5,2.02,3248.5,,2.02,P 2,62.27,1.97,9.25,12.57,1.77,0.91,1.25,1.09,8.92,157566.85,Sangat Kurang (<30%)
2020,Jawa Barat,Kab. Bekasi,1900.24,693586.51,34857.45,5.03,249295,35.94,284152.45,40.97,,,0,P 2,,,,,,,,,,409435.15,Kurang (30-60%)
2020,Jawa Barat,Kab. Pangandaran,171.3,62523.33,73,0.12,1806.75,2.89,1879.75,3.01,0,,0,P 2,,,,,,,,,,60644.75,Sangat Kurang (<30%)
2020,Jawa Barat,Kota Bogor,673.76,245922.33,48632.76,19.78,185464.5,75.42,234097.26,95.19,664.46,3025.33,1.5,P 2,20,33.3,19.7,10,1.5,3.5,1,1,10,11825.14,Baik (>80%)
2020,Jawa Barat,Kota Sukabumi,179.24,65424.09,14033.99,21.45,49021.58,74.93,63055.57,96.38,5210.65,9.38,7.98,P 2,46.62,15.78,7.97,12.45,0.91,1.66,0.84,1.91,11.86,2367.03,Baik (>80%)
2020,Jawa Barat,Kota Bandung,1539.82,562034.59,49120.56,8.74,490684.11,87.3,539804.68,96.04,49120.56,3358.01,9.34,P 2,44.52,3.98,13.12,16.7,0.9,4.75,2.38,1.97,11.68,22229.62,Baik (>80%)
2020,Jawa Barat,Kota Depok,1295.49,472854.23,60489.27,12.79,377252.69,79.78,437741.95,92.57,52562.43,25721.19,16.56,P 2,62.95,0.57,6.1,21.36,0.14,0.57,0.5,0.57,7.24,35111.9,Baik (>80%)
2020,Jawa Barat,Kota Cimahi,273.38,99782.38,13393.42,13.42,83541.2,83.72,96934.62,97.15,13064.92,,13.09,P 2,,,,,,,,,,2849.08,Baik (>80%)
2020,Jawa Barat,Kota Tasikmalaya,292.3,106688.51,11386.69,10.67,80869.4,75.8,92256.08,86.47,11386.69,,10.67,P 2,48.7,,5.8,5.4,0.2,1.9,,6.3,31.6,14433.42,Baik (>80%)
2020,Jawa Barat,Kota Banjar,83.74,30566.85,5090.68,16.65,23367.38,76.45,28458.06,93.1,4155.77,754.9,16.07,P 2,42.97,10.84,9.41,24.62,1.02,1.18,0.05,2.81,7.09,2107.04,Baik (>80%)
2020,Jawa Tengah,Kab. Cilacap,939.78,343019.17,44736.06,13.04,220198.92,64.19,264934.99,77.24,680,153947.78,45.08,P 2,57.67,10.63,9.71,16.42,1.33,1.25,0.51,0.65,1.83,78084.71,Cukup (60-80%)
2020,Jawa Tengah,Kab. Purworejo,288.07,105146.86,25106.38,23.88,18787.88,17.87,43894.25,41.75,24826.38,1932.8,25.45,P 2,3,67,6,9,4,0.5,0.3,1,8.2,61251.3,Kurang (30-60%)
2020,Jawa Tengah,Kab. Wonosobo,351.65,128352.1,15497.55,12.07,37057.54,28.87,52555.09,40.95,2397.93,192.54,2.02,P 2,40,21.5,15,20,0.2,0.2,0.1,1,2,75797.16,Kurang (30-60%)
2020,Jawa Tengah,Kab. Magelang,680.91,248530.33,8507.68,3.42,29266.98,11.78,37774.66,15.2,8507.68,29.28,3.43,P 2,37.8,3.9,26.2,17.9,1.3,1.1,0.8,2.4,8.6,210757.49,Sangat Kurang (<30%)
2020,Jawa Tengah,Kab. Boyolali,287.93,105094.61,24899.93,23.69,28777.69,27.38,53677.63,51.08,24880.68,621.6,24.27,P 2,,,,,,,,,,51416.82,Kurang (30-60%)
2020,Jawa Tengah,Kab. Sukoharjo,364.01,132863.5,25137.86,18.92,62540.92,47.07,87678.78,65.99,10411.18,12.78,7.85,P 2,60.4,2.63,8.14,15.2,3.18,3.8,4.1,1.2,1.35,45184.87,Cukup (60-80%)
2020,Jawa Tengah,Kab. Wonogiri,437.44,159663.85,44648.51,27.96,17905.95,11.21,62554.46,39.18,44648.51,54.75,28,P 2,25,10,20,25,5,5,2.5,5,2.5,97111.14,Kurang (30-60%)
2020,Jawa Tengah,Kab. Sragen,534.31,195023.44,41462.57,21.26,92491,47.43,133953.57,68.69,5380,6716,6.2,P 2,74.7,0.8,8.1,11.3,0.5,1.9,0.3,1.8,0.3,61069.58,Cukup (60-80%)
2020,Jawa Tengah,Kab. Blora,371.42,135568.25,26682.94,19.68,32735.02,24.15,59417.96,43.83,198.94,,0.15,P 2,4,10,35,40,3,2,2,2,2,76150.34,Kurang (30-60%)
2020,Jawa Tengah,Kab. Pati,654.96,239060.58,56669.46,23.71,47032.08,19.67,103701.54,43.38,4270.78,779.28,2.11,P 2,,,,,,,,,,135358.86,Kurang (30-60%)
2020,Jawa Tengah,Kab. Kudus,440.89,160924.12,30627.39,19.03,68998.16,42.88,99625.55,61.91,30094.18,21066.36,31.79,P 2,,,,,,,,,,61299.3,Cukup (60-80%)
2020,Jawa Tengah,Kab. Jepara,697.04,254418.3,18500.48,7.27,28761.27,11.3,47261.75,18.58,7123.22,145.27,2.86,P 2,55.08,5.29,11.48,19.63,1.26,2.12,1.02,1.2,2.92,207157.85,Sangat Kurang (<30%)
2020,Jawa Tengah,Kab. Semarang,533.4,194690.09,311.27,0.16,62780,32.25,63091.27,32.41,311.27,,0.16,P 2,58,5,8.9,19,2.5,3.2,,2.3,0.5,131599.73,Kurang (30-60%)
2020,Jawa Tengah,Kab. Temanggung,496.28,181143.8,0,0,40150,22.16,40150,22.16,,,0,P 2,28.32,33.98,11.4,10.57,1.37,2.4,1.24,2.25,8.38,140992.2,Sangat Kurang (<30%)
2020,Jawa Tengah,Kab. Kendal,407.4,148701.73,10475.15,7.04,30481.15,20.5,40956.3,27.54,8430.05,131.4,5.76,P 2,51.54,19.88,9.49,11.31,1.29,3.09,0.88,2.07,0.45,107744.7,Sangat Kurang (<30%)
2020,Jawa Tengah,Kab. Batang,240.52,87788.12,709.98,0.81,86870,98.95,87579.98,99.76,212.17,,0.24,P 2,,,,,,,,,,209.82,Baik (>80%)
2020,Jawa Tengah,Kab. Pemalang,391.7,142970.65,30262.27,21.17,84826,59.33,115088.27,80.5,4274.27,876,3.6,P 2,40,5,10,25,2,4,5,7,2,27882.23,Baik (>80%)
2020,Jawa Tengah,Kab. Tegal,1018.57,371778.31,16194.52,4.36,120450,32.4,136644.52,36.75,68.03,,0.02,P 2,39,20.8,8.7,14.5,5.2,3.5,4.8,1.6,1.9,235133.53,Kurang (30-60%)
2020,Jawa Tengah,Kab. Brebes,989.38,361123.52,29886.81,8.28,71043.6,19.67,100930.41,27.95,2.67,,0,P 2,10,50,11,15,1,7,1,4,1,260193.29,Sangat Kurang (<30%)
2020,Jawa Tengah,Kota Magelang,89.61,32709.11,1495.68,4.57,24433.84,74.7,25929.52,79.27,1495.68,404.79,5.81,P 2,33.7,13.3,18.8,21.5,0.8,1.8,0.5,3.7,5.9,6778.13,Cukup (60-80%)
2020,Jawa Tengah,Kota Salatiga,114.03,41620.01,7285.99,17.51,135.42,0.33,7421.41,17.83,7285.99,135.42,17.83,P 2,,,,,,,,,,34199.54,Sangat Kurang (<30%)
2020,Jawa Tengah,Kota Semarang,1276.74,466010.79,99632.92,21.38,350027.7,75.11,449660.62,96.49,18364.44,876,4.13,P 2,60.79,,10.18,17.2,1.22,4.94,1,1.79,2.88,16349.48,Baik (>80%)
2020,Daerah Istimewa Yogyakarta,Kab. Kulon Progo,174.56,63713.67,0,0,0,0,,,,,,,67.18,,12.6,17.22,1.68,0.21,,1.11,,,Sangat Kurang (<30%)
2020,Daerah Istimewa Yogyakarta,Kab. Gunungkidul,360.74,131671.16,0,0,0,0,,,,,,,,,,,,,,,,,Sangat Kurang (<30%)
2020,Daerah Istimewa Yogyakarta,Kab. Sleman,701.95,256210.07,0,0,0,0,,,,,,,,,,,,,,,,,Sangat Kurang (<30%)
2020,Jawa Timur,Kab. Pacitan,285.78,104308.04,10204.12,9.78,12285.53,11.78,22489.66,21.56,10202.48,244.55,10.02,P 2,68.4,2.9,8.3,17,0.5,0.2,0.2,0.5,2,81820.04,Sangat Kurang (<30%)
2020,Jawa Timur,Kab. Ponorogo,349.13,127432.45,26665.8,20.93,95180.69,74.69,121846.49,95.62,26345.59,1010.69,21.47,P 2,,,,,,,,,,5585.96,Baik (>80%)
2020,Jawa Timur,Kab. Trenggalek,300.1,109536.65,20576.2,18.78,54750,49.98,75326.2,68.77,8147.95,,7.44,P 2,32,3,31,29,1,1,1,1,1,34210.3,Cukup (60-80%)
2020,Jawa Timur,Kab. Blitar,422.57,154237.67,9100.97,5.9,56534.45,36.65,65635.42,42.55,9100.97,2076.36,7.25,P 2,70.85,1,12.45,7.5,0.9,1.94,0.52,0.92,3.92,88602.63,Kurang (30-60%)
2020,Jawa Timur,Kab. Lumajang,501.46,183033.37,34405.03,18.8,60856.56,33.25,95261.59,52.05,17836.42,266.56,9.89,P 2,42.48,17.52,7.71,18.2,1.16,3.28,1.46,1.52,6.67,87771.31,Kurang (30-60%)
2020,Jawa Timur,Kab. Bondowoso,287.18,104819.19,1096.77,1.05,3745.27,3.57,4842.04,4.62,252.83,133.59,0.37,P 2,60.22,2.32,7.63,25.3,1.2,1.13,1.2,1,,99978.66,Sangat Kurang (<30%)
2020,Jawa Timur,Kab. Situbondo,259.36,94665.76,17598.86,18.59,67884.15,71.71,85483.02,90.3,4724.07,13134.15,18.86,P 2,43.6,13.8,16.8,24,0.2,0.6,0.2,0.2,0.4,9183.38,Baik (>80%)
2020,Jawa Timur,Kab. Probolinggo,458.45,167335.13,6443.65,3.85,21410.92,12.8,27854.57,16.65,552.76,189.41,0.44,P 2,20,32,16.6,16.9,0.4,0.5,12,0.2,1.4,139479.68,Sangat Kurang (<30%)
2020,Jawa Timur,Kab. Sidoarjo,1086.24,396476.9,126659.06,31.95,164505.5,41.49,291164.56,73.44,491.52,255.5,0.19,P 2,70.3,1.4,8.5,11,0.2,1.1,0.2,0.5,6.8,105313.04,Cukup (60-80%)
2020,Jawa Timur,Kab. Jombang,527.22,192437.05,12066.54,6.27,41996.9,21.82,54063.44,28.09,4562.14,,2.37,P 2,,,,,,,,,,138371.86,Sangat Kurang (<30%)
2020,Jawa Timur,Kab. Nganjuk,422.94,154373.54,31827.06,20.62,111979.42,72.54,143806.48,93.15,3976.82,16619.52,13.34,P 2,7.46,54.13,2.71,6.41,0.23,9.62,0.25,0.74,18.45,10566.62,Baik (>80%)
2020,Jawa Timur,Kab. Magetan,279.3,101944.5,20050.81,19.67,16103.44,15.8,36154.24,35.46,12375.72,43.44,12.18,P 2,,,,,,,,,,65790.26,Kurang (30-60%)
2020,Jawa Timur,Kab. Ngawi,366.52,133778.92,24043.83,17.97,27325.36,20.43,51369.19,38.4,4223.85,1260.71,4.1,P 2,38.3,3.8,10.4,30.6,2.4,2.3,3.7,3.5,5.1,82410.61,Kurang (30-60%)
2020,Jawa Timur,Kab. Tuban,493.13,179991.08,41934.16,23.3,48229.28,26.8,90163.44,50.09,15836.26,779.28,9.23,P 2,58.52,15.32,5.78,11.02,0.17,1.62,0.1,1.33,6.14,89829.01,Kurang (30-60%)
2020,Jawa Timur,Kab. Gresik,327.8,119648.37,342.73,0.29,60225,50.33,60567.73,50.62,160.23,,0.13,P 2,40,1,11,16,2,1,1,1,27,59079.27,Kurang (30-60%)
2020,Jawa Timur,Kab. Pamekasan,272.19,99350.12,22146.95,22.29,11335.09,11.41,33482.03,33.7,20790.97,36.58,20.96,P 2,,,,,,,,,,65867.32,Kurang (30-60%)
2020,Jawa Timur,Kab. Sumenep,363.8,132788.73,3603.66,2.71,11840.6,8.92,15444.26,11.63,0.36,,0,P 2,63.86,1.35,7.61,13.18,,1.31,0.29,0.96,11.44,117342.74,Sangat Kurang (<30%)
2020,Jawa Timur,Kota Kediri,150.93,55091.09,6401.52,11.62,45739.61,83.03,52141.13,94.65,268.38,1574.61,3.35,P 2,,,,,,,,,,2948.32,Baik (>80%)
2020,Jawa Timur,Kota Blitar,74.57,27219.69,2510.35,9.22,22558.69,82.88,25069.04,92.1,2498.29,1886.18,16.11,P 2,53,13.6,5.2,9.1,0.8,2.9,3,3.4,9,2149.01,Baik (>80%)
2020,Jawa Timur,Kota Malang,677.78,247389.19,55645.41,22.49,185701.24,75.06,241346.65,97.56,55554.9,5591.99,24.72,P 2,,,,,,,,,,6043.05,Baik (>80%)
2020,Jawa Timur,Kota Probolinggo,95.75,34949.48,5358.33,15.33,24931.1,71.33,30289.43,86.67,2463.82,193.96,7.6,P 2,59.25,4.81,10.87,18.38,0.87,0.93,1.38,1.07,2.44,4659.32,Baik (>80%)
2020,Jawa Timur,Kota Pasuruan,132.59,48394.73,13161.3,27.2,32472.21,67.1,45633.51,94.29,13161.3,0,27.2,P 2,10.11,6.4,1.35,6.06,0.07,0.67,0.07,0.13,75.14,2761.84,Baik (>80%)
2020,Jawa Timur,Kota Mojokerto,65.18,23790.34,3621.55,15.22,18250,76.71,21871.55,91.93,1220.11,73,5.44,P 2,75,5.5,7.5,3,1.8,4,1.2,0.5,1.5,1919.15,Baik (>80%)
2020,Jawa Timur,Kota Madiun,118.17,43133.55,9750.36,22.61,32088.98,74.39,41839.34,97,4088.99,299.3,10.17,P 2,81,0.5,8,4,3,1,1,1,0.5,1292.71,Baik (>80%)
2020,Jawa Timur,Kota Surabaya,2222.62,811255.1,67650.84,8.34,714820.5,88.11,782471.34,96.45,2918.21,110899.87,14.03,P 2,54.31,1.61,14.63,19.44,0.48,1.47,2.33,1.12,4.61,28784.96,Baik (>80%)
2020,Banten,Kab. Lebak,514.26,187706.21,31307.69,16.68,33580,17.89,64887.69,34.57,7094.57,,3.78,P 2,30,12,10,15,8,5,5,10,5,122817.21,Kurang (30-60%)
2020,Banten,Kab. Serang,1135.84,414581.97,54.96,0.01,32780.65,7.91,32835.61,7.92,54.96,,0.01,P 2,63.01,,9.13,20.02,1.21,0.24,,1.83,4.56,381745.99,Sangat Kurang (<30%)
2020,Banten,Kota Cilegon,373.86,136458,306.6,0.22,96725,70.88,97031.6,71.11,306.6,,0.22,P 2,27.37,,27.68,41.41,,,,7.81,,39427.3,Cukup (60-80%)
2020,Banten,Kota Serang,521.75,190440.06,37235.99,19.55,106718.7,56.04,143954.69,75.59,3074.83,,1.61,P 2,65,4,8,20,0.5,0.75,0.5,0.25,1,46484.06,Cukup (60-80%)
2020,Banten,Kota Tangerang Selatan,1070.56,390753.87,45280.98,11.59,224600.93,57.48,269881.91,69.07,45048.84,323.03,11.61,P 2,35.63,14.08,13.45,17.37,0.38,0.67,0.48,0.85,17.09,120872.49,Cukup (60-80%)
2020,Bali,Kab. Jembrana,164.7,60115.32,9536.98,15.86,11680,19.43,21216.98,35.29,9536.98,,15.86,P 2,11.22,30.88,11.1,22.1,2.1,7,7,2.7,5.9,38898.52,Kurang (30-60%)
2020,Bali,Kab. Tabanan,230.82,84247.48,4129.22,4.9,33717.57,40.02,37846.79,44.92,622.81,,0.74,P 2,5,39,37,42,,,,2,,46402.51,Kurang (30-60%)
2020,Bali,Kab. Badung,281.24,102654.16,10236.57,9.97,57112.67,55.64,67349.23,65.61,10236.57,2837.17,12.74,P 2,16,33.9,5.96,27.61,2.63,2.16,0.67,0.99,10.08,35303.37,Cukup (60-80%)
2020,Bali,Kab. Gianyar,438.86,160182.08,20120.79,12.56,113150,70.64,133270.79,83.2,18575.42,,11.6,P 2,,58.73,10.89,17.08,3.15,0.76,0.74,,8.65,26913.11,Baik (>80%)
2020,Bali,Kab. Bangli,108.98,39777.41,6499.87,16.34,20925.09,52.61,27424.95,68.95,2017.15,667.59,6.75,P 2,15,67,2,3.11,11,0.09,0.5,1.2,0.1,12352.75,Cukup (60-80%)
2020,Bali,Kab. Karangasem,249.5,91067.5,16046.68,17.62,31769.6,34.89,47816.28,52.51,3402.5,,3.74,P 2,,,,,,,,,,43251.22,Kurang (30-60%)
2020,Bali,Kab. Buleleng,341.9,124791.86,9880.38,7.92,53098.88,42.55,62979.26,50.47,6827.23,338.13,5.74,P 2,2.99,62.57,5.63,10.18,2.82,5.33,4.55,3.33,2.6,61814.24,Kurang (30-60%)
2020,Bali,Kota Denpasar,663.26,242088.55,15353,6.34,117015.39,48.34,132368.39,54.68,0,194.91,0.08,P 2,70,6,2,15,,1,1,,5,109721.51,Kurang (30-60%)
2020,Nusa Tenggara Barat,Kab. Lombok Timur,483.44,176454.72,9697.81,5.5,51751.16,29.33,61448.97,34.82,335.23,437.27,0.44,P 2,36,23,3.5,19,7,4,3,4,0.5,115006.63,Kurang (30-60%)
2020,Nusa Tenggara Barat,Kab. Lombok Utara,73.33,26765.44,5048.17,18.86,17114.85,63.94,22163.02,82.8,2106.78,,7.87,P 2,,,,,,,,,,4602.43,Baik (>80%)
2020,Nusa Tenggara Timur,Kab. Sumba Tengah,25.64,9360.28,591.41,6.32,2190,23.4,2781.41,29.72,36.5,,0.39,P 2,44,13,11,15,2,3,2,2,8,6577.19,Sangat Kurang (<30%)
2020,Nusa Tenggara Timur,Kota Kupang,217.49,79382.39,910.28,1.15,52196.95,65.75,53107.23,66.9,869.8,,1.1,P 2,27.4,15.2,13.4,19.8,6.5,3.6,2.15,3.3,8.65,26276.62,Cukup (60-80%)
2020,Kalimantan Barat,Kab. Sambas,274.47,100182.28,3156.01,3.15,91038.3,90.87,94194.31,94.02,3127.17,,3.12,P 2,40,5.6,14.2,25,0.3,1,0.9,2,11,5987.24,Baik (>80%)
2020,Kalimantan Barat,Kab. Mempawah,71.91,26248.5,37.08,0.14,7824.14,29.81,7861.22,29.95,1.08,,0,P 2,10,25,25,20,10,3,2,2,3,18385.93,Sangat Kurang (<30%)
2020,Kalimantan Barat,Kab. Sanggau,238.73,87137.36,21.17,0.02,13692.97,15.71,13714.14,15.74,,,0,P 2,56.21,13.61,4.73,7.1,,,,2.96,15.39,73422.31,Sangat Kurang (<30%)
2020,Kalimantan Barat,Kab. Ketapang,258.91,94503.79,4792.13,5.07,14528.1,15.37,19320.22,20.44,4204.44,63.15,4.52,P 2,28,4,9,42,2,3,2,1,9,75181.93,Sangat Kurang (<30%)
2020,Kalimantan Barat,Kab. Melawi,93.66,34184.59,0,0,13008.6,38.05,13008.6,38.05,,,0,P 2,,,,,,,,,,21177.3,Kurang (30-60%)
2020,Kalimantan Barat,Kota Pontianak,385.82,140823.35,11686.69,8.3,109731.73,77.92,121418.41,86.22,11014.1,231.73,7.99,P 2,83,1.5,7.2,6,2,,0.1,,0.2,19405.89,Baik (>80%)
2020,Kalimantan Barat,Kota Singkawang,113.24,41331.69,1434.14,3.47,15373.43,37.2,16807.58,40.67,1434.14,,3.47,P 2,51.61,1.49,1.57,39.22,1.9,1.73,,1.32,1.16,24525.02,Kurang (30-60%)
2020,Kalimantan Tengah,Kab. Kotawaringin Barat,125.16,45685.01,5434.17,11.89,17863.1,39.1,23297.27,51,1612.99,,3.53,P 2,50,5,10,12,2,2,2,1,16,22386.13,Kurang (30-60%)
2020,Kalimantan Tengah,Kab. Kotawaringin Timur,257.77,94086.47,2018.45,2.15,18250,19.4,20268.45,21.54,0,,0,P 2,45.05,5,7.26,20.26,1.82,4.04,1.18,4.33,11.06,73817.6,Sangat Kurang (<30%)
2020,Kalimantan Tengah,Kab. Kapuas,207.81,75850.29,3130.28,4.13,5627.82,7.42,8758.1,11.55,964.31,6.82,1.28,P 2,37.5,20,13.2,12,0.3,1,,1,15,67092.55,Sangat Kurang (<30%)
2020,Kalimantan Tengah,Kab. Barito Utara,52.29,19084.1,4177.03,21.89,13545.15,70.98,17722.18,92.86,1005.49,40.15,5.48,P 2,30,12,14,20,5,5,2,2,10,1363.67,Baik (>80%)
2020,Kalimantan Tengah,Kab. Katingan,45.42,16579.09,2051.16,12.37,3382.2,20.4,5433.36,32.77,1722.18,10.95,10.45,P 2,56.98,2.06,13.17,14.34,4.02,1.78,3.14,3.28,0.95,11144.94,Kurang (30-60%)
2020,Kalimantan Tengah,Kab. Sukamara,25.83,9426.64,528.29,5.6,6394.8,67.84,6923.09,73.44,74.83,,0.79,P 2,,,,,,,,,,2504.86,Cukup (60-80%)
2020,Kalimantan Tengah,Kab. Pulang Pisau,63.56,23199.04,0.1,0,0,0,0.1,0,,,0,P 2,23.51,26.74,13.31,25.13,3.19,2.41,0.83,1.79,3.09,23199.3,Sangat Kurang (<30%)
2020,Kalimantan Tengah,Kab. Barito Timur,45.29,16531.43,0,0,4757.77,28.78,4757.77,28.78,,,0,P 2,32,9,7,37,1,5,6.5,1.2,1.3,11773.08,Sangat Kurang (<30%)
2020,Kalimantan Tengah,Kota Palangkaraya,144.03,52570.77,11836.52,22.52,39413.43,74.97,51249.95,97.49,10186.88,66.43,19.5,P 2,70.05,1.4,7.14,15.14,0.67,1.3,0.9,1.01,2.39,1321,Baik (>80%)
2020,Kalimantan Selatan,Kab. Barito Kuala,93.1,33981.46,7645.47,22.5,16979.8,49.97,24625.26,72.47,5923.68,1540.3,21.96,P 2,59.5,9.5,10.5,12,3.1,1.9,0.5,2,1,9356.24,Cukup (60-80%)
2020,Kalimantan Selatan,Kab. Tapin,76.81,28035.94,4363.51,15.56,15784.06,56.3,20147.57,71.86,4193.51,362.81,16.25,P 2,50.24,3.58,10.5,33.4,0.48,0.88,0.15,0.12,0.64,7888.08,Cukup (60-80%)
2020,Kalimantan Selatan,Kab. Hulu Sungai Selatan,94.18,34374.09,9045.6,26.32,15700.48,45.68,24746.08,71.99,1470.76,1282.98,8.01,P 2,55.18,1.48,13.13,25.35,2.9,0.46,0.9,0.4,0.2,9629.62,Cukup (60-80%)
2020,Kalimantan Selatan,Kab. Hulu Sungai Tengah,109.15,39840.63,10866.49,27.27,19197.18,48.18,30063.67,75.46,10866.49,1312.18,30.57,P 2,47.8,7.26,10.45,26.12,5.75,0.24,0.35,1.78,0.25,9776.08,Cukup (60-80%)
2020,Kalimantan Selatan,Kab. Hulu Sungai Utara,96.66,35280.75,9180.38,26.02,25746.17,72.98,34926.55,99,3593.81,1141.52,13.42,P 2,55.78,8.38,8.72,12.41,0.98,0.84,0.06,6.1,6.73,354.35,Baik (>80%)
2020,Kalimantan Selatan,Kab. Tabalong,98.97,36123.17,1883.93,5.22,20038.5,55.47,21922.43,60.69,1883.93,,5.22,P 2,35.6,2.1,16.9,23.9,1.2,2.6,,3.1,14.6,14201.62,Cukup (60-80%)
2020,Kalimantan Selatan,Kab. Balangan,56.8,20733.57,416.1,2.01,13782.4,66.47,14198.5,68.48,416.1,2595.15,14.52,P 2,57.43,10.37,10.86,14.48,2.08,1.71,0.76,1.21,1.1,6533.5,Cukup (60-80%)
2020,Kalimantan Selatan,Kota Banjarmasin,496,181041.17,40226.64,22.22,140798.75,77.77,181025.39,99.99,0,,0,P 2,55.89,0.64,9.39,12.77,1.36,14.93,1.63,2.71,0.68,14.61,Baik (>80%)
2020,Kalimantan Selatan,Kota Banjarbaru,147.12,53699.76,10898.52,20.3,42481.3,79.11,53379.82,99.4,7953.72,141.3,15.07,P 2,39.58,11.24,14.55,21.36,0.45,2.22,0.64,1.15,8.81,318.98,Baik (>80%)
2020,Kalimantan Timur,Kab. Paser,108.57,39628.93,4506.69,11.37,24572.13,62.01,29078.82,73.38,1274.25,135.38,3.56,P 2,54.99,0.22,10.2,13.64,1.38,13.56,1.2,3.52,1.29,10549.23,Cukup (60-80%)
2020,Kalimantan Timur,Kab. Kutai Kartanegara,211.55,77215.9,5823.72,7.54,17927.78,23.22,23751.5,30.76,,,0,P 2,73.92,0.98,10.43,7.86,2.04,1.57,0.55,1.75,0.9,53464.25,Kurang (30-60%)
2020,Kalimantan Timur,Kab. Penajam Paser Utara,109.29,39889.94,10835.71,27.16,12822.45,32.14,23658.16,59.31,9975.83,47.45,25.13,P 2,43.13,1.09,20.87,29.83,0.22,0.02,0.67,0.83,0.34,16232.69,Kurang (30-60%)
2020,Kalimantan Timur,Kota Balikpapan,481.82,175865.25,39021.15,22.19,237.25,0.13,39258.4,22.32,28175.19,237.25,16.16,P 2,42.3,6.36,10.26,7.2,3.87,2.94,0.98,6.56,19.53,136605.9,Sangat Kurang (<30%)
2020,Kalimantan Timur,Kota Samarinda,620.76,226578.93,31186.61,13.76,166657.18,73.55,197843.79,87.32,24472.21,666.13,11.09,P 2,53.39,7,17,19.9,0.65,0.62,0.06,0.92,0.46,28733.61,Baik (>80%)
2020,Kalimantan Timur,Kota Bontang,103.48,37769.85,7446.62,19.72,29139.48,77.15,36586.1,96.87,6493.98,,17.19,P 2,44.12,6,27.5,18,2.1,0.03,0.25,1.05,0.95,1184.1,Baik (>80%)
2020,Kalimantan Utara,Kab. Nunukan,46.01,16794.78,3849.29,22.92,8104.15,48.25,11953.44,71.17,2488.38,2052.45,27.04,P 2,46.4,8.2,23.4,21.3,0.2,0.2,0.1,0.1,0.1,4840.21,Cukup (60-80%)
2020,Kalimantan Utara,Kota Tarakan,175.13,63924.05,8833.43,13.82,50870.05,79.58,59703.48,93.4,2372.42,500.05,4.49,P 2,41,12,16,17,1,2,,,11,4218.97,Baik (>80%)
2020,Sulawesi Utara,Kab. Minahasa,171.78,62700.43,6978.8,11.13,31390,50.06,38368.8,61.19,,,0,P 2,,,,,,,,,,24330.9,Cukup (60-80%)
2020,Sulawesi Utara,Kab. Kepulauan Sangihe,69.63,25415.32,2722.6,10.71,12023.1,47.31,14745.7,58.02,,,0,P 2,15,35,6,19,5,4,4,7,5,10669.25,Kurang (30-60%)
2020,Sulawesi Utara,Kab. Minahasa Selatan,94.59,34523.6,3768.1,10.91,9125,26.43,12893.1,37.35,57.12,,0.17,P 2,,,,,,,,,,21632.25,Kurang (30-60%)
2020,Sulawesi Utara,Kab. Minahasa Utara,103.85,37904.52,5069.74,13.38,18067.5,47.67,23137.24,61.04,15.23,,0.04,P 2,52.74,0.75,14.75,20.78,0.3,0.55,0.38,1.75,8,14768.01,Cukup (60-80%)
2020,Sulawesi Utara,Kab. Kep. Siau Tagulandang Biaro,35.91,13106.6,0,0,2920,22.28,2920,22.28,,,0,P 2,,,,,,,,,,10187.15,Sangat Kurang (<30%)
2020,Sulawesi Utara,Kab. Bolaang Mongondow Selatan,34.9,12736.86,0,0,3650,28.66,3650,28.66,,,0,P 2,,,,,,,,,,9088.5,Sangat Kurang (<30%)
2020,Sulawesi Utara,Kota Bitung,135.08,49304.35,8547.72,17.34,26040.16,52.82,34587.87,70.15,0,22.96,0.05,P 2,49.11,1.14,18.02,18.92,0.26,1.48,1.48,1.83,7.76,14716.33,Cukup (60-80%)
2020,Sulawesi Utara,Kota Tomohon,70.41,25699.98,3434.76,13.36,18980,73.85,22414.76,87.22,,,0,P 2,,,,,,,,,,3284.89,Baik (>80%)
2020,Sulawesi Utara,Kota Kotamobagu,86.45,31553.74,3139.29,9.95,22531.45,71.41,25670.74,81.36,1227.4,193.45,4.5,P 2,53.5,5,11.8,8.5,5.7,3.6,2.6,2.8,6.5,5883.51,Baik (>80%)
2020,Sulawesi Tengah,Kab. Banggai,188.19,68687.53,14086.98,20.51,29182.3,42.49,43269.28,62.99,29.5,3632.3,5.33,P 2,,,,,,,,,,25420.07,Cukup (60-80%)
2020,Sulawesi Tengah,Kab. Donggala,121.64,44400.06,1593.24,3.59,3047.75,6.86,4640.99,10.45,1009.08,10.95,2.3,P 2,35,10,20,13,6,3,3,3,7,39757.61,Sangat Kurang (<30%)
2020,Sulawesi Tengah,Kab. Parigi Moutong,220.01,80302.74,755.08,0.94,4362.12,5.43,5117.19,6.37,247.11,25.92,0.34,P 2,,,,,,,,,,75186.46,Sangat Kurang (<30%)
2020,Sulawesi Tengah,Kota Palu,198.08,72298.84,6295.88,8.71,58454.75,80.85,64750.63,89.56,365.73,,0.51,P 2,70.96,0.77,9.44,10.43,1.9,1.06,0.68,0.59,4.15,7548.57,Baik (>80%)
2020,Sulawesi Selatan,Kab. Kepulauan Selayar,68.54,25015.46,1259.53,5.04,5038.42,20.14,6297.95,25.18,1259.53,,5.04,P 2,50,8.17,15,15,4.9,2.6,3.5,0.5,0.33,18719.15,Sangat Kurang (<30%)
2020,Sulawesi Selatan,Kab. Bulukumba,171.97,62768.76,11096.56,17.68,1234.43,1.97,12330.99,19.65,943.1,923.45,2.97,P 2,5,5,5,10,2,,,0.5,5,50438.06,Sangat Kurang (<30%)
2020,Sulawesi Selatan,Kab. Bantaeng,80.45,29362.79,6256.35,21.31,8929.21,30.41,15185.56,51.72,5946.21,508.66,21.98,P 2,30.13,27.5,11,14,1.24,3,2,1.13,10,14178.69,Kurang (30-60%)
2020,Sulawesi Selatan,Kab. Bone,382.78,139714.88,15255.89,10.92,30660,21.94,45915.89,32.86,4206.24,,3.01,P 2,73.4,0.5,10,8.6,3.1,0.4,1.2,1.1,1.7,93798.81,Kurang (30-60%)
2020,Sulawesi Selatan,Kab. Maros,155.02,56583.91,10412.81,18.4,25567.16,45.18,35979.96,63.59,2903.72,17.16,5.16,P 2,70.72,10.04,7.18,8.86,0.98,0.17,0.05,0.03,1.97,20602.34,Cukup (60-80%)
2020,Sulawesi Selatan,Kab. Pangkajene dan Kepulauan,141.48,51641.66,0,0,0,0,,,,,,,,,,,,,,,,,Sangat Kurang (<30%)
2020,Sulawesi Selatan,Kab. Soppeng,95.76,34951.09,4098.56,11.73,22986.6,65.77,27085.16,77.49,3317.95,46.36,9.63,P 2,,,,,,,,,,7867.24,Cukup (60-80%)
2020,Sulawesi Selatan,Kab. Wajo,159.13,58080.84,318.23,0.55,49.31,0.08,367.54,0.63,0,49.31,0.08,P 2,42.1,17.1,6.5,19.1,2.3,6.4,2.8,2.2,1.5,57714.91,Sangat Kurang (<30%)
2020,Sulawesi Selatan,Kab. Sidenreng Rappang,132.41,48328.34,8583.75,17.76,24195.85,50.07,32779.6,67.83,8561.41,288.35,18.31,P 2,56,9.6,6.2,6.6,4.5,3.6,4.2,4.4,4.9,15550.05,Cukup (60-80%)
2020,Sulawesi Selatan,Kab. Enrekang,113.39,41386.62,8739.13,21.12,7117.53,17.2,15856.65,38.31,3627.33,6935.03,25.52,P 2,,,,,,,,,,25530.7,Kurang (30-60%)
2020,Sulawesi Selatan,Kab. Luwu,148.46,54189.65,3480.62,6.42,12475.65,23.02,15956.27,29.45,751.6,,1.39,P 2,40,10,25,15,3,1,2,2,2,38231.63,Sangat Kurang (<30%)
2020,Sulawesi Selatan,Kab. Luwu Utara,131.83,48119.56,356.93,0.74,6602.85,13.72,6959.78,14.46,356.43,,0.74,P 2,38,41.81,4.3,6.97,0.44,0.51,0.18,1,6.79,41158.17,Sangat Kurang (<30%)
2020,Sulawesi Selatan,Kab. Luwu Timur,119.87,43752.26,3657,8.36,24637.5,56.31,28294.5,64.67,2576.11,182.5,6.31,P 2,40,10,25,15,3,1,2,2,2,15458.05,Cukup (60-80%)
2020,Sulawesi Selatan,Kota Makassar,996.71,363800.57,4456.19,1.22,255784.71,70.31,260240.9,71.53,2591.04,,0.71,P 2,14.29,,2.04,5.26,1.67,0.71,,0.49,,103558.25,Cukup (60-80%)
2020,Sulawesi Selatan,Kota Parepare,74.76,27286.67,2807.78,10.29,20221,74.11,23028.78,84.4,,,0,P 2,52.3,10.8,11.9,13.75,2.55,1.65,1.9,2.8,2.35,4258.62,Baik (>80%)
2020,Sulawesi Selatan,Kota Palopo,106.37,38823.96,1947.46,5.02,18487.25,47.62,20434.71,52.63,472.98,237.25,1.83,P 2,20,30,15,20,5,5,,5,,18390.34,Kurang (30-60%)
2020,Sulawesi Tenggara,Kab. Buton,40.7,14856.67,0,0,4623.97,31.12,4623.97,31.12,,,0,P 2,,,,,,,,,,10231.53,Kurang (30-60%)
2020,Sulawesi Tenggara,Kab. Kolaka Utara,60.52,22088.34,1481.35,6.71,7340.33,33.23,8821.69,39.94,564.47,40.33,2.74,P 2,,,,,,,,,,13268.11,Kurang (30-60%)
2020,Gorontalo,Kab. Gorontalo,146.59,53506.23,457.53,0.86,6253.36,11.69,6710.89,12.54,437.79,59.31,0.93,P 2,64,12,13,1,1,1,1,1,6,46794.46,Sangat Kurang (<30%)
2020,Gorontalo,Kab. Pohuwato,58.99,21532.96,155.32,0.72,11242.06,52.21,11397.39,52.93,155.32,8095.4,38.32,P 2,34.13,14.3,10.2,35.89,,,,1.2,4.28,10133.96,Kurang (30-60%)
2020,Sulawesi Barat,Kab. Pasangkayu,71.4,26062.17,4324.68,16.59,1376.42,5.28,5701.1,21.87,4289.28,1376.42,21.74,P 2,5,6,30,40,9,,,,10,20359.9,Sangat Kurang (<30%)
2020,Sulawesi Barat,Kab. Polewali Mandar,179.15,65391.5,11105.11,16.98,23562.54,36.03,34667.65,53.02,3201.42,1662.54,7.44,P 2,58.68,14.35,9.05,9.7,5.55,0.45,0.35,0.27,1.6,30722.1,Kurang (30-60%)
2020,Maluku,Kab. Buru Selatan,30.79,11238.06,1967.79,17.51,7106.55,63.24,9074.34,80.75,,,0,P 2,20,19,16,23,5,4,2,7,4,2164.01,Baik (>80%)
2020,Maluku,Kota Ambon,270.56,98753.56,11895.27,12.05,59568,60.32,71463.27,72.37,1079.9,,1.09,P 2,39,9,12.3,15.9,7,4.3,3,5,4.5,27291.13,Cukup (60-80%)
2020,Maluku Utara,Kab. Halmahera Utara,138.35,50496.51,0,0,12775,25.3,12775,25.3,,,0,P 2,49.76,15.82,12.74,13.27,0.92,0.63,0.22,2.26,4.38,37722.75,Sangat Kurang (<30%)
2020,Maluku Utara,Kota Tidore Kepulauan,45.9,16753.21,1707.48,10.19,9055.65,54.05,10763.13,64.25,1596.25,,9.53,P 2,34,25,12,11.8,2.3,0.8,1.5,5.8,6.8,5990.37,Cukup (60-80%)
2020,Papua,Kab. Biak Numfor,58.38,21308.99,4687.22,22,15982.62,75,20669.84,97,3907.86,,18.34,P 2,11.93,36.39,24.11,12.54,11.28,0.02,0.14,3.59,0,638.86,Baik (>80%)
2020,Papua,Kab. Keerom,25.49,9305.16,0,0,3021.84,32.47,3021.84,32.47,,,0,P 2,10,8,10,35,10,5,15,2,5,6282.01,Kurang (30-60%)
2020,Papua,Kota Jayapura,253.27,92442.31,5076.9,5.49,67532.3,73.05,72609.2,78.55,4090.38,,4.42,P 2,66.39,10.58,4.79,6.6,4.34,2.05,1.08,0.46,3.71,19834.35,Cukup (60-80%)
2020,Papua Barat,Kab. Manokwari,156.67,57182.95,14.4,0.03,39306.85,68.74,39321.25,68.76,14.4,,0.03,P 2,44,,11,26,,,,,19,17863.3,Cukup (60-80%)
2020,Papua Selatan,Kab. Asmat,44.04,16075.33,0,0,2737.5,17.03,2737.5,17.03,,,0,P 2,20,10,15,40,4,3,3,3,2,13337.1,Sangat Kurang (<30%)
2020,Papua Barat Daya,Kab. Sorong Selatan,21.72,7929.55,3.16,0.04,1131.5,14.27,1134.66,14.31,,,0,P 2,,,,,,,,,,6793.14,Sangat Kurang (<30%)
2020,Papua Barat Daya,Kab. Raja Ampat,33.13,12090.99,10.66,0.09,547.5,4.53,558.16,4.62,6.94,547.5,4.59,P 2,0,0,0,0,0,,,0,,11534.29,Sangat Kurang (<30%)
2019,Aceh,Kab. Aceh Selatan,95.93,35013.28,1841.06,5.26,12826.1,36.63,14667.16,41.89,,,0,P 2,,,,,,,,,,20347.29,Kurang (30-60%)
2019,Aceh,Kab. Aceh Tengah,100.97,36853.74,2496.54,6.77,22228.5,60.32,24725.04,67.09,1053.03,,2.86,P 2,20,20,10,25,5,10,5,3,2,12129.01,Cukup (60-80%)
2019,Aceh,Kab. Simeulue,43.96,16044.14,219,1.36,4938.45,30.78,5157.45,32.15,219,,1.36,P 2,5.75,14.5,13.25,35.25,18.75,3.5,3.75,2.25,3,10887.95,Kurang (30-60%)
2019,Aceh,Kab. Gayo Lues,37.64,13738.6,14.6,0.11,5945.85,43.28,5960.45,43.38,,,0,P 2,40,14,12,17,3,3,2,2,7,7778.15,Kurang (30-60%)
2019,Aceh,Kab. Bener Meriah,64.89,23683.1,666.62,2.81,0,0,666.62,2.81,,,0,P 2,,,,,,,,,,23018.23,Sangat Kurang (<30%)
2019,Aceh,Kota Banda Aceh,238.6,87088.96,11769.41,13.51,69380.92,79.67,81150.33,93.18,11634.96,,13.36,P 2,35.2,11.5,3,6.8,4.5,7.5,9.3,4.5,17.7,5938.67,Baik (>80%)
2019,Aceh,Kota Sabang,21.61,7886.51,0,0,6380.2,80.9,6380.2,80.9,,,0,P 2,,,,,,,,,,1507.45,Baik (>80%)
2019,Aceh,Kota Langsa,94.58,34522.61,6982.14,20.22,17841.2,51.68,24823.34,71.9,636.98,153.3,2.29,P 2,17,20,7,7,12,6,8,5,7,9698.36,Cukup (60-80%)
2019,Sumatera Utara,Kab. Langkat,416.71,152099.15,2184.15,1.44,20075,13.2,22259.15,14.63,647.5,,0.43,P 2,22.9,19.9,18.9,14.6,1,3,2,2,7,129840,Sangat Kurang (<30%)
2019,Sumatera Utara,Kab. Deli Serdang,1077.81,393401.56,8549,2.17,149759.5,38.07,158308.5,40.24,8549,109.5,2.2,P 2,20.5,14,13.8,30.2,6,5,3,2,5.5,235092.15,Kurang (30-60%)
2019,Sumatera Utara,Kab. Dairi,113.28,41347.64,146.97,0.36,9708.27,23.48,9855.24,23.84,36.2,72.27,0.26,P 2,55.53,10.99,12.48,19.26,0.32,0.35,0.2,0.53,0.34,31491.96,Sangat Kurang (<30%)
2019,Sumatera Utara,Kab. Humbang Hasundutan,56.54,20638.56,365.18,1.77,10991.26,53.26,11356.44,55.03,,41.26,0.2,P 2,12,55,10,13,3,1,0.2,0.8,5,9280.66,Kurang (30-60%)
2019,Sumatera Utara,Kab. Samosir,82.02,29938.1,1352.33,4.52,10220,34.14,11572.33,38.65,1060.33,,3.54,P 2,25,10.5,20,30,4,2,1,0.5,7,18364.97,Kurang (30-60%)
2019,Sumatera Utara,Kota Medan,1704.02,621968.76,1931.19,0.31,310250,49.88,312181.19,50.19,1201.19,,0.19,P 2,48,5,17,14,1,4,2,1,8,309786.11,Kurang (30-60%)
2019,Sumatera Utara,Kota Pematangsiantar,229.79,83871.96,0,0,0,0,,,,,,,,,,,,,,,,,Sangat Kurang (<30%)
2019,Sumatera Utara,Kota Tebing Tinggi,121.18,44229.35,2890.95,6.54,31987.27,72.32,34878.22,78.86,2890.95,308.92,7.23,P 2,,,,,,,,,,9352.48,Cukup (60-80%)
2019,Sumatera Barat,Kab. Pesisir Selatan,138.21,50448.4,8413.49,16.68,10220,20.26,18633.49,36.94,4393.38,,8.71,P 2,21.5,19.5,21.8,20,15.5,0.4,1.3,,,31813.16,Kurang (30-60%)
2019,Sumatera Barat,Kab. Sijunjung,94.34,34435.06,22927.43,66.58,6624.75,19.24,29552.18,85.82,22582.87,,65.58,P 2,20.1,18.2,20.4,19,20.4,1.2,0.2,0.5,,4881.92,Baik (>80%)
2019,Sumatera Barat,Kab. Tanah Datar,120.14,43849.48,6946.97,15.84,15162.96,34.58,22109.94,50.42,6778.11,550.63,16.71,P 2,69.34,,8.63,6,2.24,1.57,,3.33,8.89,21741.16,Kurang (30-60%)
2019,Sumatera Barat,Kab. Agam,196.51,71727.17,1650.37,2.3,14349.54,20.01,15999.9,22.31,1648.49,4.09,2.3,P 2,62.63,4.99,6.16,13.47,1.05,0.14,0.35,0.28,10.93,55726.25,Sangat Kurang (<30%)
2019,Sumatera Barat,Kab. Pasaman,86.56,31594.98,2231.73,7.06,10417.1,32.97,12648.83,40.03,1436.43,,4.55,P 2,74.83,1.7,10.2,6.8,2.04,0.68,0.68,2.38,0.69,18945.57,Kurang (30-60%)
2019,Sumatera Barat,Kab. Dharmasraya,96.33,35161.11,2921.63,8.31,19691.75,56,22613.38,64.31,857.06,,2.44,P 2,,,19,28,44,,,,,12547.07,Cukup (60-80%)
2019,Sumatera Barat,Kota Solok,49.71,18143.06,1657.73,9.14,15822.75,87.21,17480.48,96.35,1216.01,73,7.1,P 2,41.92,12.68,15.47,20.53,0.56,0.66,0.1,1.65,6.43,663.67,Baik (>80%)
2019,Sumatera Barat,Kota Sawahlunto,18.51,6756.54,606.15,8.97,5332.65,78.93,5938.8,87.9,496.43,,7.35,P 2,46,10,15,10,3,5,4,5,2,817.35,Baik (>80%)
2019,Sumatera Barat,Kota Padang Panjang,46.21,16867.96,2242.16,13.29,14571.53,86.39,16813.69,99.68,429.03,77.38,3,P 2,43.15,23.56,14.35,12.67,1.5,0.95,0.8,1.19,1.83,52.96,Baik (>80%)
2019,Sumatera Barat,Kota Bukittinggi,113.43,41402.8,1222.67,2.95,39528,95.47,40750.67,98.42,1023.84,292,3.18,P 2,,,,,,,,,,651.28,Baik (>80%)
2019,Sumatera Barat,Kota Payakumbuh,97.38,35543.88,7098.58,19.97,26184.01,73.67,33282.59,93.64,6573.29,28.11,18.57,P 2,48.26,5.15,14.15,26.56,0.22,0.89,0.51,0.78,3.48,2261.11,Baik (>80%)
2019,Riau,Kab. Kampar,344.98,125917.12,24255.16,19.26,48925.51,38.86,73180.67,58.12,1446.01,15.51,1.16,P 2,20,10,10,35,10,5,5,5,,52737.03,Kurang (30-60%)
2019,Riau,Kab. Pelalawan,148.14,54072.27,9276.43,17.16,14072.88,26.03,23349.31,43.18,1.4,407.65,0.76,P 2,,,,,,,,,,30721.79,Kurang (30-60%)
2019,Riau,Kab. Rokan Hilir,500.79,182786.74,30660.36,16.77,53731.65,29.4,84392.01,46.17,8807.54,76.65,4.86,P 2,8,33,19,24,3,3,2,2,6,98396.34,Kurang (30-60%)
2019,Riau,Kab. Siak,186.17,67950.44,13716.66,20.19,30021.25,44.18,43737.91,64.37,4069.32,,5.99,P 2,39,15,10,26,1,2,2,3,2,24214.14,Cukup (60-80%)
2019,Riau,Kota Pekanbaru,1036.51,378324.91,82238.99,21.74,295942,78.22,378180.99,99.96,44554.8,2482,12.43,P 2,,,,,,,,,,145.16,Baik (>80%)
2019,Jambi,Kab. Merangin,192.16,70140.04,20447.72,29.15,26783.7,38.19,47231.42,67.34,5493.17,9271,21.05,P 2,28,13,19,15,4,4,3,2,12,22906.98,Cukup (60-80%)
2019,Jambi,Kab. Sarolangun,120.76,44078.57,3059.39,6.94,4051.5,9.19,7110.89,16.13,1941.44,,4.4,P 2,,,,,,,,,,36966.51,Sangat Kurang (<30%)
2019,Jambi,Kab. Batanghari,120.85,44110.54,8002.3,18.14,0,0,8002.3,18.14,329.76,,0.75,P 2,36,15,18.8,14,3.2,3,2,2,6,36107.95,Sangat Kurang (<30%)
2019,Jambi,Kab. Muaro Jambi,80.02,29208.76,3611.92,12.37,182.5,0.62,3794.42,12.99,819.43,,2.81,P 2,,,,,,,,,,25412.88,Sangat Kurang (<30%)
2019,Jambi,Kab. Bungo,149.37,54519.9,10849.7,19.9,28431.87,52.15,39281.57,72.05,6272.38,7447.82,25.17,P 2,63.13,13.25,1.42,4.48,5.88,3.83,5.73,1.38,0.9,15238.48,Cukup (60-80%)
2019,Jambi,Kota Sungai Penuh,50.47,18420.46,0,0,11862.5,64.4,11862.5,64.4,,,0,P 2,,,,,,,,,100,6559.05,Cukup (60-80%)
2019,Sumatera Selatan,Kab. Ogan Komering Ulu,146.76,53565.79,10329.78,19.28,18793.12,35.08,29122.9,54.37,9779.41,411.72,19.03,P 2,,,,,,,,,,24444.5,Kurang (30-60%)
2019,Sumatera Selatan,Kab. Muara Enim,440.06,160622.89,34022.64,21.18,34748,21.63,68770.64,42.81,14839.06,,9.24,P 2,61.02,8.07,7.38,17.18,1.14,1.33,0.36,0.31,3.21,91851.26,Kurang (30-60%)
2019,Sumatera Selatan,Kab. Musi Rawas,283.62,103522.21,7556.05,7.3,4015,3.88,11571.05,11.18,3202.92,,3.09,P 2,43.52,17.41,10.44,22.24,1.55,0.97,2.9,0.58,0.39,91950.25,Sangat Kurang (<30%)
2019,Sumatera Selatan,Kab. Empat Lawang,175.15,63928.4,175.55,0.27,6570,10.28,6745.55,10.55,121.55,,0.19,P 2,,,,,,,,,,57184.2,Sangat Kurang (<30%)
2019,Sumatera Selatan,Kota Palembang,1164.03,424869.16,83393.25,19.63,324828.1,76.45,408221.35,96.08,21593.63,0,5.08,P 2,51.2,6.7,17.2,18,0.6,2.8,0.5,1.2,1.9,16649.6,Baik (>80%)
2019,Sumatera Selatan,Kota Prabumulih,93.42,34097.21,5881.76,17.25,25550,74.93,31431.76,92.18,5731.05,,16.81,P 2,56.71,7.8,5.3,24.75,0.63,1.22,0.33,0.76,2.5,2666.54,Baik (>80%)
2019,Bengkulu,Kab. Bengkulu Selatan,63.36,23127.71,2103.39,9.09,9088.5,39.3,11191.89,48.39,428.51,,1.85,P 2,40,20,19.5,8,1.5,2,1,5,3,11934.51,Kurang (30-60%)
2019,Bengkulu,Kab. Bengkulu Utara,179.2,65408.29,0,0,15658.5,23.94,15658.5,23.94,0,620.5,0.95,P 2,31.6,37.5,7.4,6.3,5.1,0.8,2.9,2.5,5.9,49749.5,Sangat Kurang (<30%)
2019,Bengkulu,Kab. Lebong,42.92,15665.22,0,0,4336.2,27.68,4336.2,27.68,,,0,P 2,,,,,,,,,,11329.6,Sangat Kurang (<30%)
2019,Bengkulu,Kab. Kepahiang,54.98,20068.87,3863.89,19.25,6570,32.74,10433.89,51.99,41.98,,0.21,P 2,,,,,,,,,,9633.81,Kurang (30-60%)
2019,Bengkulu,Kab. Bengkulu Tengah,57.25,20897.71,1691.63,8.09,3854.4,18.44,5546.03,26.54,175.45,,0.84,P 2,15,50,15,17.2,2,0.5,0.1,0.2,,15350.22,Sangat Kurang (<30%)
2019,Lampung,Kab. Lampung Barat,121.28,44266.32,474.08,1.07,2711.95,6.13,3186.03,7.2,440.69,,1,P 2,20,15,10,35,2,0.5,0.5,0.2,16.8,41081.17,Sangat Kurang (<30%)
2019,Lampung,Kab. Way Kanan,180.55,65902.21,46810.97,71.03,1971,2.99,48781.97,74.02,63.96,,0.1,P 2,0.6,0.17,0.05,0.09,0.05,0.02,0.02,0.01,0,17118.78,Cukup (60-80%)
2019,Lampung,Kab. Pringsewu,158.89,57993.97,20.01,0.03,24820,42.8,24840.01,42.83,15.5,,0.03,P 2,50,15,5,20,1,0.25,0.25,0.25,8.25,33154.84,Kurang (30-60%)
2019,Lampung,Kota Bandar Lampung,683.48,249468.38,10987.83,4.4,237250,95.1,248237.83,99.51,26.1,,0.01,P 2,30,5,5,30,5,2,10,6,7,1232.37,Baik (>80%)
2019,Kepulauan Bangka Belitung,Kab. Bangka Selatan,85.69,31275.97,4741.75,15.16,20401.68,65.23,25143.42,80.39,4019.5,1056.68,16.23,P 2,19.99,37.46,10.04,17.42,12.67,0.78,0.65,0.54,0.45,6133.43,Baik (>80%)
2019,Kepulauan Bangka Belitung,Kab. Bangka Tengah,78.64,28704.62,4923.91,17.15,4482.2,15.61,9406.11,32.77,171.72,,0.6,P 2,40,14,10,15,2,12,4,1,2,19297.49,Kurang (30-60%)
2019,Kepulauan Bangka Belitung,Kota Pangkal Pinang,145.15,52978.44,25078.76,47.34,17252.46,32.57,42331.22,79.9,5447.97,827.46,11.85,P 2,,,,,,,,,,10648.53,Cukup (60-80%)
2019,Kepulauan Riau,Kab. Karimun,175.36,64005.56,12678.57,19.81,50735,79.27,63413.57,99.08,3764.54,,5.88,P 2,25,18,20,23.5,4.5,3,1.4,4,0.6,592.83,Baik (>80%)
2019,Kepulauan Riau,Kab. Natuna,30.4,11096.86,0,0,4730.4,42.63,4730.4,42.63,,,0,P 2,,,,,,,,,,6365.6,Kurang (30-60%)
2019,Kepulauan Riau,Kab. Lingga,27.28,9958.48,2256.32,22.66,5011.45,50.32,7267.77,72.98,1952.42,10.95,19.72,P 2,40.8,10.3,17.1,12.8,1.6,9.5,4.8,1.6,1.5,2689.43,Cukup (60-80%)
2019,Kepulauan Riau,Kab. Kepulauan Anambas,12.73,4645.98,260.84,5.61,200.75,4.32,461.59,9.94,186,,4,P 2,,,,,,,,,,4184.86,Sangat Kurang (<30%)
2019,Kepulauan Riau,Kota Batam,1332.39,486321.91,95147.55,19.56,387692.03,79.72,482839.58,99.28,1054.55,36.5,0.22,P 2,49,9,10,19,1,2,0,1,9,3482.77,Baik (>80%)
2019,Kepulauan Riau,Kota Tanjung Pinang,143.53,52387.65,7469.3,14.26,30779.45,58.75,38248.75,73.01,3197.16,126.75,6.34,P 2,18,37,9,26,3,1,2,1,3,14139.7,Cukup (60-80%)
2019,DKI Jakarta,Kab. Adm. Kep. Seribu,17.01,6210.12,1139.01,18.34,3.45,0.06,1142.46,18.4,1139.01,3.45,18.4,P 2,23.02,2.97,0.18,0.9,0.08,,,0.65,72.2,5066.19,Sangat Kurang (<30%)
2019,DKI Jakarta,Kota Adm. Jakarta Utara,1327.56,484561.02,51413.89,10.61,432288.5,89.21,483702.39,99.82,19987.39,,4.12,P 2,,,,,,,,,,857.01,Baik (>80%)
2019,DKI Jakarta,Kota Adm. Jakarta Selatan,1904.63,695190.04,50120.75,7.21,589127.24,84.74,639247.99,91.95,37502.7,,5.39,P 2,,,,,,,,,,55941.96,Baik (>80%)
2019,DKI Jakarta,Kota Adm. Jakarta Timur,2253.66,822585.19,71658.43,8.71,303.53,0.04,71961.96,8.75,5399.99,303.53,0.69,P 2,,,,,,,,,,750623.94,Sangat Kurang (<30%)
2019,Jawa Barat,Kab. Sukabumi,1020.58,372510.24,73526.07,19.74,152570,40.96,226096.07,60.7,15030.15,,4.03,P 2,45.08,6.8,7.1,26.27,1.21,1.27,0.11,2.62,6.6,146415.63,Cukup (60-80%)
2019,Jawa Barat,Kab. Ciamis,567.32,207071.95,70834.16,34.21,41317.64,19.95,112151.79,54.16,66651.99,3357.64,33.81,P 2,26.4,0.4,33,5,10.7,6.4,1.7,16.1,0.3,94920.01,Kurang (30-60%)
2019,Jawa Barat,Kab. Sumedang,437.91,159837.88,2482.58,1.55,0,0,2482.58,1.55,2482.58,,1.55,P 2,62.27,1.97,9.25,12.57,1.77,0.91,1.25,1.09,8.92,157354.57,Sangat Kurang (<30%)
2019,Jawa Barat,Kab. Subang,1039.15,379288.79,0,0,66065,17.42,66065,17.42,,,0,P 2,,,,,,,,,,313224.75,Sangat Kurang (<30%)
2019,Jawa Barat,Kab. Bekasi,1814.94,662451.28,40916.46,6.18,170090,25.68,211006.46,31.85,,,0,P 2,,,,,,,,,,451446.64,Kurang (30-60%)
2019,Jawa Barat,Kab. Pangandaran,169.91,62018.76,188.44,0.3,8672.4,13.98,8860.84,14.29,115.44,,0.19,P 2,,,,,,,,,,53156.31,Sangat Kurang (<30%)
2019,Jawa Barat,Kota Bogor,658.1,240205.33,34841.41,14.5,187773.93,78.17,222615.34,92.68,477.35,2718.93,1.33,P 2,20,33.3,19.7,10,1.5,3.5,1,1,10,17591.16,Baik (>80%)
2019,Jawa Barat,Kota Sukabumi,177.96,64956.11,9049.04,13.93,46540.15,71.65,55589.19,85.58,659.02,396.85,1.63,P 2,51,12,7,6,6,4,4,3,7,9366.21,Baik (>80%)
2019,Jawa Barat,Kota Depok,1516.3,553449.64,68520.79,12.38,35204.98,6.36,103725.77,18.74,60593.95,22137.98,14.95,P 2,62.95,0.57,6.1,21.36,0.14,0.57,0.5,0.57,7.24,449723.73,Sangat Kurang (<30%)
2019,Jawa Barat,Kota Cimahi,271.34,99039.08,11031.38,11.14,81526.48,82.32,92557.87,93.46,10732.45,248.28,11.09,P 2,,50.6,8.6,15.6,3.1,5.3,,3,13.8,6481.23,Baik (>80%)
2019,Jawa Barat,Kota Tasikmalaya,291.95,106560.83,0,0,62057.3,58.24,62057.3,58.24,,,0,P 2,48.7,,5.8,5.4,0.2,1.9,,6.3,31.6,44504.45,Kurang (30-60%)
2019,Jawa Tengah,Kab. Cilacap,912.95,333228.3,41811.06,12.55,211413.41,63.44,253224.47,75.99,382.19,153637.56,46.22,P 2,57.67,10.63,9.71,16.42,1.33,1.25,0.51,0.65,1.83,80002.28,Cukup (60-80%)
2019,Jawa Tengah,Kab. Kebumen,406.54,148386.62,33653.31,22.68,70353.75,47.41,104007.06,70.09,23349.36,7121.15,20.53,P 2,58,,11,13,13,1,,2,2,44380.04,Cukup (60-80%)
2019,Jawa Tengah,Kab. Purworejo,287.33,104874.14,7970.92,7.6,14768.01,14.08,22738.94,21.68,7970.92,315.01,7.9,P 2,5,55,8,12,3,1,0.5,1,12.5,82136.51,Sangat Kurang (<30%)
2019,Jawa Tengah,Kab. Wonosobo,316.2,115411.69,16239.92,14.07,31217.54,27.05,47457.46,41.12,3968.22,192.54,3.61,P 2,40,21.45,10,20,0.2,0.2,0.15,1,2,67955.54,Kurang (30-60%)
2019,Jawa Tengah,Kab. Boyolali,265.9,97052.73,24695.03,25.44,25320.05,26.09,50015.08,51.53,24675.78,,25.43,P 2,53.84,1.8,13.31,20.89,1.1,1.57,1.05,0.98,5.46,47038.42,Kurang (30-60%)
2019,Jawa Tengah,Kab. Klaten,352.5,128660.97,27905,21.69,27236.3,21.17,55141.3,42.86,,,0,P 2,60,5,5,20,0.5,5,3,0.5,1,73521.2,Kurang (30-60%)
2019,Jawa Tengah,Kab. Sukoharjo,365.85,133536.71,24334.73,18.22,67028.6,50.19,91363.33,68.42,9327.17,,6.98,P 2,77.1,1.42,3.12,14.04,0.21,1.39,0.16,0.16,2.4,42171.92,Cukup (60-80%)
2019,Jawa Tengah,Kab. Wonogiri,436.6,159359.58,44618.33,28,16870.3,10.59,61488.63,38.58,44618.33,36.5,28.02,P 2,22.3,29.48,19.74,11.81,6.54,,,6.07,4.06,97870.37,Kurang (30-60%)
2019,Jawa Tengah,Kab. Sragen,532.73,194447.69,38721.55,19.91,79073.6,40.67,117795.15,60.58,3135.43,2423.6,2.86,P 2,74.7,0.9,8.4,11.1,0.4,2.2,0.3,1.7,0.3,76651.3,Cukup (60-80%)
2019,Jawa Tengah,Kab. Grobogan,739.14,269785.74,0,0,24820,9.2,24820,9.2,0,,0,P 2,12,44,10,15,2,3,3,5,6,244966.1,Sangat Kurang (<30%)
2019,Jawa Tengah,Kab. Pati,501.32,182981.65,36823.11,20.12,44321.95,24.22,81145.05,44.35,4130.04,779.28,2.68,P 2,,,,,,,,,,101836.75,Kurang (30-60%)
2019,Jawa Tengah,Kab. Kudus,435.84,159083.24,27585.33,17.34,68713.01,43.19,96298.34,60.53,27150.12,21124.31,30.35,P 2,73,3,8,9,2.1,1.5,1,1.2,,62783.26,Cukup (60-80%)
2019,Jawa Tengah,Kab. Jepara,687.87,251072.2,11955.64,4.76,28543,11.37,40498.64,16.13,8124.72,730,3.53,P 2,55.08,5.29,11.48,19.63,1.26,2.12,1.02,1.2,2.92,210573.91,Sangat Kurang (<30%)
2019,Jawa Tengah,Kab. Semarang,526.9,192320,20768.64,10.8,55845,29.04,76613.64,39.84,83.59,,0.04,P 2,57.5,4,7.1,18.2,1.9,2.2,,1.2,0.5,115704.86,Kurang (30-60%)
2019,Jawa Tengah,Kab. Kendal,404.78,147743.09,3892.87,2.63,22673.8,15.35,26566.67,17.98,1847.7,43.8,1.28,P 2,52.2,20.25,9.33,10.76,1.26,3.04,0.86,2,0.3,121178.03,Sangat Kurang (<30%)
2019,Jawa Tengah,Kab. Batang,230.57,84159.84,913.76,1.09,82146.9,97.61,83060.66,98.69,118.02,,0.14,P 2,,,,,,,,,,1097.39,Baik (>80%)
2019,Jawa Tengah,Kab. Pemalang,390.84,142657.91,29219.01,20.48,59239.5,41.53,88458.51,62.01,2779.29,839.5,2.54,P 2,45,5,10,20,4,4,5,2,5,54198.09,Cukup (60-80%)
2019,Jawa Tengah,Kab. Brebes,904.55,330160.02,13148.43,3.98,7665,2.32,20813.43,6.3,,,0,P 2,1,86,1,7,1,1,1,1,1,309347.32,Sangat Kurang (<30%)
2019,Jawa Tengah,Kota Magelang,85.39,31168.96,1151.1,3.69,24661.59,79.12,25812.69,82.82,1151.1,93.44,3.99,P 2,33.7,13.3,40.3,0.8,1.8,0.5,3.7,5.9,0,5354.66,Baik (>80%)
2019,Jawa Tengah,Kota Semarang,1251.71,456873.35,78081.33,17.09,356782.59,78.09,434863.92,95.18,23322.45,15069.59,8.4,P 2,60.79,,10.18,17.2,1.22,4.94,1,1.79,2.88,22010.23,Baik (>80%)
2019,Daerah Istimewa Yogyakarta,Kab. Kulon Progo,169.24,61774.21,0,0,0,0,,,,,,,67.18,,12.6,17.22,1.68,0.21,,1.11,,,Sangat Kurang (<30%)
2019,Daerah Istimewa Yogyakarta,Kab. Bantul,555.92,202910.55,0,0,0,0,,,,,,,64.2,3.2,6.2,6.2,13.6,1.1,0.5,1.1,1.7,,Sangat Kurang (<30%)
2019,Daerah Istimewa Yogyakarta,Kab. Gunungkidul,360.74,131671.16,0,0,0,0,,,,,,,,,,,,,,,,,Sangat Kurang (<30%)
2019,Daerah Istimewa Yogyakarta,Kab. Sleman,699.12,255180.17,0,0,0,0,,,,,,,,,,,,,,,,,Sangat Kurang (<30%)
2019,Daerah Istimewa Yogyakarta,Kota Yogyakarta,361.96,132116.36,0,0,0,0,,,,,,,50.21,10.91,6.18,10.79,2.12,0.68,0.13,10.66,8.32,,Sangat Kurang (<30%)
2019,Jawa Timur,Kab. Pacitan,284.83,103962.36,8971.91,8.63,11048.55,10.63,20020.46,19.26,8946.14,671.6,9.25,P 2,68.2,2.9,8.2,17.2,0.5,0.2,0.3,0.5,2,83942.49,Sangat Kurang (<30%)
2019,Jawa Timur,Kab. Trenggalek,307.01,112059.38,16210.04,14.47,50114.5,44.72,66324.54,59.19,4453.17,,3.97,P 2,,,,,,,,,,45734.11,Kurang (30-60%)
2019,Jawa Timur,Kab. Tulungagung,519.51,189621.88,8524.93,4.5,117570.14,62,126095.07,66.5,8524.93,,4.5,P 2,46,18,7.5,4.5,11,4.7,2,4,2.3,63526.08,Cukup (60-80%)
2019,Jawa Timur,Kab. Blitar,415.61,151697.14,61104.57,40.28,49947.5,32.93,111052.07,73.21,9013.52,2061.24,7.3,P 2,29,50,5,10,,,,,1,40645.58,Cukup (60-80%)
2019,Jawa Timur,Kab. Kediri,505.94,184669.09,9236.97,5,29648.95,16.06,38885.92,21.06,8587.87,,4.65,P 2,,,,,,,,,,145782.18,Sangat Kurang (<30%)
2019,Jawa Timur,Kab. Malang,1042.48,380505.78,17347.48,4.56,103003,27.07,120350.48,31.63,15994.33,,4.2,P 2,65.74,1.51,6.88,15.16,0.27,1.12,0.4,0.67,1.93,260154.72,Kurang (30-60%)
2019,Jawa Timur,Kab. Lumajang,500.35,182629.01,33061.62,18.1,55577.49,30.43,88639.11,48.54,18000.14,261.74,10,P 2,40.25,17.35,6.44,17.8,1.15,3.25,1.45,1.5,6.6,93988.64,Kurang (30-60%)
2019,Jawa Timur,Kab. Banyuwangi,1221.97,446019.96,43376.69,9.73,60225,13.5,103601.69,23.23,261.97,,0.06,P 2,34.04,0.84,18.98,21.76,0.94,1.52,0.57,2.55,18.8,342417.36,Sangat Kurang (<30%)
2019,Jawa Timur,Kab. Bondowoso,285.75,104298.71,437.67,0.42,20837.85,19.98,21275.52,20.4,376.1,,0.36,P 2,60.22,2.32,7.63,25.3,1.2,1.13,1.2,1,,83023.23,Sangat Kurang (<30%)
2019,Jawa Timur,Kab. Situbondo,256.12,93482.61,15801.53,16.9,68130.9,72.88,83932.43,89.78,4538.06,11515.75,17.17,P 2,25,25,25,12,3,2,3,1,4,9551.37,Baik (>80%)
2019,Jawa Timur,Kab. Probolinggo,466.12,170133.51,5285.27,3.11,15753.4,9.26,21038.67,12.37,540.08,,0.32,P 2,20,32,16.6,16.9,0.4,0.5,12,0.2,1.4,149095.13,Sangat Kurang (<30%)
2019,Jawa Timur,Kab. Pasuruan,1152.06,420500.88,76025.36,18.08,295.56,0.07,76320.92,18.15,372.54,295.56,0.16,P 2,,,,,,,,,,344180.98,Sangat Kurang (<30%)
2019,Jawa Timur,Kab. Sidoarjo,1223.93,446733.65,36977.74,8.28,164250,36.77,201227.74,45.04,4917.41,,1.1,P 2,70.3,1.4,8.5,11,0.2,1.1,0.2,0.5,6.8,245506.71,Kurang (30-60%)
2019,Jawa Timur,Kab. Nganjuk,421.84,153973.21,25793.04,16.75,53197.72,34.55,78990.76,51.3,445.4,15816.98,10.56,P 2,,,,,,,,,,74980.84,Kurang (30-60%)
2019,Jawa Timur,Kab. Madiun,273.07,99671.28,11641.09,11.68,9289.25,9.32,20930.34,21,1634.24,164.25,1.8,P 2,63.53,4.15,7.5,19.71,1.34,2.65,0.01,0.13,0.98,78740.21,Sangat Kurang (<30%)
2019,Jawa Timur,Kab. Ngawi,365.42,133378.74,14578.81,10.93,28532.42,21.39,43111.23,32.32,1164.06,792.42,1.47,P 2,10,50,10,20,3,3,1,1,2,90267.07,Kurang (30-60%)
2019,Jawa Timur,Kab. Bojonegoro,508.74,185688.35,19086.64,10.28,31014.05,16.7,50100.69,26.98,12488.94,0,6.73,P 2,5,20,40,35,,,,,,135589.41,Sangat Kurang (<30%)
2019,Jawa Timur,Kab. Tuban,490.92,179184.71,48540.02,27.09,46355,25.87,94895.02,52.96,23783.37,,13.27,P 2,58.53,15.43,5.78,11.02,0.17,1.62,,1.33,6.12,84290.78,Kurang (30-60%)
2019,Jawa Timur,Kab. Gresik,324.55,118459.29,820.04,0.69,78033.35,65.87,78853.39,66.57,90.13,,0.08,P 2,42,1,10.5,16.5,0.5,1.5,,1,27,39607.36,Cukup (60-80%)
2019,Jawa Timur,Kab. Pamekasan,269.33,98305.05,16100.45,16.38,10603.25,10.79,26703.7,27.16,15510.61,36.5,15.82,P 2,,,,,,,,,,71601.75,Sangat Kurang (<30%)
2019,Jawa Timur,Kab. Sumenep,360.2,131473.99,1991.5,1.51,11840.6,9.01,13832.1,10.52,226.97,,0.17,P 2,58.72,1.08,20.83,17.33,,0.91,0.26,0.57,0.3,117640.9,Sangat Kurang (<30%)
2019,Jawa Timur,Kota Kediri,147.48,53828.38,5894.48,10.95,44530,82.73,50424.48,93.68,2902.85,,5.39,P 2,27,28,15,24,1,0.5,1.5,1.8,1.2,3405.72,Baik (>80%)
2019,Jawa Timur,Kota Blitar,70.94,25892.37,2494.24,9.63,21259.43,82.11,23753.67,91.74,2482.18,903.38,13.08,P 2,53,13.6,5.2,9.1,0.8,2.9,3,3.4,9,2139.43,Baik (>80%)
2019,Jawa Timur,Kota Malang,670.47,244720.24,41068.66,16.78,186936.57,76.39,228005.23,93.17,40881.91,5144.68,18.81,P 2,11.8,61,18,7,0.4,0.8,0.6,0.2,0.2,16716.32,Baik (>80%)
2019,Jawa Timur,Kota Probolinggo,94.08,34340.81,4891.17,14.24,21563.4,62.79,26454.57,77.04,4493.36,691.6,15.1,P 2,58.5,5.4,11.2,17.9,0.8,0.9,1.6,1,2,7884.63,Cukup (60-80%)
2019,Jawa Timur,Kota Pasuruan,131.28,47915.72,13433.94,28.04,33645.7,70.22,47079.64,98.26,13433.94,,28.04,P 2,37.9,32,4.3,8.8,4.3,3.5,5,1.7,2.5,837.56,Baik (>80%)
2019,Jawa Timur,Kota Mojokerto,64.73,23627.73,4470.73,18.92,16808.25,71.14,21278.98,90.06,1442.19,91.25,6.49,P 2,73.1,0.02,9.51,13.45,0.32,0.9,0.11,0.49,2.1,2347.47,Baik (>80%)
2019,Jawa Timur,Kota Madiun,116.77,42622.24,3937.56,9.24,31838.22,74.7,35775.78,83.94,3937.56,305.87,9.96,P 2,81,0.5,8,4,3,1,1,1,0.5,6845.27,Baik (>80%)
2019,Jawa Timur,Kota Surabaya,2224.27,811860.24,63983.97,7.88,719003.65,88.56,782987.62,96.44,2395.54,102523.92,12.92,P 2,54.31,1.61,14.63,19.44,0.48,1.47,2.33,1.12,4.61,28870.93,Baik (>80%)
2019,Jawa Timur,Kota Batu,116.32,42457.19,3918.26,9.23,35770,84.25,39688.26,93.48,3918.26,,9.23,P 2,78.1,0.6,11.2,8,0.3,0.5,0.6,0.6,0.1,2768.54,Baik (>80%)
2019,Banten,Kab. Pandeglang,487.74,178026.41,0,0,10950,6.15,10950,6.15,,,0,P 2,,,,,,,,,,167075.1,Sangat Kurang (<30%)
2019,Banten,Kab. Lebak,510.97,186504.05,20947.7,11.23,35405,18.98,56352.7,30.22,6253.1,,3.35,P 2,30,12,10,15,8,5,5,10,5,130151.35,Kurang (30-60%)
2019,Banten,Kab. Tangerang,2660.55,971101.08,207931.43,21.41,365000,37.59,572931.43,59,8009.2,,0.82,P 2,35.25,17.73,11.35,23.15,1.51,1.26,0.53,2.22,7,398169.32,Kurang (30-60%)
2019,Banten,Kota Tangerang,1583.67,578038.09,92930.72,16.08,484624.92,83.84,577555.64,99.92,36890.76,3919.92,7.06,P 2,61.38,2.24,8.94,10.97,1.68,2.32,2.09,1.78,8.6,483.91,Baik (>80%)
2019,Banten,Kota Cilegon,370.44,135211,306.6,0.23,95630,70.73,95936.6,70.95,306.6,,0.23,P 2,,,,,,,,,,39274,Cukup (60-80%)
2019,Banten,Kota Tangerang Selatan,1031.26,376411.56,215.35,0.06,15008.8,3.99,15224.15,4.04,,15008.8,3.99,P 2,11,75,4,8,,,,,2,361185.75,Sangat Kurang (<30%)
2019,Bali,Kab. Jembrana,163.72,59757.44,9725.59,16.28,11680,19.55,21405.59,35.82,9229.19,,15.44,P 2,11.22,30.88,11.1,22.1,2.1,7,7,2.7,5.9,38352.21,Kurang (30-60%)
2019,Bali,Kab. Badung,283.42,103447.64,15922.22,15.39,77161,74.59,93083.22,89.98,15173.8,,14.67,P 2,0.3,51.8,1.6,,,,,,46.3,10365.08,Baik (>80%)
2019,Bali,Kab. Gianyar,435.37,158910.05,18380.9,11.57,112055,70.51,130435.9,82.08,17610.75,,11.08,P 2,35.2,23.4,10.89,17.01,3.5,0.7,0.7,0.4,8.2,28474.15,Baik (>80%)
2019,Bali,Kab. Bangli,108.03,39430.37,7685.13,19.49,19662.18,49.87,27347.32,69.36,3951.44,631.09,11.62,P 2,12,70,2,4,1,1,0.5,0.5,9,12083.63,Cukup (60-80%)
2019,Bali,Kab. Karangasem,208.3,76029.5,29694.4,39.06,31769.6,41.79,61464,80.84,17050.22,0,22.43,P 2,,,,,,,,,,14565.5,Baik (>80%)
2019,Bali,Kab. Buleleng,335.17,122337.78,7130.55,5.83,52846.93,43.2,59977.48,49.03,4071.94,265.03,3.55,P 2,2.99,62.57,5.63,10.18,2.82,5.33,4.55,3.33,2.6,62359.57,Kurang (30-60%)
2019,Bali,Kota Denpasar,651.53,237808.16,19293.53,8.11,117709.13,49.5,137002.66,57.61,16.79,984.04,0.42,P 2,70,5,2,15,1,1,1,,5,100805.79,Kurang (30-60%)
2019,Nusa Tenggara Barat,Kab. Lombok Timur,480.24,175289.35,8699.88,4.96,38690,22.07,47389.88,27.04,470.18,,0.27,P 2,49.3,29.7,3.5,10.5,1.2,4,0.4,1.3,0.1,127897.72,Sangat Kurang (<30%)
2019,Nusa Tenggara Barat,Kab. Lombok Utara,72.12,26322.3,697.89,2.65,13501.35,51.29,14199.24,53.94,457.17,,1.74,P 2,,,,,,,,,,12124.56,Kurang (30-60%)
2019,Kalimantan Barat,Kab. Sambas,271.6,99133.09,3377.16,3.41,19753.8,19.93,23130.96,23.33,3344.67,,3.37,P 2,40,5.6,14.2,25,0.3,1,0.9,2,11,76003.04,Sangat Kurang (<30%)
2019,Kalimantan Barat,Kab. Mempawah,70.27,25650.2,31.08,0.12,7824.14,30.5,7855.22,30.62,1.08,,0,P 2,10,25,25,20,10,3,2,2,3,17793.33,Kurang (30-60%)
2019,Kalimantan Barat,Kab. Sanggau,235.11,85815.88,21.17,0.02,13692.97,15.96,13714.14,15.98,,,0,P 2,,,,,,,,,,72101.01,Sangat Kurang (<30%)
2019,Kalimantan Barat,Kab. Ketapang,254.86,93023.35,4122.97,4.43,11581.45,12.45,15704.42,16.88,3712.89,,3.99,P 2,28,6,9,42,2,3,2,1,7,77319.48,Sangat Kurang (<30%)
2019,Kalimantan Barat,Kab. Kapuas Hulu,131.6,48035.28,0,0,6570,13.68,6570,13.68,,,0,P 2,35.65,4.79,11.74,37.02,2.52,1.47,4.45,2.22,0.14,41464,Sangat Kurang (<30%)
2019,Kalimantan Barat,Kab. Bengkayang,101.84,37172.18,0,0,5781.6,15.55,5781.6,15.55,,,0,P 2,,,,,,,,,,31390,Sangat Kurang (<30%)
2019,Kalimantan Barat,Kota Pontianak,380.57,138907.1,7650.39,5.51,127949.68,92.11,135600.07,97.62,6680.1,199.68,4.95,P 2,83,1.5,7.2,6,2,,0.1,,0.2,3307.98,Baik (>80%)
2019,Kalimantan Tengah,Kab. Kotawaringin Barat,121.63,44395.97,5842.69,13.16,14819,33.38,20661.69,46.54,908.96,,2.05,P 2,47,5,10,15,2,2,2,1,16,23733.26,Kurang (30-60%)
2019,Kalimantan Tengah,Kab. Kotawaringin Timur,251.98,91971.2,1988.05,2.16,13140,14.29,15128.05,16.45,79.1,,0.09,P 2,45.05,5,7.26,20.26,1.82,4.04,1.18,4.33,11.06,76844.65,Sangat Kurang (<30%)
2019,Kalimantan Tengah,Kab. Kapuas,178.19,65039.72,2712.45,4.17,7300.23,11.22,10012.68,15.39,1731.33,3.88,2.67,P 2,39.4,20,12.3,13.5,0.16,1,,1,11.7,55026.67,Sangat Kurang (<30%)
2019,Kalimantan Tengah,Kab. Barito Utara,52.29,19084.1,3683.25,19.3,13355.35,69.98,17038.6,89.28,746.3,32.85,4.08,P 2,30,12,14,20,5,5,2,2,10,2047.25,Baik (>80%)
2019,Kalimantan Tengah,Kab. Katingan,44.19,16128.9,2684.34,16.64,2866.01,17.77,5550.35,34.41,2121.45,19.01,13.27,P 2,56.98,2.06,13.17,14.34,4.02,1.78,3.14,3.28,0.95,10579,Kurang (30-60%)
2019,Kalimantan Tengah,Kab. Sukamara,25.74,9393.93,552.12,5.88,5110,54.4,5662.12,60.27,68.67,,0.73,P 2,,,,,,,,,,3732.98,Cukup (60-80%)
2019,Kalimantan Tengah,Kab. Pulang Pisau,63.33,23114.9,0.1,0,0,0,0.1,0,,,0,P 2,23.51,26.74,13.31,25.13,3.19,2.41,0.83,1.79,3.09,23115.35,Sangat Kurang (<30%)
2019,Kalimantan Tengah,Kota Palangkaraya,140.24,51188.7,11235.95,21.95,38664.82,75.53,49900.76,97.48,9737.29,47.82,19.12,P 2,70.05,1.59,7.14,14.95,0.67,1.3,0.9,1.01,2.39,1286.84,Baik (>80%)
2019,Kalimantan Selatan,Kab. Tanah Laut,133.77,48827.22,21231.41,43.48,15130.35,30.99,36361.76,74.47,1908.31,530.35,4.99,P 2,10,20,3,40,5,1,1,1,19,12464.29,Cukup (60-80%)
2019,Kalimantan Selatan,Kab. Kotabaru,137.88,50327.66,6460.95,12.84,17520,34.81,23980.95,47.65,15.71,,0.03,P 2,60,3,13,14,2,3,2,3,,26345.25,Kurang (30-60%)
2019,Kalimantan Selatan,Kab. Barito Kuala,91.27,33315.16,6976.88,20.94,16352,49.08,23328.88,70.02,5267.63,1022,18.88,P 2,61.7,9.5,10.6,9.8,2.6,1.7,0.8,2,1.3,9984.67,Cukup (60-80%)
2019,Kalimantan Selatan,Kab. Tapin,75.3,27486.25,4489.09,16.33,14939.09,54.35,19428.17,70.68,4349.49,357.34,17.12,P 2,51.29,3.11,10.51,32.52,0.65,1.21,0.23,0.14,0.34,8056.33,Cukup (60-80%)
2019,Kalimantan Selatan,Kab. Hulu Sungai Selatan,93.06,33966.61,8673.04,25.53,15177.15,44.68,23850.18,70.22,1124.54,942.15,6.08,P 2,55.18,1.48,13.13,25.35,2.9,0.46,0.9,0.4,0.2,10116.72,Cukup (60-80%)
2019,Kalimantan Selatan,Kab. Hulu Sungai Tengah,107.87,39372.11,9574.78,24.32,18952.63,48.14,28527.41,72.46,8250.58,337.63,21.81,P 2,60.28,2.17,2.9,30.28,1.25,0.3,0.72,2,0.1,10845.14,Cukup (60-80%)
2019,Kalimantan Selatan,Kab. Hulu Sungai Utara,95.32,34793.55,7285.87,20.94,25965.9,74.63,33251.77,95.57,2932.54,1237.15,11.98,P 2,55.78,8.38,8.72,12.41,0.98,0.84,0.06,6.1,6.73,1540.03,Baik (>80%)
2019,Kalimantan Selatan,Kab. Tanah Bumbu,180.08,65730.48,6647.71,10.11,52195,79.41,58842.71,89.52,6647.71,,10.11,P 2,3.9,68.2,3.9,11.7,0.2,3.5,0.2,,8.4,6886.49,Baik (>80%)
2019,Kalimantan Selatan,Kab. Balangan,52.74,19248.64,494.32,2.57,13135.26,68.24,13629.58,70.81,494.32,3006.51,18.19,P 2,57.34,10.32,10.8,14.2,2.1,1.7,0.74,1.5,1.3,5620.52,Cukup (60-80%)
2019,Kalimantan Selatan,Kota Banjarmasin,496.02,181048.83,34637.55,19.13,144837.84,80,179475.4,99.13,5607.3,,3.1,P 2,59.4,0.1,12.4,15.1,0.5,0.2,0.2,5.7,6.4,1571.9,Baik (>80%)
2019,Kalimantan Selatan,Kota Banjarbaru,165.51,60412.23,11813.57,19.55,25768.91,42.66,37582.48,62.21,9314.49,218.91,15.78,P 2,51,15,11,13,1,4,2,2,1,22828.67,Cukup (60-80%)
2019,Kalimantan Timur,Kab. Paser,114.61,41831.34,4954.83,11.84,24217.75,57.89,29172.58,69.74,1322.42,,3.16,P 2,54.99,0.22,10.2,13.64,1.38,13.56,1.2,3.52,1.29,12660.07,Cukup (60-80%)
2019,Kalimantan Timur,Kab. Kutai Kartanegara,207.83,75858.97,5534.5,7.3,16961.55,22.36,22496.05,29.66,91.25,,0.12,P 2,73.92,0.98,10.43,7.86,2.04,1.57,0.55,1.75,0.9,53361.9,Sangat Kurang (<30%)
2019,Kalimantan Timur,Kab. Berau,161.76,59040.68,5112.11,8.66,16425,27.82,21537.11,36.48,0.01,,0,P 2,55.39,1.28,4.02,26.47,9.63,0.05,0.07,0.99,2.1,37505.29,Kurang (30-60%)
2019,Kalimantan Timur,Kab. Kutai Timur,211.93,77355.18,10645.85,13.76,31207.5,40.34,41853.35,54.11,199.9,12227.5,16.07,P 2,30,20,10,25,5,5,2,2,1,35501.1,Kurang (30-60%)
2019,Kalimantan Timur,Kab. Penajam Paser Utara,107.91,39386.69,4026.11,10.22,8555.6,21.72,12581.71,31.94,1580.25,438,5.12,P 2,5,20,40,19,15,0.7,0.2,0.1,,26805.44,Kurang (30-60%)
2019,Kalimantan Timur,Kota Balikpapan,458.62,167397.98,33910.6,20.26,237.25,0.14,34147.85,20.4,26471.12,237.25,15.96,P 2,42.3,6.36,10.26,7.2,3.87,2.94,0.98,6.56,19.53,133248.45,Sangat Kurang (<30%)
2019,Kalimantan Timur,Kota Samarinda,610.94,222992.22,33167.22,14.87,163081.23,73.13,196248.45,88.01,28944.59,922.68,13.39,P 2,53.39,7,17,19.9,0.65,0.62,0.06,0.92,0.46,26744.65,Baik (>80%)
2019,Kalimantan Timur,Kota Bontang,101.71,37122.72,6808.07,18.34,29075.9,78.32,35883.97,96.66,6443.66,73,17.55,P 2,45,4,27,20,2,0.01,0.02,1,0.97,1240.18,Baik (>80%)
2019,Kalimantan Utara,Kab. Nunukan,44.14,16110.07,3382.97,21,8378.42,52.01,11761.39,73.01,598.6,1337.57,12.02,P 2,46.4,8.2,23.4,21.3,0.2,0.2,0.1,0.1,0.1,4349.71,Cukup (60-80%)
2019,Kalimantan Utara,Kota Tarakan,154.3,56319.12,8696.02,15.44,44048.2,78.21,52744.22,93.65,2632.1,248.2,5.11,P 2,41,12,16,17,1,2,,,11,3575.28,Baik (>80%)
2019,Sulawesi Utara,Kab. Minahasa,171.06,62435.08,3591.6,5.75,24199.5,38.76,27791.1,44.51,,,0,P 2,,,,,,,,,,34645.8,Kurang (30-60%)
2019,Sulawesi Utara,Kab. Kepulauan Sangihe,52.45,19145.86,2127.95,11.11,10220,53.38,12347.95,64.49,,,0,P 2,15,35,6,19,5,4,4,7,5,6796.3,Cukup (60-80%)
2019,Sulawesi Utara,Kab. Kepulauan Talaud,64.74,23631.71,3353.99,14.19,3650,15.45,7003.99,29.64,,,0,P 2,60,3,3,20,1,2,2,1,8,16626.11,Sangat Kurang (<30%)
2019,Sulawesi Utara,Kab. Minahasa Selatan,95.38,34814.43,4770.46,13.7,8395,24.11,13165.46,37.82,199.44,,0.57,P 2,,,,,,,,,,21648.24,Kurang (30-60%)
2019,Sulawesi Utara,Kab. Minahasa Utara,101.81,37161.38,333.99,0.9,17826.6,47.97,18160.59,48.87,,,0,P 2,,,,,,,,,,19000.06,Kurang (30-60%)
2019,Sulawesi Utara,Kab. Minahasa Tenggara,43.86,16010.51,5908.36,36.9,7847.03,49.01,13755.38,85.91,620.49,17.78,3.99,P 2,40,17,10,16,4,3,2,2,6,2253.52,Baik (>80%)
2019,Sulawesi Utara,Kab. Kep. Siau Tagulandang Biaro,37.79,13794.08,0,0,2847,20.64,2847,20.64,,,0,P 2,,,,,,,,,,10946.35,Sangat Kurang (<30%)
2019,Sulawesi Utara,Kab. Bolaang Mongondow Selatan,33.04,12057.96,0,0,2920,24.22,2920,24.22,,,0,P 2,,,,,,,,,,9139.6,Sangat Kurang (<30%)
2019,Sulawesi Utara,Kota Bitung,153.3,55955.52,0,0,41975,75.01,41975,75.01,,,0,P 2,49.11,1.14,18.02,18.92,0.26,1.48,1.48,1.83,7.76,13979.5,Cukup (60-80%)
2019,Sulawesi Utara,Kota Tomohon,74.84,27317.29,3439.76,12.59,18980,69.48,22419.76,82.07,,,0,P 2,,,,,,,,,,4896.84,Baik (>80%)
2019,Sulawesi Utara,Kota Kotamobagu,61.83,22566.67,3298.35,14.62,16280.83,72.15,19579.17,86.76,1317.23,220.83,6.82,P 2,53.4,5.1,11.8,8.7,5.7,3.5,2.6,2.8,6.4,2988.78,Baik (>80%)
2019,Sulawesi Tengah,Kab. Banggai,185.48,67699.11,13472.86,19.9,46990.1,69.41,60462.97,89.31,3117.3,,4.6,P 2,,,,,,,,,,7237.23,Baik (>80%)
2019,Sulawesi Tengah,Kab. Poso,100.37,36633.3,1755.37,4.79,8227.1,22.46,9982.47,27.25,1010.86,,2.76,P 2,26.97,24.91,16.99,22.56,2.8,1.75,1.66,1.65,0.71,26652.58,Sangat Kurang (<30%)
2019,Sulawesi Tengah,Kab. Donggala,120.64,44032.29,1422.09,3.23,3050.67,6.93,4472.76,10.16,870.93,13.87,2.01,P 2,35,10,20,13,6,3,3,3,7,39560.84,Sangat Kurang (<30%)
2019,Sulawesi Tengah,Kab. Parigi Moutong,215.61,78696.74,1010.43,1.28,5303.45,6.74,6313.88,8.02,502.46,3.65,0.64,P 2,32.84,8.21,37.99,4.19,,,,,16.77,72383.77,Sangat Kurang (<30%)
2019,Sulawesi Selatan,Kab. Kepulauan Selayar,67.81,24751.38,9596.06,38.77,6022.5,24.33,15618.56,63.1,9265.31,,37.43,P 2,43,10,18,15,4,4,2,2,2,9132.09,Cukup (60-80%)
2019,Sulawesi Selatan,Kab. Bulukumba,168.6,61538.12,1341.96,2.18,43362,70.46,44703.96,72.64,1341.96,,2.18,P 2,,,,,,,,,,16835.04,Cukup (60-80%)
2019,Sulawesi Selatan,Kab. Bantaeng,74.64,27245.35,4784.41,17.56,9289.57,34.1,14073.98,51.66,4675.98,237.57,18.03,P 2,30.1,27.5,11,14,1.2,3,2,1.1,10,13169.62,Kurang (30-60%)
2019,Sulawesi Selatan,Kab. Sinjai,106.37,38825.34,3069.75,7.91,28178,72.58,31247.75,80.48,0,,0,P 2,35.2,14,29,14.6,1,0.7,2.1,1.2,2.2,7577.3,Baik (>80%)
2019,Sulawesi Selatan,Kab. Bone,376.2,137311.91,10274.66,7.48,30660,22.33,40934.66,29.81,3597.71,,2.62,P 2,73.4,0.5,10.5,8.6,3.1,0.4,1.3,1.9,0.3,96378.34,Sangat Kurang (<30%)
2019,Sulawesi Selatan,Kab. Maros,141.25,51555.67,10101.55,19.59,28835,55.93,38936.55,75.52,1151.03,,2.23,P 2,73.98,5.04,8.86,10.18,0.98,,,,0.96,12619.7,Cukup (60-80%)
2019,Sulawesi Selatan,Kab. Pangkajene dan Kepulauan,140.08,51130.37,0,0,0,0,,,,,,,,,,,,,,,,,Sangat Kurang (<30%)
2019,Sulawesi Selatan,Kab. Barru,72.95,26626.46,8504.83,31.94,11643.9,43.73,20148.73,75.67,8503.55,62.45,32.17,P 2,50,16,8,15,3,2,1,1,4,6478.02,Cukup (60-80%)
2019,Sulawesi Selatan,Kab. Wajo,158.72,57934.26,827.42,1.43,51.32,0.09,878.74,1.52,0,51.32,0.09,P 2,41.7,17.7,6.3,18.5,2.3,3.1,2.2,2.2,6,57054.06,Sangat Kurang (<30%)
2019,Sulawesi Selatan,Kab. Sidenreng Rappang,120.79,44087.91,8068.98,18.3,19329.01,43.84,27398,62.14,8047.34,553.41,19.51,P 2,56,9.6,6.2,6.6,4.5,3.6,4.2,4.4,4.9,16690.35,Cukup (60-80%)
2019,Sulawesi Selatan,Kab. Enrekang,117.4,42850.45,3545.84,8.27,14600,34.07,18145.84,42.35,1043.54,2920,9.25,P 2,45,11,9,16,6,3,1,6,3,24705.16,Kurang (30-60%)
2019,Sulawesi Selatan,Kab. Luwu Utara,131.2,47887.12,844.19,1.76,5861.9,12.24,6706.09,14,844.19,,1.76,P 2,38,41.81,4.3,6.97,0.44,0.51,0.18,1,6.79,41181.91,Sangat Kurang (<30%)
2019,Sulawesi Selatan,Kab. Luwu Timur,117.53,42898.01,3181.3,7.42,23360,54.45,26541.3,61.87,2719.1,,6.34,P 2,40,10,25,15,3,1,2,2,2,16357.15,Cukup (60-80%)
2019,Sulawesi Selatan,Kota Parepare,73.29,26751.58,2814.14,10.52,19892.5,74.36,22706.64,84.88,,,0,P 2,54.7,9.25,14.4,12.2,2.45,1.7,1.5,2.2,1.6,4044.21,Baik (>80%)
2019,Sulawesi Selatan,Kota Palopo,103.77,37876.96,4946.82,13.06,22115.35,58.39,27062.17,71.45,330.28,215.35,1.44,P 2,30,30,20,10,10,,,,,10813.88,Cukup (60-80%)
2019,Sulawesi Tenggara,Kab. Kolaka,154.1,56245.11,2247.07,4,12986.15,23.09,15233.23,27.08,2229.31,65.15,4.08,P 2,65,4,10,10,5,1,1,2,2,41013.27,Sangat Kurang (<30%)
2019,Sulawesi Tenggara,Kab. Buton,40.46,14768.05,0,0,4559,30.87,4559,30.87,,,0,P 2,,,,,,,,,,10208.9,Kurang (30-60%)
2019,Sulawesi Tenggara,Kab. Bombana,56.02,20446.57,1943.22,9.5,3504,17.14,5447.22,26.64,349.79,,1.71,P 2,15,54,6,15,2,2,2,1,3,15000.08,Sangat Kurang (<30%)
2019,Gorontalo,Kab. Gorontalo,146.56,53495.57,915.07,1.71,6057.18,11.32,6972.24,13.03,875.58,118.63,1.86,P 2,65,13,14,1,1,1,1,1,3,46522.16,Sangat Kurang (<30%)
2019,Gorontalo,Kab. Pohuwato,58.19,21238.47,1.38,0.01,5390.42,25.38,5391.8,25.39,1.38,1897.73,8.94,P 2,41,15.1,12.1,22.4,1.7,,,2.5,5.2,15847.55,Sangat Kurang (<30%)
2019,Gorontalo,Kota Gorontalo,139.84,51040.47,2383.15,4.67,25550,50.06,27933.15,54.73,1966,,3.85,P 2,21,15,10,35,10,5,2,2,,23108.45,Kurang (30-60%)
2019,Sulawesi Barat,Kab. Pasangkayu,69.59,25399.33,20.4,0.08,876,3.45,896.4,3.53,20.4,876,3.53,P 2,,,,,,,,,,24503.95,Sangat Kurang (<30%)
2019,Sulawesi Barat,Kab. Polewali Mandar,177.03,64616.1,6789.96,10.51,21381.85,33.09,28171.8,43.6,2471.74,1306.85,5.85,P 2,65.06,12.35,8.05,6.5,5.55,0.45,0.35,0.27,1.42,36444.15,Kurang (30-60%)
2019,Maluku,Kab. Maluku Tenggara,49.8,18175.36,1679.41,9.24,13411.93,73.79,15091.34,83.03,91.25,636.93,4.01,P 2,35,45,7,7,0.5,2,1.5,1,1,3085.66,Baik (>80%)
2019,Maluku,Kab. Buru Selatan,30.63,11179.95,0,0,6745.2,60.33,6745.2,60.33,,,0,P 2,22,12,20,31,3,3,2,2,5,4434.75,Cukup (60-80%)
2019,Maluku,Kota Ambon,268.89,98145.73,13310.89,13.56,66430,67.69,79740.89,81.25,883.79,,0.9,P 2,38,6.8,11.6,14.6,10.1,5,3,7.1,3.8,18403.96,Baik (>80%)
2019,Maluku Utara,Kab. Halmahera Utara,137.44,50166.15,0,0,12775,25.47,12775,25.47,,,0,P 2,,,,,,,,,,37390.6,Sangat Kurang (<30%)
2019,Maluku Utara,Kota Ternate,72.29,26384.69,883,3.35,20719.23,78.53,21602.22,81.87,883,414.28,4.92,P 2,54,5.7,10.6,13.6,6.3,1.6,1,3.7,3.5,4783.63,Baik (>80%)
2019,Maluku Utara,Kota Tidore Kepulauan,45.39,16568.81,2446.12,14.76,9165.36,55.32,11611.48,70.08,2334.89,149.86,15,P 2,34,25,12,11.8,2.3,0.8,1.5,5.8,6.8,4955.87,Cukup (60-80%)
2019,Papua,Kab. Biak Numfor,58.17,21232.05,3860.53,18.18,16986.66,80,20847.19,98.19,3123.72,,14.71,P 2,5.69,33.75,27.83,14.79,13.19,0.02,0.21,4.52,0,384.86,Baik (>80%)
2019,Papua,Kota Jayapura,252.63,92211.7,7804.73,8.46,67525,73.23,75329.73,81.69,4379.55,,4.75,P 2,66.39,10.58,4.79,6.6,4.34,2.05,1.08,0.46,3.71,16880.22,Baik (>80%)
2019,Papua Selatan,Kab. Asmat,39,14233.54,109.5,0.77,2007.5,14.1,2117,14.87,,,0,P 2,15,10,30,20,5,5,5,5,5,12118,Sangat Kurang (<30%)
2019,Papua Barat Daya,Kab. Raja Ampat,33.13,12090.99,34.38,0.28,547.5,4.53,581.88,4.81,30.66,547.5,4.78,P 2,0,0,0,0,0,,,0,,11510.57,Sangat Kurang (<30%)
2018,Papua Barat,Kab. Manokwari,150.22,54830.04,0,0,21608,39.41,21608,39.41,,,0,P 2,44,,11,26,,,,,19,33222.3,Kurang (30-60%)
